"","AAPL.Open","AAPL.High","AAPL.Low","AAPL.Close","AAPL.Volume","AAPL.Adjusted"
"1",3.0817859172821,3.09214305877686,2.92499995231628,2.99285697937012,1238319600,2.53031921386719
"2",3.00178599357605,3.06964302062988,2.99357104301453,3.05928611755371,847260400,2.58648133277893
"3",3.06321406364441,3.0785710811615,3.01428604125977,3.03749990463257,834741600,2.5680627822876
"4",3.0699999332428,3.09035706520081,3.04571390151978,3.05250000953674,797106800,2.58074426651001
"5",3.08750009536743,3.32071399688721,3.04107093811035,3.30607104301453,3349298400,2.79512643814087
"6",3.38392901420593,3.49285697937012,3.33750009536743,3.46428608894348,2952880000,2.92888998985291
"7",3.42642903327942,3.45642900466919,3.39642906188965,3.4214289188385,1440252800,2.89265608787537
"8",3.37821388244629,3.39499998092651,3.32964301109314,3.37928605079651,1312690400,2.85702681541443
"9",3.41714310646057,3.47321391105652,3.40892910957336,3.46785688400269,1244076400,2.93190932273865
"10",3.48428606987,3.48571395874023,3.38642907142639,3.3910710811615,1646260000,2.8669912815094
"11",3.28928589820862,3.28964304924011,3.18035697937012,3.18107104301453,2364605600,2.68944573402405
"12",3.16535711288452,3.20178604125977,3.14714288711548,3.16071391105652,1364473600,2.67223429679871
"13",3.18357110023499,3.18428611755371,3.05892896652222,3.09964299201965,1454026000,2.62060165405273
"14",3.06178593635559,3.12535691261292,3.05392909049988,3.06071400642395,1207424400,2.58768892288208
"15",3.09571409225464,3.11249995231628,3.07428598403931,3.09642910957336,927813600,2.61788415908813
"16",3.11107110977173,3.16071391105652,3.07249999046326,3.08035707473755,905973600,2.60429668426514
"17",3.11107110977173,3.12035703659058,3.0353569984436,3.04928588867188,986874000,2.57802677154541
"18",3.0821430683136,3.09464311599731,3.05464291572571,3.06928610801697,901664400,2.59493589401245
"19",3.08678603172302,3.08892893791199,3.04464292526245,3.05535697937012,577970400,2.58315992355347
"20",3.03071403503418,3.07142901420593,3.01250004768372,3.06178593635559,856069200,2.58859515190125
"21",3.07964301109314,3.08107089996338,3.02642893791199,3.02642893791199,664342000,2.55870318412781
"22",3.00428605079651,3.04464292526245,2.98928594589233,3.02678608894348,621530000,2.55900406837463
"23",3.01071405410767,3.04392910003662,2.99785709381104,2.99785709381104,578852400,2.53454685211182
"24",3.0160710811615,3.01678609848022,2.95928597450256,3.00535702705383,864393600,2.54088759422302
"25",3.01714301109314,3.08500003814697,2.9839289188385,3.07678604125977,1066825200,2.60127687454224
"26",3.05107092857361,3.0896430015564,3.05035710334778,3.07785701751709,679030800,2.6021831035614
"27",3.06714296340942,3.0785710811615,2.97178602218628,2.97392892837524,860540800,2.51431584358215
"28",3.01535701751709,3.04214310646057,2.98678588867188,3.03142905235291,724071600,2.56292986869812
"29",3.04142904281616,3.04607105255127,3.01071405410767,3.02500009536743,580986000,2.55749440193176
"30",3.02250003814697,3.05857110023499,3.02035689353943,3.0464289188385,507981600,2.57561182975769
"31",3.05142903327942,3.05785703659058,3.02785706520081,3.0432140827179,363661200,2.57289385795593
"32",3.04464292526245,3.05035710334778,3.0235710144043,3.02964305877686,399868000,2.56142020225525
"33",3.02321410179138,3.07714295387268,3.00571393966675,3.06785702705383,617702400,2.5937283039093
"34",3.07071399688721,3.19607090950012,3.0699999332428,3.18571400642395,1155313600,2.69336986541748
"35",3.24285697937012,3.24321389198303,3.16178607940674,3.19678592681885,838224800,2.70273160934448
"36",3.18428611755371,3.2264289855957,3.17321395874023,3.18107104301453,517893600,2.68944573402405
"37",3.20857095718384,3.21428608894348,3.12892889976501,3.16107106208801,615848800,2.67253637313843
"38",3.0821430683136,3.10999989509583,2.97892904281616,2.99749994277954,1145813200,2.53424501419067
"39",2.96428608894348,3.05714297294617,2.96428608894348,3.02178597450256,919475200,2.5547776222229
"40",3.00107097625732,3.15392899513245,2.99107098579407,3.10928606987,1415528800,2.62875485420227
"41",3.09892892837524,3.12642908096313,3.0432140827179,3.05035710334778,860000400,2.57893323898315
"42",3.06750011444092,3.16607093811035,3.06285691261292,3.08285689353943,838899600,2.60641002655029
"43",3.13571405410767,3.15392899513245,3.12142896652222,3.14964294433594,723186800,2.66287398338318
"44",3.1446430683136,3.17750000953674,3.12321400642395,3.13285708427429,626284400,2.64868259429932
"45",3.1639289855957,3.16857099533081,3.12357091903687,3.14285707473755,511011200,2.65713691711426
"46",3.1714289188385,3.17321395874023,3.12142896652222,3.14178609848022,451836000,2.65623068809509
"47",3.14535689353943,3.21392893791199,3.14249992370605,3.20964288711548,729408400,2.71360087394714
"48",3.19321393966675,3.23571395874023,3.15714311599731,3.15714311599731,867890800,2.66921544075012
"49",3.16428589820862,3.21428608894348,3.14000010490417,3.21428608894348,796586000,2.71752738952637
"50",3.21285700798035,3.22714304924011,3.18964290618896,3.19892907142639,559498800,2.7045431137085
"51",3.19785690307617,3.21392893791199,3.19000005722046,3.19964289665222,571704000,2.70514702796936
"52",3.2228569984436,3.2696430683136,3.19964289665222,3.25464296340942,712961200,2.75164723396301
"53",3.26250004768372,3.27999997138977,3.25214290618896,3.26714301109314,488916400,2.76221513748169
"54",3.2853569984436,3.35714292526245,3.27321410179138,3.35249996185303,686896000,2.83437967300415
"55",3.34750008583069,3.36999988555908,3.32142901420593,3.3557140827179,561492400,2.83709788322449
"56",3.33392906188965,3.35964298248291,3.3321430683136,3.33999991416931,450884000,2.82381153106689
"57",3.35678601264954,3.42499995231628,3.3321430683136,3.42321395874023,864987200,2.89416551589966
"58",3.4182140827179,3.45821404457092,3.39285707473755,3.40928602218628,932052800,2.88239049911499
"59",3.38857102394104,3.40714311599731,3.32678604125977,3.32999992370605,942337200,2.81535816192627
"60",3.36392903327942,3.36392903327942,3.29392910003662,3.34821391105652,725723600,2.83075642585754
"61",3.36714291572571,3.38142895698547,3.3125,3.31821393966675,600558000,2.80539321899414
"62",3.36214303970337,3.36607098579407,3.32214307785034,3.34464311599731,501992400,2.82773756980896
"63",3.36214303970337,3.40107107162476,3.34857106208801,3.375,583934400,2.85340237617493
"64",3.39071393013,3.39785695075989,3.36178588867188,3.36678600311279,476784000,2.84645819664001
"65",3.36142897605896,3.38142895698547,3.33999991416931,3.38142895698547,355516000,2.85883808135986
"66",3.40035700798035,3.40357089042664,3.32285690307617,3.34464311599731,413341600,2.82773756980896
"67",3.34535694122314,3.36642909049988,3.3360710144043,3.36607098579407,352466800,2.84585309028625
"68",3.35357093811035,3.3553569316864,3.29749989509583,3.30678606033325,549018400,2.79573154449463
"69",3.28714299201965,3.29678606987,3.24000000953674,3.29250001907349,656675600,2.78365325927734
"70",3.24642896652222,3.26428604125977,3.21642899513245,3.2228569984436,719941600,2.72477316856384
"71",3.23464298248291,3.26785707473755,3.22321391105652,3.26535701751709,609033600,2.76070547103882
"72",3.28571391105652,3.2964289188385,3.2035710811615,3.22678589820862,751920400,2.72809505462646
"73",3.22000002861023,3.24464297294617,3.20000004768372,3.22857093811035,464044000,2.72960424423218
"74",3.22107100486755,3.25892901420593,3.20821404457092,3.22392892837524,425913600,2.72567987442017
"75",3.24607110023499,3.25642895698547,3.2339289188385,3.24892902374268,522779600,2.74681615829468
"76",3.27107095718384,3.34999990463257,3.26500010490417,3.3396430015564,780290000,2.82351016998291
"77",3.3557140827179,3.44250011444092,3.26071405410767,3.32999992370605,1055252800,2.81535816192627
"78",3.36535692214966,3.40714311599731,3.34999990463257,3.40535688400269,1187144000,2.87906908988953
"79",3.62785696983337,3.66071391105652,3.51071405410767,3.52999997138977,1737778000,2.98444843292236
"80",3.50642895698547,3.56964302062988,3.48892903327942,3.56857109069824,699403600,3.01705861091614
"81",3.57464289665222,3.60714292526245,3.55964303016663,3.56428599357605,616509600,3.01343488693237
"82",3.55678606033325,3.58392906188965,3.5196430683136,3.55250000953674,532523600,3.00347065925598
"83",3.55892896652222,3.59071397781372,3.55250000953674,3.58535695075989,505145200,3.03125023841858
"84",3.59750008583069,3.62321400642395,3.57178592681885,3.58571410179138,576077600,3.03155207633972
"85",3.59999990463257,3.62857103347778,3.58928608894348,3.60035705566406,381987200,3.04393196105957
"86",3.60999989509583,3.72678589820862,3.60750007629395,3.71142911911011,861557200,3.13783860206604
"87",3.69535708427429,3.75535702705383,3.69357109069824,3.75214290618896,783997200,3.17225956916809
"88",3.74678611755371,3.8199999332428,3.74607110023499,3.81714296340942,717757600,3.22721457481384
"89",3.80821394920349,3.88714289665222,3.78285694122314,3.83357095718384,1197257600,3.24110341072083
"90",3.8478569984436,3.89750003814697,3.81357097625732,3.88357090950012,653696400,3.28337526321411
"91",3.91499996185303,3.92857098579407,3.86607098579407,3.90571403503418,651946400,3.30209612846375
"92",3.91321396827698,3.93571400642395,3.80285692214966,3.83999991416931,954514400,3.24653911590576
"93",3.87607097625732,3.88678598403931,3.69357109069824,3.83357095718384,1126767600,3.24110341072083
"94",3.82678604125977,3.92392897605896,3.82678604125977,3.90857100486755,735291200,3.3045129776001
"95",3.93678593635559,3.95142889022827,3.92035698890686,3.92928600311279,621345200,3.32202577590942
"96",3.93964290618896,4.01607084274292,3.93035697937012,3.99928593635559,639892400,3.38120794296265
"97",4.01749992370605,4.0625,4.00035715103149,4.05499982833862,572409600,3.42831110954285
"98",4.07214307785034,4.10714292526245,4.02107095718384,4.03178596496582,911374800,3.40868425369263
"99",4.02892923355103,4.08785676956177,3.94178605079651,3.95321393013,887362000,3.34225559234619
"100",4,4.06357097625732,3.98214292526245,4.05785703659058,632959600,3.43072652816772
"101",4.08750009536743,4.10214281082153,4.02464294433594,4.08392906188965,645694000,3.45276927947998
"102",4.08214282989502,4.24571418762207,4.05464315414429,4.24178600311279,1478444800,3.58622884750366
"103",4.28821420669556,4.36321401596069,4.26928615570068,4.32821416854858,1297066400,3.65930032730103
"104",4.32499980926514,4.32821416854858,4.22464323043823,4.22857093811035,885262000,3.57505631446838
"105",4.23678588867188,4.34749984741211,4.2107138633728,4.33321380615234,886673200,3.66352963447571
"106",4.3360710144043,4.38178586959839,4.30357122421265,4.38107109069824,920785600,3.70398855209351
"107",4.36785697937012,4.43035697937012,4.35535717010498,4.41571378707886,1112241200,3.73327612876892
"108",4.46392917633057,4.55749988555908,4.39964294433594,4.43107080459595,1915079600,3.74626088142395
"109",4.49357080459595,4.49392890930176,4.36749982833862,4.4460711479187,1241682400,3.75894355773926
"110",4.5,4.50535678863525,4.26928615570068,4.29250001907349,1874258400,3.62910580635071
"111",4.26249980926514,4.34678602218628,4.22535705566406,4.29928588867188,1426566400,3.63484311103821
"112",4.32678604125977,4.32821416854858,4.12142896652222,4.19642877578735,1721353200,3.54788184165955
"113",4.18571376800537,4.26607084274292,4.15785694122314,4.24107122421265,973266000,3.58562517166138
"114",4.30785703659058,4.30964279174805,4.28071403503418,4.30357122421265,811218800,3.6384642124176
"115",4.40285682678223,4.47071409225464,4.37642908096313,4.46750020980835,910604800,3.7770619392395
"116",4.45321416854858,4.4646430015564,4.38964319229126,4.41642904281616,943026000,3.73388290405273
"117",4.42392921447754,4.45214319229126,4.3392858505249,4.34107112884521,897512000,3.67017102241516
"118",4.34642887115479,4.43892908096313,4.31142902374268,4.42500019073486,867045200,3.74112772941589
"119",4.42321395874023,4.44464302062988,4.37071418762207,4.39285707473755,631876000,3.71395301818848
"120",4.43535709381104,4.46750020980835,4.32357120513916,4.36928606033325,965403600,3.69402480125427
"121",4.42785692214966,4.42857122421265,4.23999977111816,4.2732138633728,1345005200,3.61279940605164
"122",4.30749988555908,4.35857105255127,4.25928592681885,4.35321378707886,974696800,3.68043565750122
"123",4.36999988555908,4.37464284896851,4.2857141494751,4.30571413040161,838143600,3.64027786254883
"124",4.35607099533081,4.42857122421265,4.3246431350708,4.35857105255127,1137841600,3.68496584892273
"125",4.32321405410767,4.36035680770874,4.26071405410767,4.33071422576904,994862400,3.66141438484192
"126",4.35714292526245,4.55000019073486,4.3392858505249,4.54178619384766,1162481600,3.8398654460907
"127",4.59999990463257,4.74892902374268,4.59607076644897,4.74107122421265,1453051600,4.00835227966309
"128",4.75464296340942,4.7621431350708,4.65714311599731,4.72499990463257,874694800,3.99476361274719
"129",4.72785711288452,4.74642896652222,4.61357116699219,4.65464305877686,995820000,3.9352810382843
"130",4.60285711288452,4.80357122421265,4.60035705566406,4.7267861366272,1255007600,3.99627494812012
"131",4.71678590774536,4.77500009536743,4.68964290618896,4.72821378707886,821772000,3.99748253822327
"132",4.78035688400269,4.79428577423096,4.72821378707886,4.78821420669556,704608800,4.04820919036865
"133",4.82250022888184,4.92321395874023,4.80428600311279,4.91892910003662,907606000,4.15872097015381
"134",4.94250011444092,4.99928617477417,4.9107141494751,4.93214321136475,936112800,4.1698956489563
"135",4.93928623199463,4.98571395874023,4.9107141494751,4.9610710144043,709959600,4.19435262680054
"136",4.93535709381104,4.94428586959839,4.85857105255127,4.93285703659058,756856800,4.17049598693848
"137",5.01071405410767,5.02892923355103,4.98750019073486,5,732891600,4.22726392745972
"138",5.05892896652222,5.14928579330444,5,5.13392877578735,1167773600,4.34049415588379
"139",5.11821413040161,5.18642902374268,5.03321409225464,5.13214302062988,1036490000,4.33898496627808
"140",4.96000003814697,5.0357141494751,4.79107093811035,4.81750011444092,1795292800,4.07296752929688
"141",4.90535688400269,4.94142913818359,4.82142877578735,4.9021430015564,1496182800,4.14453125
"142",5.2110710144043,5.30357122421265,4.89142894744873,5.2142858505249,2186629200,4.40843057632446
"143",5.22107076644897,5.31857109069824,5.13500022888184,5.13749980926514,1161098400,4.34351253509521
"144",5.15464305877686,5.19464302062988,4.98464298248291,5.05107116699219,1106988400,4.27044296264648
"145",5.10607099533081,5.12428617477417,4.69714307785034,4.70571422576904,1762392800,3.97846102714539
"146",4.77285718917847,4.83500003814697,4.56321382522583,4.82142877578735,1750156800,4.07629060745239
"147",4.88035678863525,4.89142894744873,4.79107093811035,4.87464284896851,852644800,4.12128019332886
"148",4.83071422576904,4.85535717010498,4.69642877578735,4.70892906188965,679187600,3.98117566108704
"149",4.74642896652222,4.83107089996338,4.58214282989502,4.83035707473755,925170400,4.08383893966675
"150",4.81928586959839,4.90142917633057,4.73678588867188,4.82250022888184,949936400,4.07719564437866
"151",4.88428592681885,4.88785696029663,4.7142858505249,4.78607082366943,808096800,4.04639625549316
"152",4.68249988555908,4.75,4.46750020980835,4.51392889022827,1125395600,3.81631350517273
"153",4.39714288711548,4.5625,4.29642915725708,4.4642858505249,1410749200,3.77434253692627
"154",4.58285713195801,4.61964321136475,4.51785707473755,4.56392908096313,752911600,3.85858607292175
"155",4.58178615570068,4.58214282989502,4.41821384429932,4.42964315414429,739006800,3.74505352973938
"156",4.3835711479187,4.45928621292114,4.2732138633728,4.28214311599731,992852000,3.6203498840332
"157",4.1789288520813,4.23214292526245,3.98642897605896,4.18035697937012,1866690000,3.53429460525513
"158",4.35750007629395,4.4107141494751,4.27928590774536,4.35928583145142,1195062400,3.68557047843933
"159",4.42714309692383,4.44642877578735,4.30357122421265,4.36499977111816,803317200,3.69040131568909
"160",4.36464309692383,4.60571384429932,4.32142877578735,4.55607080459595,1303047200,3.85194277763367
"161",4.68642902374268,4.74107122421265,4.65464305877686,4.73250007629395,1061765600,4.00110626220703
"162",4.75321388244629,4.7621431350708,4.63428592681885,4.68107080459595,866838000,3.95762467384338
"163",4.66178607940674,4.83464288711548,4.63607120513916,4.83214282989502,911834000,4.08534717559814
"164",4.76392889022827,4.80928611755371,4.71785688400269,4.7232141494751,707439600,3.99325466156006
"165",4.67821407318115,4.72892904281616,4.52250003814697,4.52928590774536,1179365600,3.82929706573486
"166",4.63857078552246,4.79214286804199,4.62642908096313,4.78857088088989,1166860800,4.04851007461548
"167",4.73821401596069,4.9375,4.72499990463257,4.86607122421265,1435582400,4.11403322219849
"168",4.98178577423096,4.98750019073486,4.90749979019165,4.94571399688721,876887200,4.18136644363403
"169",4.99785709381104,5.20464277267456,4.99428606033325,5.1485710144043,1316842800,4.35287475585938
"170",5.17749977111816,5.20857095718384,4.86071395874023,4.88428592681885,2328222400,4.12943363189697
"171",4.84142923355103,4.91321420669556,4.73964309692383,4.82178592681885,1901261600,4.07659196853638
"172",4.7146430015564,4.72499990463257,4.64285707473755,4.70607089996338,1430576000,3.97875952720642
"173",4.89249992370605,4.92999982833862,4.78392887115479,4.88250017166138,1487838800,4.12792348861694
"174",4.92500019073486,4.93928623199463,4.7767858505249,4.83892917633057,971885600,4.09108543395996
"175",4.85678577423096,4.97857093811035,4.8482141494751,4.88749980926514,1022770000,4.13215017318726
"176",4.95821380615234,4.9642858505249,4.88035678863525,4.90000009536743,656163200,4.14271879196167
"177",4.87750005722046,4.96357107162476,4.86428594589233,4.95749998092651,607320000,4.191330909729
"178",4.96392917633057,5.02107095718384,4.9142861366272,4.94321393966675,793371600,4.17925405502319
"179",4.96642923355103,5.1017861366272,4.9225001335144,5.03285694122314,1064089600,4.25504302978516
"180",5.10785722732544,5.1128568649292,4.97857093811035,5.02750015258789,1026880400,4.2505145072937
"181",5.00535678863525,5.06392908096313,4.97571420669556,5.01107120513916,691840800,4.23662328720093
"182",5.04071378707886,5.16607093811035,5.01107120513916,5.1482138633728,1138880400,4.3525710105896
"183",5.24035692214966,5.3517861366272,5.23750019073486,5.29571390151978,1052161600,4.47727584838867
"184",5.24428606033325,5.47214317321777,5.24357080459595,5.47071409225464,1192550800,4.62523078918457
"185",5.51678609848022,5.5357141494751,5.4017858505249,5.45607089996338,975268000,4.61285066604614
"186",5.49178600311279,5.51857089996338,5.44000005722046,5.51785707473755,658198800,4.66508722305298
"187",5.48000001907349,5.52142906188965,5.45535707473755,5.48107099533081,615101200,4.63398694992065
"188",5.52250003814697,5.62178611755371,5.46178579330444,5.58357095718384,837068400,4.72064447402954
"189",5.59107112884521,5.6639289855957,5.56750011444092,5.65892887115479,792069600,4.78435754776001
"190",5.63500022888184,5.68499994277954,5.60750007629395,5.6399998664856,692518400,4.76835441589355
"191",5.64285707473755,5.64571380615234,5.48214292526245,5.57999992370605,656958400,4.71762704849243
"192",5.65607118606567,5.77071380615234,5.63214302062988,5.76607084274292,943471200,4.87494039535522
"193",5.83892917633057,5.99678611755371,5.82035684585571,5.99678611755371,835928800,5.06999778747559
"194",6.07857084274292,6.11107110977173,5.95285701751709,5.99499988555908,1104286400,5.06849002838135
"195",5.98392915725708,5.99571418762207,5.9142861366272,5.95678615570068,667590000,5.03618049621582
"196",6.05321407318115,6.13857078552246,5.47178602218628,5.79392910003662,1643992000,4.89849042892456
"197",5.82178592681885,5.97428607940674,5.77857112884521,5.9732141494751,988176000,5.05006885528564
"198",5.99928617477417,6.05607080459595,5.8392858505249,5.96357107162476,1077930000,5.04191875457764
"199",5.91214323043823,6.07785701751709,5.8982138633728,6.05642890930176,1067830400,5.12042331695557
"200",6.16750001907349,6.17999982833862,6.04214286804199,6.16964292526245,1127613200,5.21614074707031
"201",6.125,6.22107076644897,6.10892915725708,6.19642877578735,823676000,5.23878717422485
"202",6.2228569984436,6.23678588867188,6.07142877578735,6.08642911911011,1291780000,5.14578866958618
"203",6.08392906188965,6.24642896652222,6.07000017166138,6.22714281082153,1649499600,5.26475620269775
"204",6.73428583145142,6.73571395874023,6.5271430015564,6.6485710144043,1795164000,5.62105321884155
"205",6.63607120513916,6.68607091903687,6.40142917633057,6.64035701751709,1288481600,5.61410856246948
"206",6.60249996185303,6.63928604125977,6.4878568649292,6.52785682678223,973602000,5.51899433135986
"207",6.61749982833862,6.62035703659058,6.53142881393433,6.59642887115479,706876800,5.5769681930542
"208",6.62321376800537,6.6639289855957,6.59642887115479,6.61035680770874,540554000,5.58874416351318
"209",6.64928579330444,6.76321411132812,6.59749984741211,6.67857122421265,939414000,5.64641427993774
"210",6.70107078552246,6.78999996185303,6.60535717010498,6.78392887115479,833310800,5.73549127578735
"211",6.73571395874023,6.7892861366272,6.42857122421265,6.69428586959839,805036400,5.65970182418823
"212",6.75750017166138,6.76571416854858,6.55321407318115,6.70964288711548,1002114400,5.67268562316895
"213",6.61749982833862,6.74857091903687,6.57999992370605,6.64928579330444,804176800,5.62165641784668
"214",6.68035697937012,6.85714292526245,6.61678600311279,6.84964323043823,954727200,5.79104948043823
"215",6.80749988555908,6.88142919540405,6.64750003814697,6.65357112884521,994327600,5.62527990341187
"216",6.66678619384766,6.67500019073486,5.99178600311279,6.26678609848022,1890378000,5.29827213287354
"217",6.11250019073486,6.25428581237793,5.90035676956177,5.90607118606567,1526380800,4.9933032989502
"218",5.90285682678223,5.98928594589233,5.37964296340942,5.4914288520813,1769065200,4.64274311065674
"219",5.74464321136475,6.10642910003662,5.4914288520813,6.07000017166138,1739446800,5.13190078735352
"220",6.32714319229126,6.34178590774536,5.8478569984436,5.93249988555908,1449168000,5.01565027236938
"221",5.94250011444092,6.05678606033325,5.72499990463257,5.86785697937012,1487410400,4.96099472045898
"222",5.90357112884521,5.96500015258789,5.69035720825195,5.94250011444092,1383494000,5.02410411834717
"223",5.93214321136475,6.00714302062988,5.7892861366272,5.85535717010498,1154428800,4.9504280090332
"224",5.91678619384766,6.13535690307617,5.84035682678223,6.03035688400269,1543642800,5.09838247299194
"225",5.92285680770874,6.15535688400269,5.88107109069824,6.01642894744873,1217809600,5.08660697937012
"226",6.14285707473755,6.14464282989502,6.0625,6.12642908096313,465757600,5.17960643768311
"227",6.1996431350708,6.33107089996338,6.15535688400269,6.16214323043823,1305754800,5.20979976654053
"228",6.25785684585571,6.27821397781372,6.07178592681885,6.24321413040161,1317030400,5.27834177017212
"229",6.31500005722046,6.44999980926514,6.26249980926514,6.43642902374268,1150912000,5.4416971206665
"230",6.40821409225464,6.61321401596069,6.3982138633728,6.58178615570068,1050926800,5.56458950042725
"231",6.69071388244629,6.70357084274292,6.41785717010498,6.50785684585571,1187802000,5.50208568572998
"232",6.49499988555908,6.57642889022827,6.34642887115479,6.38785696029663,961469600,5.40062952041626
"233",6.32678604125977,6.4607138633728,6.3210711479187,6.42178583145142,773799600,5.42931604385376
"234",6.53178596496582,6.64285707473755,6.51464319229126,6.625,892402000,5.60112476348877
"235",6.64964294433594,6.7892861366272,6.64714288711548,6.78392887115479,899810800,5.73549127578735
"236",6.80499982833862,6.96392917633057,6.71571397781372,6.93928623199463,1066066400,5.8668384552002
"237",6.9139289855957,6.9878568649292,6.88178586959839,6.93607091903687,722377600,5.86412048339844
"238",6.95535707473755,7.02964305877686,6.69250011444092,6.73357105255127,1110925200,5.69291591644287
"239",6.90857076644897,6.94571399688721,6.63428592681885,6.81642913818359,1225660800,5.76296949386597
"240",6.79250001907349,6.86142921447754,6.70785713195801,6.85107088088989,864617600,5.79225730895996
"241",6.79892921447754,6.90000009536743,6.76928615570068,6.79964303970337,674312800,5.74877691268921
"242",6.81142902374268,6.88035678863525,6.53499984741211,6.5857138633728,1024693600,5.56790971755981
"243",6.66142892837524,6.69035720825195,6.37857103347778,6.53499984741211,1222603200,5.52503252029419
"244",6.53499984741211,6.59428596496582,6.4607138633728,6.53999996185303,827478400,5.52926111221313
"245",6.62249994277954,6.70821380615234,6.5475001335144,6.68607091903687,774057200,5.65275764465332
"246",6.78999996185303,6.9253568649292,6.78178596496582,6.9253568649292,993960800,5.8550591468811
"247",6.96535682678223,7.11892890930176,6.95678615570068,7.09999990463257,480202800,6.00271463394165
"248",7.10750007629395,7.17714309692383,7.02928590774536,7.10535717010498,703732400,6.00724267959595
"249",7.10535717010498,7.24857091903687,7.06428623199463,7.09178590774536,795527600,5.99577045440674
"250",7.1639289855957,7.19857120513916,7.03142881393433,7.13678598403931,699647200,6.03381633758545
"251",7.125,7.1607141494751,7.0625,7.07428598403931,539333200,5.9809741973877
"252",7.11678600311279,7.1521430015564,6.87678623199463,6.95857095718384,1079178800,5.88314294815063
"253",6.97892904281616,7.04964303970337,6.88178586959839,6.96178579330444,842066400,5.88585901260376
"254",6.83750009536743,6.89285707473755,6.38892889022827,6.43035697937012,1455832000,5.43656301498413
"255",6.4732141494751,6.55714321136475,6.07964277267456,6.34428596496582,2072193200,5.36379384994507
"256",6.43357086181641,6.51642894744873,6.09999990463257,6.11607122421265,1523816000,5.17084789276123
"257",6.11785697937012,6.4107141494751,6.01071405410767,6.40714311599731,1813882000,5.41693592071533
"258",6.34214305877686,6.4642858505249,6.26464319229126,6.35785722732544,1482975200,5.37526750564575
"259",6.2857141494751,6.3517861366272,6.07142877578735,6.16750001907349,1232285600,5.21432781219482
"260",6.34000015258789,6.40785694122314,6.25607109069824,6.38500022888184,1100450400,5.39821672439575
"261",6.34714317321777,6.40071392059326,5.88071393966675,6.03714323043823,2343278000,5.10411882400513
"262",5.90107107162476,6.03607082366943,5.59642887115479,5.70142889022827,2213845200,4.82028961181641
"263",5.76821422576904,5.90571403503418,5.65785694122314,5.74607086181641,1757859600,4.85802984237671
"264",5.77535676956177,5.91964292526245,5.70035696029663,5.76285696029663,1724343600,4.87222194671631
"265",5.28785705566406,5.71357107162476,5.2142858505249,5.55857086181641,2434754000,4.69950866699219
"266",4.86392879486084,5,4.50500011444092,4.96678590774536,3372969600,4.19918346405029
"267",4.99964284896851,5.02500009536743,4.7146430015564,4.84285688400269,2005866800,4.09440660476685
"268",4.96392917633057,4.96750020980835,4.62892913818359,4.64321422576904,1554739200,3.92561912536621
"269",4.57714319229126,4.75714302062988,4.51607084274292,4.64321422576904,1474844000,3.92561912536621
"270",4.68392896652222,4.74249982833862,4.60892915725708,4.69785690307617,1099982800,3.97181606292725
"271",4.69178581237793,4.83750009536743,4.64285707473755,4.72071409225464,1243051600,3.99114036560059
"272",4.62321376800537,4.88035678863525,4.62142896652222,4.83428621292114,1345674400,4.08716011047363
"273",4.86571407318115,4.87821388244629,4.72071409225464,4.7767858505249,1010744000,4.03854751586914
"274",4.79321384429932,4.85357093811035,4.69357109069824,4.70178604125977,899234000,3.97513866424561
"275",4.65821409225464,4.7857141494751,4.60357093811035,4.61999988555908,1141042000,3.90599083900452
"276",4.6725001335144,4.71142911911011,4.34892892837524,4.35714292526245,1573272400,3.68375849723816
"277",4.28464317321777,4.45642900466919,4.18821382522583,4.32999992370605,2083331600,3.66080975532532
"278",4.3600001335144,4.48928594589233,4.34285688400269,4.48142910003662,1355972800,3.78883719444275
"279",4.57178592681885,4.64214277267456,4.54285717010498,4.62321376800537,1201432400,3.90870833396912
"280",4.66785717010498,4.67857122421265,4.41499996185303,4.45928621292114,1225980000,3.7701153755188
"281",4.52428579330444,4.63500022888184,4.48678588867188,4.62142896652222,968534000,3.90719890594482
"282",4.62142896652222,4.67142915725708,4.53607082366943,4.55214309692383,954097200,3.84862232208252
"283",4.50964307785034,4.53857088088989,4.43071413040161,4.45107078552246,901300400,3.76316905021667
"284",4.49964284896851,4.5267858505249,4.33714294433594,4.36357116699219,1005046000,3.68919372558594
"285",4.36428594589233,4.44999980926514,4.34571409225464,4.42214298248291,967439200,3.73871231079102
"286",4.50178623199463,4.51678609848022,4.31642913818359,4.34071397781372,938114800,3.6698694229126
"287",4.37428617477417,4.37535715103149,4.13821411132812,4.26642894744873,1529878000,3.60706353187561
"288",4.23535680770874,4.29178619384766,4.16642904281616,4.27642917633057,1256774400,3.61551785469055
"289",4.20142889022827,4.3246431350708,4.12285709381104,4.25535678863525,1504888000,3.59770250320435
"290",4.22249984741211,4.39464282989502,4.21750020980835,4.39142894744873,1475138000,3.71274757385254
"291",4.54285717010498,4.72142887115479,4.49178600311279,4.63964319229126,1618254400,3.92259812355042
"292",4.61749982833862,4.65035676956177,4.45714282989502,4.46500015258789,1255480800,3.77494716644287
"293",4.44428586959839,4.49928617477417,4.2142858505249,4.34749984741211,1593043200,3.6756055355072
"294",4.35678577423096,4.46000003814697,4.30000019073486,4.45071411132812,1785383600,3.76286864280701
"295",4.41357088088989,4.46928596496582,4.36607122421265,4.4460711479187,1221836000,3.75894355773926
"296",4.45035696029663,4.55357122421265,4.31464290618896,4.31892919540405,1473698800,3.65144968032837
"297",4.3003568649292,4.39214277267456,4.25178623199463,4.36607122421265,1230462800,3.69130778312683
"298",4.35642910003662,4.40928602218628,4.26321411132812,4.27464294433594,999588800,3.61400842666626
"299",4.43214321136475,4.55285692214966,4.35714292526245,4.54821395874023,1163943200,3.84529995918274
"300",4.53714323043823,4.59571409225464,4.47035694122314,4.50107097625732,1059629200,3.80544304847717
"301",4.43214321136475,4.625,4.39285707473755,4.56928586959839,1262102800,3.86311483383179
"302",4.63857078552246,4.65357112884521,4.43571376800537,4.52178621292114,1156640800,3.82295656204224
"303",4.37678623199463,4.59250020980835,4.37678623199463,4.52607107162476,1072598800,3.82657980918884
"304",4.61357116699219,4.75,4.59535694122314,4.74357080459595,1205120000,4.01046419143677
"305",4.75428581237793,4.79607105255127,4.63107109069824,4.63107109069824,1010536800,3.91535377502441
"306",4.68285703659058,4.76035690307617,4.61357116699219,4.75964307785034,908787600,4.02405452728271
"307",4.78607082366943,5.03035688400269,4.77285718917847,4.98321390151978,1066920400,4.21307182312012
"308",4.99857091903687,5.11071395874023,4.90464305877686,5.03499984741211,1052391200,4.25685501098633
"309",5.03107118606567,5.20499992370605,5.02285718917847,5.18071413040161,1182084400,4.38005018234253
"310",5.17678594589233,5.18964290618896,4.99964284896851,5.00892877578735,999829600,4.23481273651123
"311",5.06428623199463,5.16607093811035,5.05714321136475,5.10750007629395,714610400,4.31814956665039
"312",5.11678600311279,5.20392894744873,5.09000015258789,5.125,768065200,4.33294486999512
"313",5.22499990463257,5.34499979019165,5.12892913818359,5.34035682678223,1032567200,4.51502084732056
"314",5.31357097625732,5.40000009536743,5.20892906188965,5.26749992370605,1044968400,4.45342350006104
"315",5.25214290618896,5.48678588867188,5.25,5.41464281082153,1051568000,4.57782649993896
"316",5.43535709381104,5.52535676956177,5.38392877578735,5.46714305877686,854417200,4.62221050262451
"317",5.57607078552246,5.70321416854858,5.53964281082153,5.56750011444092,1158326400,4.70705842971802
"318",5.48392915725708,5.58750009536743,5.44000005722046,5.45857095718384,1014294400,4.61496543884277
"319",5.47535705566406,5.49607086181641,5.37357091903687,5.40857076644897,873398400,4.57269144058228
"320",5.39750003814697,5.55071401596069,5.37857103347778,5.51964282989502,955763200,4.66659879684448
"321",5.45428609848022,5.47499990463257,5.22857093811035,5.25500011444092,1210076000,4.4428539276123
"322",5.24178600311279,5.33035707473755,5.16214323043823,5.27785682678223,845087600,4.46217727661133
"323",5.3357138633728,5.34714317321777,5.20428609848022,5.29928588867188,698037200,4.48029470443726
"324",5.41857099533081,5.50357103347778,5.37928581237793,5.48928594589233,795774000,4.64093208312988
"325",5.50607109069824,5.57142877578735,5.4767861366272,5.51749992370605,704267200,4.66478586196899
"326",5.68285703659058,5.79500007629395,5.65642881393433,5.75142908096313,1026765600,4.86256122589111
"327",5.79321384429932,6.01785707473755,5.7771430015564,6.00571393966675,1039152800,5.07754564285278
"328",5.97857093811035,6,5.64607095718384,5.72142887115479,1439572400,4.83719825744629
"329",5.85892915725708,5.8871431350708,5.75285720825195,5.81750011444092,1504190800,4.91842031478882
"330",5.90500020980835,6.07071399688721,5.68535709381104,6.03357076644897,1696066400,5.10109758377075
"331",6.09642887115479,6.11071395874023,5.94357109069824,6.06178617477417,992474000,5.12495422363281
"332",6.0625,6.20535707473755,6.04035711288452,6.15142917633057,787214400,5.20074415206909
"333",6.11107110977173,6.2735710144043,6.08035707473755,6.25178623199463,923476400,5.28559017181396
"334",6.29250001907349,6.42857122421265,6.17571401596069,6.21250009536743,1139524400,5.25237417221069
"335",6.24857091903687,6.42857122421265,6.24499988555908,6.42857122421265,903576800,5.43505382537842
"336",6.43535709381104,6.49714279174805,6.37678623199463,6.46214294433594,1006082000,5.46343660354614
"337",6.49714279174805,6.61821413040161,6.46607112884521,6.59749984741211,854557200,5.57787418365479
"338",6.59499979019165,6.68285703659058,6.50642919540405,6.66642904281616,918870400,5.63615083694458
"339",6.64464282989502,6.72142887115479,6.44785690307617,6.52107095718384,1157133600,5.51325702667236
"340",6.56321382522583,6.6607141494751,6.53821420669556,6.60928583145142,899085600,5.58783864974976
"341",6.54142904281616,6.58035707473755,6.47749996185303,6.55178594589233,673072400,5.53922605514526
"342",6.61464309692383,6.74535703659058,6.53035688400269,6.71999979019165,818563200,5.68144083023071
"343",6.73607110977173,6.83750009536743,6.70928621292114,6.78428602218628,823236400,5.73579263687134
"344",6.82964277267456,6.86571407318115,6.62750005722046,6.6521430015564,916823600,5.62407207489014
"345",6.67178583145142,6.78214311599731,6.57857084274292,6.77607107162476,873208000,5.72884798049927
"346",6.78964281082153,6.79642915725708,6.67857122421265,6.70071411132812,765769200,5.66513729095459
"347",6.70928621292114,6.73892879486084,6.47499990463257,6.55714321136475,945820400,5.54375505447388
"348",6.49357080459595,6.6485710144043,6.43285703659058,6.63928604125977,969850000,5.61320352554321
"349",6.63107109069824,6.71250009536743,6.29464292526245,6.36392879486084,1157657200,5.38040065765381
"350",6.4021430015564,6.47607088088989,6.14285707473755,6.32321405410767,1206735600,5.34597969055176
"351",6.45607089996338,6.49964284896851,6.34999990463257,6.47035694122314,906917200,5.47038078308105
"352",6.5267858505249,6.65821409225464,6.49428606033325,6.65821409225464,789905200,5.62920475006104
"353",6.69321393966675,6.71250009536743,6.56142902374268,6.6789288520813,743979600,5.64671802520752
"354",6.67000007629395,6.72142887115479,6.625,6.66750001907349,647186400,5.63705682754517
"355",6.69464302062988,6.76928615570068,6.69214296340942,6.74107122421265,610184400,5.69925594329834
"356",6.73571395874023,6.7732138633728,6.59035682678223,6.64642906188965,679840000,5.61924266815186
"357",6.67357110977173,6.72142887115479,6.5121431350708,6.62035703659058,750520400,5.59719944000244
"358",6.57214307785034,6.68178606033325,6.54392910003662,6.61392879486084,726983600,5.59176349639893
"359",6.65500020980835,6.78000020980835,6.63214302062988,6.76535701751709,755445600,5.71978950500488
"360",6.7142858505249,6.78392887115479,6.62678623199463,6.63000011444092,966422800,5.60535287857056
"361",6.59964323043823,6.60500001907349,6.2767858505249,6.48607110977173,1888392800,5.48366785049438
"362",6.44678592681885,6.67071390151978,6.39357089996338,6.63000011444092,1140941200,5.60535287857056
"363",6.58357095718384,6.64285707473755,6.4139289855957,6.45749998092651,961550800,5.45951175689697
"364",6.48178577423096,6.52142906188965,6.11428594589233,6.18785715103149,1308333600,5.23153972625732
"365",6.13000011444092,6.21999979019165,5.90392923355103,6.15607118606567,1345957200,5.20466804504395
"366",6.11785697937012,6.35357093811035,6.03821420669556,6.31571388244629,1051730400,5.33963632583618
"367",6.36071395874023,6.49964284896851,6.3360710144043,6.47964286804199,899656800,5.47823047637939
"368",6.46857118606567,6.50714302062988,6.33392906188965,6.38392877578735,811468000,5.39730930328369
"369",6.37678623199463,6.5121431350708,6.31428623199463,6.4607138633728,791949200,5.46222734451294
"370",6.40535688400269,6.4642858505249,6.25,6.25964307785034,888367200,5.29223299026489
"371",6.24071407318115,6.28142881393433,6.12714290618896,6.18428611755371,645780800,5.2285213470459
"372",6.15607118606567,6.27785682678223,6.12964296340942,6.1875,621947200,5.23123836517334
"373",6.23607110977173,6.38678598403931,6.21000003814697,6.33535718917847,644450800,5.3562445640564
"374",6.21678590774536,6.24428606033325,6.00035715103149,6.00928592681885,869610000,5.08056735992432
"375",5.94678592681885,6.09178590774536,5.86250019073486,6.0746431350708,1042249600,5.13582420349121
"376",6.07821416854858,6.14285707473755,5.95071411132812,5.98000001907349,684196800,5.05580615997314
"377",5.86535692214966,6.23999977111816,5.85714292526245,6.23857116699219,1111280800,5.27441596984863
"378",6.25714302062988,6.33750009536743,6.00642919540405,6.00642919540405,837519200,5.07815265655518
"379",6.05678606033325,6.14892911911011,5.91964292526245,6.07571411132812,523362000,5.13672924041748
"380",6.18428611755371,6.32607078552246,6.13928604125977,6.25571393966675,820391600,5.28891134262085
"381",6.26428604125977,6.41785717010498,6.16928577423096,6.41249990463257,888350400,5.42146492004395
"382",6.43571376800537,6.4610710144043,6.21928596496582,6.2232141494751,895776000,5.26143360137939
"383",6.24714279174805,6.33357095718384,6.12035703659058,6.30821418762207,840688800,5.33329725265503
"384",6.26678609848022,6.32535696029663,6.10714292526245,6.16357088088989,930011600,5.2110071182251
"385",6.40142917633057,6.40357112884521,6.18142890930176,6.21000003814697,886054400,5.25026321411133
"386",6.15999984741211,6.20499992370605,5.94250011444092,6.05857086181641,1040043200,5.12223529815674
"387",6.07857084274292,6.17607116699219,6.02142906188965,6.17178583145142,747790400,5.21795225143433
"388",6.21785688400269,6.24928617477417,6.12107086181641,6.13607120513916,757526000,5.18775844573975
"389",6.01857089996338,6.05892896652222,5.89285707473755,5.8982138633728,868414400,4.98666095733643
"390",5.9607138633728,5.98214292526245,5.75428581237793,5.93892908096313,1360469600,5.02108240127563
"391",5.32142877578735,5.81285715103149,5.23321390151978,5.78642892837524,1879592400,4.89215183258057
"392",5.89249992370605,6.01321411132812,5.76999998092651,5.93785715103149,1061768400,5.02017736434937
"393",5.86857080459595,5.9021430015564,5.65892887115479,5.67964315414429,839619200,4.80186891555786
"394",5.72857093811035,5.82142877578735,5.66607093811035,5.78999996185303,633637200,4.89517164230347
"395",5.79785680770874,5.80249977111816,5.50071382522583,5.51428604125977,780712800,4.66206693649292
"396",5.5503568649292,5.69464302062988,5.48750019073486,5.6100001335144,684070800,4.7429895401001
"397",5.63500022888184,5.73178577423096,5.57428598403931,5.71000003814697,725183200,4.82753562927246
"398",5.62642908096313,5.79285717010498,5.60642910003662,5.67678594589233,637498400,4.79945373535156
"399",5.7107138633728,5.71392917633057,5.5625,5.59499979019165,544639200,4.73030757904053
"400",5.59285688400269,5.63928604125977,5.4610710144043,5.47249984741211,592527600,4.62674140930176
"401",5.55071401596069,5.74285697937012,5.52928590774536,5.73714303970337,688371600,4.85048246383667
"402",5.71321392059326,5.97857093811035,5.64285707473755,5.86392879486084,791408800,4.95767450332642
"403",5.81107091903687,5.93392896652222,5.76785707473755,5.84178590774536,672372400,4.93895196914673
"404",5.85214281082153,6.05892896652222,5.8482141494751,6.05535697937012,713997200,5.11951637268066
"405",6.07392883300781,6.30357122421265,6.05964279174805,6.19857120513916,891304400,5.24059820175171
"406",6.19714307785034,6.40321397781372,6.19678592681885,6.31178617477417,836278800,5.33631610870361
"407",6.35642910003662,6.42857122421265,6.28214311599731,6.40357112884521,842346400,5.41391754150391
"408",6.36892890930176,6.44464302062988,6.3514289855957,6.40428590774536,711300800,5.41452121734619
"409",6.39428615570068,6.41964292526245,6.25178623199463,6.27642917633057,708251600,5.30642509460449
"410",6.27035713195801,6.35035705566406,6.20785713195801,6.26392889022827,552014400,5.29585552215576
"411",6.23357105255127,6.32392883300781,6.13607120513916,6.19750022888184,616204400,5.23969411849976
"412",6.24178600311279,6.31928586959839,6.20035696029663,6.28000020980835,506951200,5.30944395065308
"413",6.23107099533081,6.26607084274292,6.13892889022827,6.22464323043823,539744800,5.26264238357544
"414",6.27928590774536,6.3392858505249,6.27035713195801,6.31392908096313,439611200,5.33813047409058
"415",6.29107093811035,6.29392910003662,6.13071393966675,6.16249990463257,484425200,5.2101001739502
"416",6.17000007629395,6.24571418762207,6.16464281082153,6.20142889022827,445550000,5.24301385879517
"417",6.18964290618896,6.2771430015564,6.14964294433594,6.23821401596069,477780800,5.27411603927612
"418",6.26000022888184,6.29464292526245,6.16964292526245,6.20499992370605,431384800,5.24603509902954
"419",6.17714309692383,6.19642877578735,6.03714323043823,6.05464315414429,599289600,5.11891508102417
"420",6.15714311599731,6.19642877578735,5.89285707473755,5.93535709381104,780763200,5.01806354522705
"421",5.95857095718384,6.02428579330444,5.85714292526245,5.96285676956177,734834800,5.04131317138672
"422",5.92357110977173,5.99678611755371,5.74321413040161,5.75785684585571,743386000,4.86799621582031
"423",5.6639289855957,5.80000019073486,5.63035678863525,5.72071409225464,786884000,4.83659410476685
"424",5.87750005722046,5.88892889022827,5.40928602218628,5.6399998664856,1045979200,4.76835441589355
"425",5.60214281082153,5.71285676956177,5.34964323043823,5.41714286804199,1245025600,4.5799388885498
"426",5.44000005722046,5.5353569984436,5.31428623199463,5.41464281082153,973142800,4.57782649993896
"427",5.29214286804199,5.46392917633057,5.2142858505249,5.45178604125977,971135200,4.6092267036438
"428",5.38964319229126,5.38964319229126,5.23214292526245,5.31928586959839,793027200,4.49720478057861
"429",5.07250022888184,5.27464294433594,5.01285696029663,5.01285696029663,920634400,4.2381329536438
"430",4.78071403503418,5.0892858505249,4.71964311599731,4.99571418762207,1199836400,4.22363901138306
"431",4.9460711479187,4.94678592681885,4.56535720825195,4.56535720825195,1200455200,3.85979509353638
"432",4.66321420669556,4.83678579330444,4.30999994277954,4.7889289855957,1676253600,4.04881381988525
"433",5.09285688400269,5.15000009536743,4.86821413040161,5.03249979019165,1430875600,4.25474119186401
"434",4.99785709381104,5.00892877578735,4.66642904281616,4.68035697937012,856713200,3.9570209980011
"435",4.70892906188965,4.84999990463257,4.5235710144043,4.53000020980835,1280364400,3.82990169525146
"436",4.54535722732544,4.67678594589233,4.46964311599731,4.59678602218628,1047015200,3.88636517524719
"437",4.63571405410767,4.81392908096313,4.59000015258789,4.71178579330444,1006045600,3.98359394073486
"438",4.4610710144043,4.63571405410767,4.39285707473755,4.57999992370605,1126451200,3.87217450141907
"439",4.27214288711548,4.27428579330444,3.59249997138977,3.75928592681885,2622057200,3.17829871177673
"440",3.86607098579407,4.10714292526245,3.7964289188385,4.05928611755371,1626682400,3.43193435668945
"441",3.99714303016663,4.01285696029663,3.83535695075989,3.89714288711548,1296484000,3.29485034942627
"442",3.85750007629395,3.88535690307617,3.57142901420593,3.57500004768372,1609364400,3.02249360084534
"443",3.71428608894348,3.80357098579407,3.38035702705383,3.46678590774536,2294398400,2.9310040473938
"444",3.28428602218628,3.52785706520081,3.12642908096313,3.50500011444092,2107417200,2.96331119537354
"445",3.58857107162476,3.625,3.17678594589233,3.18428611755371,1878772000,2.69216251373291
"446",3.06821393966675,3.44035696983337,3.05999994277954,3.2067859172821,2207741200,2.71118545532227
"447",3.33392906188965,3.4214289188385,3.09285688400269,3.16928601264954,1617383600,2.6794810295105
"448",3.06071400642395,3.57142901420593,3.03571391105652,3.4571430683136,2219299600,2.92285060882568
"449",3.7339289188385,3.94749999046326,3.60785698890686,3.93785691261292,1539076000,3.32927179336548
"450",4.1521430015564,4.15714311599731,3.68357110023499,3.71714305877686,1980994400,3.14266896247864
"451",3.70857095718384,3.82142901420593,3.49607110023499,3.49821400642395,1584175600,2.95757532119751
"452",3.56321406364441,3.69392895698547,3.27642893791199,3.63892889022827,1980521200,3.07654213905334
"453",3.55714297294617,3.6442859172821,3.06750011444092,3.47857093811035,1762227600,2.94096779823303
"454",3.56357097625732,3.57249999046326,3.34428596496582,3.51571393013,1549170000,2.97236895561218
"455",3.46250009536743,3.49642896652222,3.25571393966675,3.26749992370605,2193660000,2.76251626014709
"456",3.47749996185303,3.61607098579407,3.31892895698547,3.45964288711548,2248808800,2.92496466636658
"457",3.44678592681885,3.54464292526245,3.28214311599731,3.50821399688721,1675430400,2.96602988243103
"458",3.22607088088989,3.49642896652222,3.21821403503418,3.44214296340942,1590058400,2.91016936302185
"459",3.39535689353943,3.48678588867188,3.28071403503418,3.2889289855957,1208771200,2.78063368797302
"460",3.40821409225464,3.58928608894348,3.29892897605896,3.56821393966675,1634133200,3.016756772995
"461",3.60214304924011,3.91214299201965,3.56928610801697,3.7339289188385,1950978400,3.1568603515625
"462",3.86535692214966,4.00678586959839,3.84321403503418,3.96571397781372,1638089600,3.35282444953918
"463",3.83571410179138,3.95642900466919,3.75500011444092,3.84249997138977,1659756000,3.24865245819092
"464",3.78321409225464,3.89642906188965,3.74499988555908,3.8199999332428,1057938000,3.22962927818298
"465",3.92821407318115,3.9925000667572,3.80964303016663,3.96392893791199,1398681200,3.35131502151489
"466",3.88964295387268,3.91857099533081,3.67821407318115,3.68928599357605,1256455200,3.11911725997925
"467",3.6089289188385,3.67071390151978,3.5,3.53928589820862,1319074400,2.9922993183136
"468",3.54428601264954,3.56607103347778,3.41857099533081,3.50857090950012,1095253600,2.96633124351501
"469",3.57750010490417,3.58571410179138,3.375,3.42428588867188,1123822000,2.89507150650024
"470",3.38607096672058,3.47035694122314,3.29500007629395,3.38464307785034,1224538000,2.86155557632446
"471",3.30107092857361,3.32999992370605,3.2146430015564,3.21857094764709,1178976400,2.72114896774292
"472",3.20964288711548,3.44428610801697,3.07214307785034,3.44428610801697,1854087200,2.91198182106018
"473",3.34857106208801,3.35678601264954,3.21428608894348,3.2228569984436,1405266800,2.72477316856384
"474",3.16000008583069,3.2339289188385,3.11642909049988,3.14785695075989,1162526400,2.66136407852173
"475",3.20142889022827,3.24964308738708,3.10214304924011,3.2110710144043,1209695200,2.71480846405029
"476",3.19428610801697,3.27071404457092,3.07892894744873,3.0817859172821,1171900800,2.60550403594971
"477",3.04428601264954,3.08750009536743,2.85714292526245,2.87464308738708,1716814400,2.43037509918213
"478",2.92607092857361,3.00428605079651,2.82642889022827,2.94928598403931,1569271200,2.49348258972168
"479",3.0432140827179,3.38535690307617,3.02999997138977,3.31964302062988,1442257600,2.80660176277161
"480",3.37964296340942,3.3824999332428,3.1485710144043,3.24285697937012,1235292800,2.7416820526123
"481",3.21142911911011,3.40178608894348,3.20892906188965,3.39285707473755,899836000,2.86850023269653
"482",3.38214302062988,3.38428592681885,3.28071403503418,3.30964303016663,297774400,2.79814696311951
"483",3.26071405410767,3.29535698890686,3.17571401596069,3.17607092857361,923767600,2.68521785736084
"484",3.21535706520081,3.30892896652222,3.08928608894348,3.30250000953674,1148722400,2.79210805892944
"485",3.19285702705383,3.43678593635559,3.1714289188385,3.42499995231628,1338680000,2.89567565917969
"486",3.37249994277954,3.40035700798035,3.18071389198303,3.26464295387268,1091370000,2.7601010799408
"487",3.22678589820862,3.37464308738708,3.17357110977173,3.35714292526245,1043795200,2.8383047580719
"488",3.47428607940674,3.59999990463257,3.4214289188385,3.56142902374268,1185142000,3.01102018356323
"489",3.50142908096313,3.70000004768372,3.47178602218628,3.57357096672058,1203496000,3.02128601074219
"490",3.49535703659058,3.55321407318115,3.44642901420593,3.5074999332428,938047600,2.96542525291443
"491",3.47678589820862,3.61571407318115,3.38678598403931,3.39285707473755,1040617200,2.86850023269653
"492",3.31428599357605,3.53571391105652,3.30464291572571,3.50964307785034,1041174400,2.96723794937134
"493",3.42821407318115,3.43607091903687,3.32142901420593,3.38392901420593,891758000,2.86095237731934
"494",3.35642910003662,3.44571399688721,3.3125,3.40821409225464,1093506400,2.88148427009583
"495",3.25107097625732,3.25357103347778,3.14357089996338,3.18428611755371,1293860400,2.69216251373291
"496",3.18964290618896,3.24392890930176,3.15857100486755,3.19392895698547,857416000,2.70031523704529
"497",3.21214294433594,3.24785709381104,3.1714289188385,3.21428608894348,801920000,2.71752738952637
"498",3.21499991416931,3.21535706520081,3.02464294433594,3.06214308738708,844740400,2.58889746665955
"499",3.10249996185303,3.13821411132812,3.06785702705383,3.08500003814697,635031600,2.60822153091431
"500",3.07642889022827,3.08035707473755,3.0196430683136,3.03714299201965,271334000,2.56776118278503
"501",3.09428596496582,3.12214303016663,3.04428601264954,3.06464290618896,308324800,2.59101057052612
"502",3.08999991416931,3.12928605079651,3.03821396827698,3.09321403503418,6.86e+08,2.61516618728638
"503",3.12214303016663,3.1446430683136,3.02571392059326,3.0817859172821,967601600,2.60550403594971
"504",3.07035708427429,3.13357090950012,3.04785704612732,3.04821395874023,607541200,2.5771210193634
"505",3.06714296340942,3.25142908096313,3.04142904281616,3.24107098579407,746015200,2.74017190933228
"506",3.32750010490417,3.43499994277954,3.31107091903687,3.37785696983337,1181608400,2.8558177947998
"507",3.42678594589233,3.47035694122314,3.29964303970337,3.32214307785034,1289310400,2.80871486663818
"508",3.27892899513245,3.30357098579407,3.22357106208801,3.25035691261292,753048800,2.74802255630493
"509",3.22964310646057,3.32678604125977,3.21571397781372,3.31071400642395,673500800,2.79905247688293
"510",3.32892894744873,3.33500003814697,3.21928596496582,3.23499989509583,546845600,2.73503994941711
"511",3.2307140827179,3.24964308738708,3.12678599357605,3.16642904281616,617716400,2.67706561088562
"512",3.15142893791199,3.20499992370605,3.08392906188965,3.1324999332428,798397600,2.64838099479675
"513",3.07999992370605,3.11607098579407,3.02571392059326,3.04749989509583,1021664000,2.57651662826538
"514",2.87750005722046,3.00428605079651,2.8589289188385,2.97785711288452,1831634000,2.51763725280762
"515",3.01071405410767,3.01357102394104,2.87142896652222,2.94035696983337,1047625600,2.48593258857727
"516",2.92607092857361,2.92857098579407,2.7928569316864,2.7928569316864,919914800,2.36122894287109
"517",2.83535695075989,2.96000003814697,2.83249998092651,2.95821404457092,1089270000,2.50103044509888
"518",3.1442859172821,3.21428608894348,3.06500005722046,3.15571403503418,1409528400,2.66800737380981
"519",3.10071396827698,3.20964288711548,3.08928608894348,3.15571403503418,763770000,2.66800737380981
"520",3.17357110977173,3.24892902374268,3.15357089042664,3.20142889022827,692238400,2.70665645599365
"521",3.22107100486755,3.2696430683136,3.20499992370605,3.24035692214966,618038400,2.73956894874573
"522",3.28999996185303,3.39285707473755,3.26785707473755,3.36428594589233,861406000,2.84434366226196
"523",3.32464289665222,3.36928606033325,3.30714297294617,3.32142901420593,592729200,2.8081111907959
"524",3.30714297294617,3.34357094764709,3.2146430015564,3.21892905235291,651478800,2.72145223617554
"525",3.18214297294617,3.28571391105652,3.17499995231628,3.26821398735046,558247200,2.76312041282654
"526",3.28285694122314,3.33500003814697,3.22428607940674,3.32071399688721,599309200,2.80750679969788
"527",3.32928609848022,3.4375,3.32500004768372,3.34107089042664,808421600,2.82471776008606
"528",3.31321406364441,3.47321391105652,3.30785703659058,3.4449999332428,749246400,2.91258478164673
"529",3.46499991416931,3.57142901420593,3.46428608894348,3.56142902374268,687209600,3.01102018356323
"530",3.57142901420593,3.67857098579407,3.55357098579407,3.66107106208801,715010800,3.09526228904724
"531",3.61892890930176,3.66107106208801,3.46642899513245,3.49392890930176,849060800,2.95395183563232
"532",3.44178605079651,3.51107096672058,3.42035698890686,3.45785689353943,674973600,2.92345547676086
"533",3.42249989509583,3.5625,3.42249989509583,3.54535698890686,817188400,2.9974319934845
"534",3.5353569984436,3.56928610801697,3.50428605079651,3.54142904281616,608977600,2.99411153793335
"535",3.45964288711548,3.46571397781372,3.36714291572571,3.37607097625732,678238400,2.85430812835693
"536",3.3946430683136,3.42321395874023,3.31142902374268,3.37035703659058,684779200,2.84947729110718
"537",3.33464288711548,3.36607098579407,3.21821403503418,3.23714303970337,922804400,2.73685121536255
"538",3.19285702705383,3.29999995231628,3.17857098579407,3.25714302062988,750316000,2.75376009941101
"539",3.27321410179138,3.28571391105652,3.0896430015564,3.1053569316864,786982000,2.62543249130249
"540",3.12321400642395,3.24607110023499,3.10714292526245,3.22321391105652,807105600,2.72507524490356
"541",3.20928597450256,3.31857109069824,3.1875,3.25571393966675,833053200,2.75255274772644
"542",3.28571391105652,3.31857109069824,3.17714309692383,3.18535709381104,629868400,2.69306826591492
"543",3.14035701751709,3.26071405410767,3.13107109069824,3.18964290618896,706658400,2.6966917514801
"544",3.14714288711548,3.25714302062988,3.13107109069824,3.14071393013,770929600,2.65532493591309
"545",3.17607092857361,3.24071407318115,3.13857102394104,3.15607094764709,724340400,2.6683087348938
"546",3.22071409225464,3.31321406364441,3.19464302062988,3.25607109069824,741403600,2.75285410881042
"547",3.2307140827179,3.28107094764709,3.15892910957336,3.17285704612732,706899200,2.68250131607056
"548",3.15499997138977,3.15714311599731,2.94035696983337,3.0464289188385,1011147200,2.57561182975769
"549",3.00642895698547,3.12857103347778,2.94892907142639,2.96821403503418,698297600,2.5094850063324
"550",3.03107094764709,3.18464303016663,3.01285696029663,3.16535711288452,844258800,2.67615962028503
"551",3.20749998092651,3.35964298248291,3.19928598403931,3.30999994277954,846372800,2.79844880104065
"552",3.31785702705383,3.44928598403931,3.28571391105652,3.44107103347778,768457200,2.90926194190979
"553",3.43928599357605,3.47142910957336,3.39321398735046,3.42607092857361,601168400,2.89658069610596
"554",3.44749999046326,3.47821402549744,3.36357092857361,3.40785694122314,797244000,2.88118100166321
"555",3.40142893791199,3.56035709381104,3.39535689353943,3.55928611755371,786646000,3.00920820236206
"556",3.56821393966675,3.69571399688721,3.56142902374268,3.62571406364441,796037200,3.06537008285522
"557",3.63750004768372,3.68571400642395,3.58035707473755,3.62928605079651,500180800,3.06839060783386
"558",3.64607095718384,3.68249988555908,3.59178590774536,3.62821388244629,695587200,3.06748366355896
"559",3.6682140827179,3.86285710334778,3.63392901420593,3.84500002861023,666397200,3.2507655620575
"560",3.79857110977173,3.90857100486755,3.76392889022827,3.80357098579407,640612000,3.21573925018311
"561",3.84214305877686,3.86999988555908,3.70928597450256,3.80321407318115,646618000,3.2154381275177
"562",3.85107088088989,3.92785692214966,3.84214305877686,3.92392897605896,616252000,3.31749606132507
"563",3.86535692214966,3.87607097625732,3.79999995231628,3.81607103347778,492872800,3.2263081073761
"564",3.73250007629395,3.75035691261292,3.66464304924011,3.73178601264954,502796000,3.15504932403564
"565",3.7660710811615,3.83750009536743,3.75,3.75428605079651,570080000,3.17407131195068
"566",3.71749997138977,3.89285707473755,3.71035695075989,3.88178610801697,589372000,3.28186631202698
"567",3.93357110023499,4.0982141494751,3.92071390151978,4.02535676956177,812366800,3.40324950218201
"568",4.07821416854858,4.14750003814697,4.05428600311279,4.14249992370605,636241200,3.50228762626648
"569",4.10500001907349,4.24107122421265,4.04571390151978,4.23035717010498,658064400,3.57656669616699
"570",4.16178607940674,4.16678619384766,4.07821416854858,4.10714292526245,536580800,3.47239518165588
"571",4.12249994277954,4.17107105255127,4.09214305877686,4.15428590774536,455630000,3.51225209236145
"572",4.22928619384766,4.2857141494751,4.21285676956177,4.27035713195801,530756800,3.61038494110107
"573",4.28607082366943,4.32071399688721,4.25,4.29357099533081,389236400,3.63001203536987
"574",4.27035713195801,4.29178619384766,4.1875,4.22535705566406,454622000,3.57234001159668
"575",4.18571376800537,4.2232141494751,4.13428592681885,4.20142889022827,412882400,3.5521092414856
"576",4.25678586959839,4.3982138633728,4.24249982833862,4.33750009536743,593446000,3.66715240478516
"577",4.32785701751709,4.4375,4.29464292526245,4.40785694122314,497495600,3.72663521766663
"578",4.34749984741211,4.39249992370605,4.25571393966675,4.30357122421265,466466000,3.6384642124176
"579",4.24607086181641,4.36214303970337,4.23571395874023,4.34857082366943,470685600,3.67650985717773
"580",4.37964296340942,4.4767861366272,4.32857084274292,4.3396430015564,938767200,3.66896200180054
"581",4.52214288711548,4.54285717010498,4.41107082366943,4.47857093811035,945156800,3.78642129898071
"582",4.45142889022827,4.46928596496582,4.39178609848022,4.42500019073486,540764000,3.74112772941589
"583",4.38928604125977,4.4642858505249,4.38071393966675,4.45464277267456,480690000,3.76619029045105
"584",4.40535688400269,4.50750017166138,4.4021430015564,4.42500019073486,455856800,3.74112772941589
"585",4.45892906188965,4.53035688400269,4.4225001335144,4.46928596496582,458110800,3.77857112884521
"586",4.50785684585571,4.5357141494751,4.46142911911011,4.49392890930176,498489600,3.79940366744995
"587",4.49285697937012,4.56964302062988,4.49285697937012,4.54428577423096,397516000,3.84197926521301
"588",4.57999992370605,4.7232141494751,4.55999994277954,4.71678590774536,609358400,3.98782110214233
"589",4.70535707473755,4.74499988555908,4.68285703659058,4.73964309692383,398255200,4.0071439743042
"590",4.76178598403931,4.76785707473755,4.65071392059326,4.73214292526245,473538800,4.00080394744873
"591",4.72607088088989,4.72821378707886,4.56785678863525,4.60928583145142,531776000,3.89693284034729
"592",4.60857105255127,4.68678617477417,4.50928592681885,4.61392879486084,467964000,3.90085768699646
"593",4.54892921447754,4.67714309692383,4.53999996185303,4.62750005722046,404658800,3.91233325004578
"594",4.62714290618896,4.63250017166138,4.4017858505249,4.44357109069824,609481600,3.75682973861694
"595",4.40035676956177,4.42928600311279,4.26357078552246,4.26749992370605,595971600,3.60796880722046
"596",4.27785682678223,4.41178607940674,4.27500009536743,4.39107084274292,447826400,3.71244359016418
"597",4.36857080459595,4.45071411132812,4.34321403503418,4.37214279174805,367567200,3.69643926620483
"598",4.41892910003662,4.52500009536743,4.34178590774536,4.5232138633728,458841600,3.82416486740112
"599",4.52928590774536,4.61821413040161,4.49071407318115,4.55178594589233,372422400,3.84832072257996
"600",4.55821418762207,4.61464309692383,4.47499990463257,4.49535703659058,388584000,3.80061197280884
"601",4.46964311599731,4.52785682678223,4.38892889022827,4.43499994277954,407946000,3.74958419799805
"602",4.43035697937012,4.43499994277954,4.3482141494751,4.375,297998400,3.69885611534119
"603",4.45571422576904,4.6725001335144,4.44821405410767,4.67071390151978,636927200,3.94886684417725
"604",4.70642900466919,4.82071399688721,4.6753568649292,4.75178623199463,646422000,4.01741123199463
"605",4.76607084274292,4.83535718917847,4.71535682678223,4.82392883300781,487552800,4.07840394973755
"606",4.83535718917847,4.85357093811035,4.78035688400269,4.85035705566406,456534400,4.10074901580811
"607",4.87392902374268,4.99964284896851,4.85714292526245,4.9767861366272,452499600,4.2076358795166
"608",4.96392917633057,5.04785680770874,4.94107103347778,4.98178577423096,456223600,4.21186447143555
"609",5,5.03964281082153,4.96678590774536,5.03392887115479,565199600,4.25594854354858
"610",5.00464296340942,5.14928579330444,5.00142908096313,5.1335711479187,550634000,4.34019136428833
"611",5.18964290618896,5.22857093811035,5.11464309692383,5.16678619384766,632716000,4.36827325820923
"612",5.13642883300781,5.15107107162476,4.97964286804199,5.13749980926514,931652400,4.34351253509521
"613",5.13607120513916,5.16285705566406,5.01964282989502,5.09714317321777,676964400,4.30939483642578
"614",5.08142900466919,5.08392906188965,4.93928623199463,5.00892877578735,688623600,4.23481273651123
"615",4.98392915725708,5.05571413040161,4.94821405410767,4.99821376800537,524823600,4.22575426101685
"616",4.95749998092651,4.96785688400269,4.85857105255127,4.89178609848022,563085600,4.13577270507812
"617",4.85750007629395,4.89035701751709,4.81750011444092,4.86035680770874,539750400,4.10920143127441
"618",4.88071393966675,4.94535684585571,4.86071395874023,4.86964321136475,514805200,4.11705255508423
"619",4.88107109069824,4.90892887115479,4.80464315414429,4.84214305877686,571412800,4.0938024520874
"620",4.86107110977173,4.92857122421265,4.84250020980835,4.85285711288452,427680400,4.1028618812561
"621",4.93107080459595,4.98214292526245,4.88928604125977,4.98142910003662,721856800,4.21156311035156
"622",5.02392911911011,5.05571413040161,4.86892890930176,4.90607118606567,634914000,4.14785146713257
"623",4.87142896652222,4.89107084274292,4.74571418762207,4.78607082366943,706532400,4.04639625549316
"624",4.83642911911011,4.9107141494751,4.81642913818359,4.86499977111816,485525600,4.11312627792358
"625",4.8482141494751,5.00714302062988,4.82892894744873,4.99499988555908,589447600,4.22303581237793
"626",4.99249982833862,5.12714290618896,4.99071407318115,5.08714294433594,439384400,4.30093812942505
"627",5.12357091903687,5.14107084274292,5.05499982833862,5.07035684585571,567616000,4.28674745559692
"628",5.09214305877686,5.13571405410767,5.06428623199463,5.08678579330444,434224000,4.30063629150391
"629",5.125,5.16642904281616,5.09000015258789,5.10107088088989,414178800,4.31271409988403
"630",5.04464292526245,5.10107088088989,4.99249982833862,5.00071382522583,370479200,4.22786664962769
"631",4.95357084274292,4.96392917633057,4.86607122421265,4.95035696029663,498688400,4.18529319763184
"632",4.94571399688721,4.98857116699219,4.82785701751709,4.8357138633728,461596800,4.0883674621582
"633",4.85428619384766,4.92999982833862,4.80071401596069,4.90071392059326,575929200,4.14332056045532
"634",4.92000007629395,4.92821407318115,4.85464286804199,4.86999988555908,343025200,4.11735343933105
"635",4.86928606033325,4.96321392059326,4.86857080459595,4.94714307785034,445275600,4.18257665634155
"636",4.98357105255127,5.08357095718384,4.91178607940674,5.08357095718384,483501200,4.29791831970215
"637",5.07250022888184,5.11357116699219,5.04142904281616,5.08107089996338,347247600,4.29580450057983
"638",5.17999982833862,5.25,5.15428590774536,5.24571418762207,485587200,4.43500137329102
"639",5.20571422576904,5.28642892837524,5.19892883300781,5.26857089996338,393570800,4.4543285369873
"640",5.32428598403931,5.42928600311279,5.30821418762207,5.41964292526245,602154000,4.58205080032349
"641",5.47392892837524,5.53714323043823,5.38892889022827,5.4610710144043,735526400,4.61707735061646
"642",5.47464323043823,5.47964286804199,5.3482141494751,5.41107082366943,874781600,4.57480573654175
"643",5.63535690307617,5.66892910003662,5.57535696029663,5.5978569984436,874104000,4.7327241897583
"644",5.59392881393433,5.65857076644897,5.55571413040161,5.63642883300781,526962800,4.76533460617065
"645",5.60535717010498,5.7142858505249,5.5892858505249,5.71392917633057,438362400,4.8308572769165
"646",5.72035694122314,5.74571418762207,5.6164288520813,5.71785688400269,433311200,4.83417749404907
"647",5.67428588867188,5.71785688400269,5.62857103347778,5.7142858505249,363554800,4.83115768432617
"648",5.67500019073486,5.73035717010498,5.6517858505249,5.71535682678223,382158000,4.83206558227539
"649",5.77500009536743,5.88285684585571,5.76785707473755,5.81392908096313,469604800,4.91540145874023
"650",5.8210711479187,5.89285707473755,5.81821393966675,5.83535718917847,422536800,4.93351888656616
"651",5.90035676956177,5.95142889022827,5.88821411132812,5.94392919540405,394240000,5.02531290054321
"652",5.89035701751709,5.91321420669556,5.86464309692383,5.91249990463257,395810800,4.99873971939087
"653",5.91964292526245,5.97821378707886,5.86464309692383,5.89678621292114,423183600,4.98545408248901
"654",5.91357088088989,5.94678592681885,5.8246431350708,5.85392904281616,341616800,4.94922161102295
"655",5.9103569984436,5.94999980926514,5.88571405410767,5.91107082366943,387354800,4.99753093719482
"656",5.91642904281616,5.94999980926514,5.84499979019165,5.88285684585571,300294400,4.97367906570435
"657",5.84607076644897,5.87071418762207,5.78142881393433,5.81535720825195,355342400,4.91660833358765
"658",5.80535697937012,5.95392894744873,5.80214309692383,5.90392923355103,445071200,4.99149465560913
"659",5.95178604125977,6.02392911911011,5.94642877578735,6.0149998664856,439980800,5.08539819717407
"660",5.99785709381104,6.00821399688721,5.91178607940674,5.95642900466919,305816000,5.03587913513184
"661",5.84107112884521,5.84250020980835,5.69357109069824,5.6996431350708,524381200,4.8187780380249
"662",5.77250003814697,5.86571407318115,5.76464319229126,5.85714292526245,431152400,4.95193815231323
"663",5.8125,5.90357112884521,5.80178594589233,5.87857103347778,413271600,4.97005367279053
"664",5.89214277267456,5.95428609848022,5.87892913818359,5.94035720825195,342031200,5.02229309082031
"665",5.98750019073486,6.04892921447754,5.95714282989502,6.04357099533081,416074400,5.10955429077148
"666",6.07571411132812,6.09678602218628,6.00964307785034,6.03785705566406,406929600,5.10472345352173
"667",6.05214309692383,6.10500001907349,6.04035711288452,6.05000019073486,324354800,5.11498880386353
"668",6.03285694122314,6.05535697937012,5.95571422576904,5.97892904281616,303998800,5.05490159988403
"669",6.0267858505249,6.05607080459595,5.88678598403931,6.05178594589233,449181600,5.11649751663208
"670",6.15250015258789,6.1603569984436,6.01892900466919,6.07321405410767,453700800,5.13461637496948
"671",6.00571393966675,6.03035688400269,5.94642877578735,6.00750017166138,311337600,5.07905626296997
"672",5.99964284896851,6.07142877578735,5.89071416854858,5.90357112884521,469028000,4.99119138717651
"673",5.87928581237793,5.98607110977173,5.86107110977173,5.89928579330444,364249200,4.98756647109985
"674",5.94428586959839,5.96785688400269,5.89285707473755,5.94821405410767,293955200,5.02893304824829
"675",5.97428607940674,6.09642887115479,5.96750020980835,6.08249998092651,374628800,5.14246559143066
"676",6.17785692214966,6.18357086181641,6.14285707473755,6.17607116699219,315047600,5.22157716751099
"677",6.17071390151978,6.23107099533081,6.06071376800537,6.11214303970337,811087200,5.16752862930298
"678",6.14499998092651,6.1875,6.10035705566406,6.16285705566406,491134000,5.2104024887085
"679",6.1753568649292,6.18499994277954,6.10249996185303,6.1485710144043,348961200,5.19832611083984
"680",6.10107088088989,6.2107138633728,6.08035707473755,6.20428609848022,322011200,5.24542951583862
"681",6.21571397781372,6.2732138633728,6.1996431350708,6.25571393966675,426470800,5.28891134262085
"682",6.35678577423096,6.5267858505249,6.35285711288452,6.49535703659058,754023200,5.49151802062988
"683",6.49928617477417,6.67107105255127,6.49892902374268,6.59107112884521,810572000,5.5724401473999
"684",6.63678598403931,6.66249990463257,6.59857082366943,6.60785722732544,601582800,5.58663034439087
"685",6.58178615570068,6.6128568649292,6.48642921447754,6.57214307785034,437715600,5.55643749237061
"686",6.61392879486084,6.62071418762207,6.53035688400269,6.58857107162476,356753600,5.57032537460327
"687",6.62142896652222,6.74642896652222,6.60821390151978,6.625,593563600,5.60112476348877
"688",6.68571376800537,6.70357084274292,6.52750015258789,6.56500005722046,550880400,5.55039691925049
"689",6.50035715103149,6.625,6.48000001907349,6.51321411132812,445239200,5.50661611557007
"690",6.56678581237793,6.66714286804199,6.5475001335144,6.6482138633728,337444800,5.62075042724609
"691",6.66892910003662,6.69285678863525,6.58249998092651,6.62071418762207,345385600,5.59750175476074
"692",6.64750003814697,6.65892887115479,6.52178621292114,6.61964321136475,539585200,5.59659576416016
"693",6.61964321136475,6.65071392059326,6.45357084274292,6.45928621292114,524711600,5.46102142333984
"694",6.47892904281616,6.64071416854858,6.4767861366272,6.60357093811035,553308000,5.58300590515137
"695",6.65000009536743,6.67357110977173,6.58107089996338,6.64357089996338,423133200,5.61682558059692
"696",6.70499992370605,6.78607082366943,6.68928623199463,6.78607082366943,605085600,5.73730039596558
"697",6.7771430015564,6.80535697937012,6.75107097625732,6.79464292526245,465668000,5.74454784393311
"698",6.80928611755371,6.83750009536743,6.74607086181641,6.75964307785034,438211200,5.71495962142944
"699",6.74892902374268,6.81071376800537,6.73642921447754,6.80249977111816,293272000,5.75119304656982
"700",6.82214307785034,6.8396430015564,6.77285718917847,6.81464290618896,288024800,5.7614598274231
"701",6.80821418762207,6.8274998664856,6.77500009536743,6.78642892837524,348020400,5.73760223388672
"702",6.86607122421265,6.86857080459595,6.79392910003662,6.83178615570068,375510800,5.77595281600952
"703",6.77250003814697,6.81857109069824,6.76892900466919,6.80571413040161,373556400,5.75390911102295
"704",6.76249980926514,6.79857110977173,6.70857095718384,6.71607112884521,431426800,5.67812156677246
"705",6.70892906188965,6.7857141494751,6.62678623199463,6.78071403503418,942230800,5.7327733039856
"706",7.1642861366272,7.20535707473755,7.06607103347778,7.09857082366943,1141039200,6.00150489807129
"707",7.12571382522583,7.45392894744873,7.11535692214966,7.31857109069824,1193726800,6.1875057220459
"708",7.31071376800537,7.42321395874023,7.23250007629395,7.32857084274292,791392000,6.19596147537231
"709",7.34642887115479,7.34999990463257,7.25821399688721,7.28357076644897,420786800,6.15791511535645
"710",7.27392911911011,7.38392877578735,7.14642906188965,7.23142910003662,484338400,6.11383152008057
"711",7.20214319229126,7.24321413040161,7.01607084274292,7.04892921447754,756551600,5.95953607559204
"712",7.06107091903687,7.07214307785034,6.82499980926514,6.87142896652222,818386800,5.80946779251099
"713",6.9642858505249,7.02892923355103,6.86214303970337,7.01249980926514,570270400,5.92873764038086
"714",7.00214290618896,7.02857112884521,6.72035694122314,6.73214292526245,717525200,5.69170713424683
"715",6.77857112884521,6.88857078552246,6.62750005722046,6.76107120513916,678983200,5.71616649627686
"716",6.70892906188965,6.76857089996338,6.6399998664856,6.74107122421265,522541600,5.69925594329834
"717",6.81178617477417,6.92321395874023,6.79392910003662,6.81464290618896,487530400,5.7614598274231
"718",6.87142896652222,6.9642858505249,6.85071420669556,6.92964315414429,384801200,5.85868644714355
"719",6.87535715103149,6.97107076644897,6.87142896652222,6.94071388244629,295097600,5.86804485321045
"720",7.03357076644897,7.2107138633728,7.00928592681885,7.19500017166138,528855600,6.08303451538086
"721",7.17928600311279,7.32071399688721,7.1789288520813,7.24928617477417,401195200,6.12892818450928
"722",7.30571413040161,7.32142877578735,7.20821380615234,7.25892877578735,443870000,6.13708019256592
"723",7.25500011444092,7.31678581237793,7.19392919540405,7.21392917633057,363731200,6.09903717041016
"724",7.24535703659058,7.31535720825195,7.21678590774536,7.30178594589233,343240800,6.17331552505493
"725",7.33857107162476,7.42857122421265,7.32178592681885,7.37964296340942,485206400,6.23913955688477
"726",7.3600001335144,7.40857076644897,7.32142877578735,7.39285707473755,396513600,6.25031042098999
"727",7.37642908096313,7.39285707473755,7.2857141494751,7.35571384429932,374320800,6.21890783309937
"728",7.30749988555908,7.30749988555908,7.13571405410767,7.16107082366943,542326400,6.05434799194336
"729",7.11250019073486,7.15678596496582,7.06285715103149,7.1399998664856,406666400,6.03653192520142
"730",7.25,7.35714292526245,7.24821376800537,7.35285711288452,474896800,6.21649312973022
"731",7.33321380615234,7.35285711288452,7.24642896652222,7.30142879486084,318438400,6.17301416397095
"732",7.3357138633728,7.34464311599731,7.2771430015564,7.29250001907349,286454000,6.16546249389648
"733",7.11499977111816,7.24857091903687,7.08464288711548,7.1639289855957,295257200,6.05676317214966
"734",7.18249988555908,7.20285701751709,7.09892892837524,7.13964319229126,424858000,6.03623151779175
"735",7.2228569984436,7.24178600311279,7.02964305877686,7.03464317321777,465763200,5.9474573135376
"736",7.10571384429932,7.19357109069824,6.99107122421265,7.00821399688721,715260000,5.92511463165283
"737",7.05071401596069,7.10642910003662,7.00964307785034,7.01714277267456,448719600,5.93266296386719
"738",7.13214302062988,7.13857078552246,6.79571390151978,6.90428590774536,826884800,5.83724737167358
"739",6.90428590774536,6.92035722732544,6.73857116699219,6.74821376800537,714758800,5.70529651641846
"740",6.76285696029663,6.86964321136475,6.73928594589233,6.78107118606567,690398800,5.73307514190674
"741",6.83142900466919,7.07714319229126,6.79678583145142,7.06428623199463,684782000,5.97251987457275
"742",7.125,7.13214302062988,7.00428581237793,7.01535701751709,489669600,5.93115329742432
"743",7.06357097625732,7.07142877578735,6.90821409225464,6.9524998664856,429774800,5.87800931930542
"744",6.97749996185303,7.05107116699219,6.87714290618896,7.03499984741211,495790400,5.94776105880737
"745",6.99392890930176,7.0539288520813,6.90250015258789,6.93464279174805,419459600,5.86291313171387
"746",6.96785688400269,7.01785707473755,6.94821405410767,6.96535682678223,352984800,5.88887882232666
"747",6.93785715103149,6.9642858505249,6.82142877578735,6.85214281082153,388838800,5.79316234588623
"748",6.89892911911011,6.98214292526245,6.87857103347778,6.97964286804199,608770400,5.90095806121826
"749",7.00178623199463,7.13392877578735,6.98821401596069,7.07964277267456,611906400,5.98550415039062
"750",7.12285709381104,7.17321395874023,7.09499979019165,7.15571403503418,349515600,6.04981851577759
"751",7.18571376800537,7.22785711288452,7.17178583145142,7.21785688400269,345525600,6.10235595703125
"752",7.26964282989502,7.4767861366272,7.26249980926514,7.46571397781372,500889200,6.31190633773804
"753",7.56142902374268,7.64107084274292,7.48607110977173,7.55749988555908,644565600,6.3895092010498
"754",7.59392881393433,7.59714317321777,7.45464277267456,7.46785688400269,445205600,6.31371974945068
"755",7.45821380615234,7.57142877578735,7.43964290618896,7.55857086181641,412084400,6.39041423797607
"756",7.61178588867188,7.61964321136475,7.51999998092651,7.52607107162476,352410800,6.36293840408325
"757",7.62249994277954,7.6607141494751,7.58500003814697,7.64321422576904,493729600,6.46197700500488
"758",7.6642861366272,7.6996431350708,7.61607122421265,7.65642881393433,601904800,6.47314786911011
"759",7.65642881393433,7.68678617477417,7.5267858505249,7.53464317321777,552160000,6.37018489837646
"760",7.5625,7.57142877578735,7.46607112884521,7.52071380615234,477131200,6.35840797424316
"761",7.51071405410767,7.57142877578735,7.46642923355103,7.57071399688721,447610800,6.40068006515503
"762",7.59999990463257,7.60714292526245,7.44464302062988,7.50392913818359,462229600,6.3442177772522
"763",7.47107076644897,7.49178600311279,7.37214279174805,7.41857099533081,594459600,6.27205038070679
"764",7.42392921447754,7.53321409225464,7.2892861366272,7.5232138633728,605892000,6.36052227020264
"765",7.50392913818359,7.51642894744873,7.46500015258789,7.47964286804199,432894000,6.32368469238281
"766",7.53321409225464,7.55714321136475,7.35249996185303,7.35464286804199,594067600,6.2180027961731
"767",7.44035720825195,7.68535709381104,7.40142917633057,7.67999982833862,730007600,6.49307823181152
"768",7.6753568649292,7.69821405410767,7.48214292526245,7.56178617477417,612152800,6.39313268661499
"769",7.57428598403931,7.61821413040161,7.40035676956177,7.43107080459595,608154400,6.2826189994812
"770",7.38500022888184,7.4107141494751,7.04142904281616,7.0625,881767600,5.97100973129272
"771",7.23250007629395,7.31071376800537,7.14964294433594,7.25250005722046,1065699600,6.13164663314819
"772",7.35535717010498,7.63250017166138,7.2350001335144,7.35500001907349,1867110000,6.21830606460571
"773",7.38749980926514,7.52071380615234,7.12607097625732,7.42428588867188,1722568400,6.27688503265381
"774",7.31892919540405,7.3392858505249,7.09642887115479,7.11749982833862,1173502400,6.01751041412354
"775",7.18142890930176,7.22142887115479,6.79464292526245,6.85928583145142,1245952400,5.79920244216919
"776",6.87035703659058,7,6.83214282989502,6.95464277267456,749876400,5.87982225418091
"777",6.99678611755371,7.01142883300781,6.90642881393433,6.99499988555908,698342400,5.91394233703613
"778",6.97035694122314,7.15000009536743,6.94357109069824,7.11535692214966,615328000,6.01569747924805
"779",7.02607107162476,7.08464288711548,6.84178590774536,6.85892915725708,757652000,5.79890012741089
"780",6.87964296340942,7,6.81607103347778,6.98071384429932,850306800,5.90186309814453
"781",6.98892879486084,7.06714296340942,6.92857122421265,6.93285703659058,478270800,5.861403465271
"782",7.0149998664856,7.05357122421265,6.95535707473755,7.00678586959839,632886800,5.92390584945679
"783",6.99607086181641,7.02142906188965,6.93785715103149,6.96857118606567,370361600,5.89159727096558
"784",6.96000003814697,7.13392877578735,6.93071413040161,7.09535694122314,550345600,5.99878740310669
"785",7.07535696029663,7.20142889022827,6.98214292526245,7.15642881393433,655468800,6.05042314529419
"786",7.21214294433594,7.27464294433594,7.19714307785034,7.26428604125977,543737600,6.14161252975464
"787",7.29250001907349,7.29678583145142,7.17357110977173,7.23392915725708,436396800,6.11594581604004
"788",7.20107078552246,7.28178596496582,7.17571401596069,7.24749994277954,422825200,6.12741708755493
"789",7.20928621292114,7.25714302062988,7.18249988555908,7.2024998664856,415469600,6.08937311172485
"790",7.2264289855957,7.23214292526245,7.11392879486084,7.15785694122314,390563600,6.05162906646729
"791",7.14285707473755,7.19035720825195,6.98964309692383,7.03785705566406,575094800,5.95017433166504
"792",7.07964277267456,7.19428586959839,7.06571388244629,7.16642904281616,460566400,6.05887699127197
"793",7.04928588867188,7.24499988555908,7.03178596496582,7.2142858505249,665126000,6.09933805465698
"794",7.22785711288452,7.3274998664856,7.2142858505249,7.30785703659058,507460800,6.17844915390015
"795",7.3482141494751,7.48214292526245,7.33750009536743,7.46392917633057,550093600,6.31040048599243
"796",7.49749994277954,7.52964305877686,7.41928577423096,7.45892906188965,566546400,6.30617237091064
"797",7.46214294433594,7.49535703659058,7.42642879486084,7.47607088088989,372052800,6.32066488265991
"798",7.47428607940674,7.53285694122314,7.45107078552246,7.52535676956177,366041200,6.36233520507812
"799",7.67642879486084,7.84642887115479,7.66535711288452,7.81964302062988,899620400,6.61113691329956
"800",7.85750007629395,7.86035680770874,7.79464292526245,7.82428598403931,429889600,6.61506319046021
"801",7.79678583145142,8.0357141494751,7.78178596496582,7.96500015258789,920259200,6.73403167724609
"802",7.99392890930176,8.05285739898682,7.97142887115479,8.02999973297119,596218000,6.78898525238037
"803",7.99678611755371,8.05357074737549,7.97571420669556,8.05357074737549,405700400,6.808913230896
"804",8.12035655975342,8.13321399688721,8.0625,8.09285736083984,416323600,6.84212636947632
"805",8.04928588867188,8.05357074737549,7.86607122421265,7.99428606033325,493502800,6.75879096984863
"806",8.00642871856689,8.03499984741211,7.94678592681885,8.01607131958008,446908000,6.77720880508423
"807",8.03214263916016,8.08749961853027,7.97392892837524,8.00428581237793,450956800,6.76724576950073
"808",8.00357055664062,8.0357141494751,7.95035696029663,8.02321434020996,342109600,6.78324794769287
"809",8.02821445465088,8.04428577423096,7.90107107162476,7.9375,559445600,6.71078109741211
"810",7.87392902374268,8.07142925262451,7.86250019073486,8.0267858505249,456419600,6.7862696647644
"811",8.05857086181641,8.17071437835693,8.00357055664062,8.15571403503418,602431200,6.89527082443237
"812",8.13000011444092,8.22142887115479,8.12535667419434,8.19178581237793,597780400,6.92576789855957
"813",8.24714279174805,8.24892902374268,8.08035659790039,8.09464263916016,542284400,6.84363698959351
"814",8.17678642272949,8.28392887115479,8.16250038146973,8.24642944335938,640875200,6.97196769714355
"815",8.32142925262451,8.35249996185303,8.27214336395264,8.29964256286621,540744400,7.01695775985718
"816",8.44999980926514,8.48142910003662,8.36607074737549,8.42321395874023,527310000,7.12142992019653
"817",8.41035747528076,8.45035743713379,8.37357139587402,8.39285659790039,430659600,7.09576272964478
"818",8.478928565979,8.5260705947876,8.3125,8.42749977111816,603145200,7.1250524520874
"819",8.39214324951172,8.51821422576904,8.38464260101318,8.51749992370605,684507600,7.20114612579346
"820",8.50714302062988,8.57999992370605,8.4642858505249,8.55500030517578,447017200,7.23285150527954
"821",8.55535697937012,8.64000034332275,8.5235710144043,8.59285736083984,628502000,7.26485586166382
"822",8.58714294433594,8.62642860412598,8.50142860412598,8.56964302062988,572989200,7.2452278137207
"823",8.6225004196167,8.63892936706543,8.58785724639893,8.63535690307617,334182800,7.30078554153442
"824",8.64999961853027,8.68107128143311,8.63607120513916,8.65321445465088,333026400,7.31588315963745
"825",8.63785743713379,8.67142868041992,8.61107063293457,8.65821361541748,306210800,7.32010889053345
"826",8.76000022888184,8.77892875671387,8.71678638458252,8.77464294433594,404076400,7.41854524612427
"827",8.77785682678223,8.89392852783203,8.76821422576904,8.89000034332275,376784800,7.51607465744019
"828",8.8774995803833,8.96928596496582,8.73392868041992,8.83571434020996,750545600,7.47017860412598
"829",8.82250022888184,8.85321426391602,8.63464260101318,8.82392883300781,566924400,7.46021461486816
"830",8.87642860412598,8.9017858505249,8.67714309692383,8.7353572845459,738326400,7.3853325843811
"831",9.24285697937012,9.29464340209961,9.13321399688721,9.25785732269287,982391200,7.82708024978638
"832",9.22285747528076,9.5267858505249,9.14999961853027,9.51678562164307,793424800,8.04599475860596
"833",9.57107067108154,9.72071361541748,9.5357141494751,9.67249965667725,796955600,8.17763900756836
"834",9.71000003814697,9.73071384429932,9.57821369171143,9.625,479068800,8.13748073577881
"835",9.54535675048828,9.56571388244629,9.30428600311279,9.35857105255127,709343600,7.91223049163818
"836",9.4017858505249,9.42857074737549,9.15750026702881,9.34285736083984,758402400,7.89894104003906
"837",9.39357089996338,9.64285659790039,9.35750007629395,9.59428596496582,558840800,8.11151504516602
"838",9.61821365356445,9.6632137298584,9.32142925262451,9.3246431350708,542463600,7.88354587554932
"839",9.4228572845459,9.56714344024658,9.38857078552246,9.51249980926514,454342000,8.04236888885498
"840",9.38892936706543,9.40321445465088,9.16964340209961,9.23857116699219,723819600,7.81077480316162
"841",9.03678607940674,9.21928596496582,8.88321399688721,9.14249992370605,883103200,7.72955274581909
"842",9.06535720825195,9.2232141494751,7.11607122421265,8.79464340209961,1285860800,7.43545818328857
"843",8.70392894744873,8.80607128143311,8.04321384429932,8.42357063293457,1676018400,7.12172985076904
"844",8.9375,9.09464263916016,8.87607097625732,9.07107067108154,984306400,7.66916084289551
"845",8.99428558349609,9.28178596496582,8.94642925262451,9.1614294052124,848906800,7.74555587768555
"846",9.25857067108154,9.39750003814697,9.23928642272949,9.3603572845459,654379600,7.9137396812439
"847",9.40071392059326,9.4642858505249,9.15714263916016,9.22714328765869,599712400,7.80111122131348
"848",9.1128568649292,9.15999984741211,8.9107141494751,9.0649995803833,759362800,7.66402959823608
"849",9.09642887115479,9.1492862701416,8.84678554534912,9.07928562164307,762834800,7.67610645294189
"850",9.17785739898682,9.23392868041992,8.93785667419434,9.01285743713379,782678400,7.6199426651001
"851",8.9107141494751,9.03285694122314,8.74464321136475,8.86928558349609,1025726800,7.49856328964233
"852",8.63857078552246,8.70892906188965,8.43607139587402,8.49142932891846,1282915200,7.1791033744812
"853",8.3149995803833,8.73214340209961,8.26249980926514,8.65428638458252,1223891200,7.31678867340088
"854",8.83142852783203,8.96071434020996,8.79500007629395,8.81285667419434,754238800,7.45085430145264
"855",8.54821395874023,8.81285667419434,8.47000026702881,8.75785732269287,1048006400,7.40435314178467
"856",8.93142890930176,9.00464344024658,8.70535659790039,8.71821403503418,850654000,7.37083768844604
"857",8.94999980926514,9.06750011444092,8.89678573608398,9.04821395874023,666282400,7.64983892440796
"858",9.26392936706543,9.26428604125977,9.04821395874023,9.17428588867188,815614800,7.75642585754395
"859",9.27464294433594,9.49785709381104,9.24857139587402,9.31535720825195,876472800,7.87569427490234
"860",9.44785690307617,9.45714282989502,9.29749965667725,9.42678642272949,688548000,7.96990537643433
"861",9.47071361541748,9.48392868041992,9.3003568649292,9.39714336395264,650106800,7.94484186172485
"862",9.22178554534912,9.35357093811035,9.09392929077148,9.14142894744873,758304400,7.72864675521851
"863",9.22464275360107,9.25535678863525,8.94821357727051,8.96214294433594,886942000,7.57706737518311
"864",9.04428577423096,9.06428623199463,8.77321434020996,8.90464305877686,1000770400,7.52845478057861
"865",8.98107147216797,8.99642944335938,8.66035747528076,8.68571376800537,854630000,7.34336280822754
"866",8.74428558349609,8.9635705947876,8.64999961853027,8.94678592681885,776356000,7.56408596038818
"867",8.86535739898682,9.06642913818359,8.83464336395264,9.05392932891846,545759200,7.65467166900635
"868",9.14142894744873,9.25535678863525,9.07178592681885,9.08142852783203,602960400,7.67791748046875
"869",9.13000011444092,9.28035736083984,9.125,9.27464294433594,585074000,7.84127426147461
"870",9.32499980926514,9.5625,9.30821418762207,9.54464340209961,783678000,8.06954574584961
"871",9.66428565979004,9.74642944335938,9.625,9.70964336395264,872855200,8.20904350280762
"872",9.7232141494751,9.82142925262451,9.69357109069824,9.7882137298584,784621600,8.27547359466553
"873",9.91749954223633,9.96464252471924,9.59749984741211,9.64892864227295,776490400,8.15771484375
"874",9.72000026702881,9.85607147216797,9.69642925262451,9.78035736083984,717262000,8.26882934570312
"875",9.80642890930176,9.80928611755371,9.56785678863525,9.67749977111816,768457200,8.1818733215332
"876",9.67857074737549,9.75714302062988,9.57499980926514,9.60714340209961,714277200,8.1223840713501
"877",9.64500045776367,9.65250015258789,9.49321365356445,9.52499961853027,549942400,8.05293655395508
"878",9.53321361541748,9.63392925262451,9.44714260101318,9.58214282989502,584948000,8.10125064849854
"879",9.43285655975342,9.44250011444092,9.08214282989502,9.14892864227295,1133344800,7.73498821258545
"880",9.16821384429932,9.21321392059326,8.92892932891846,8.98321437835693,739452000,7.59488487243652
"881",9.08214282989502,9.10000038146973,8.68642902374268,8.87428569793701,1022896000,7.50278854370117
"882",8.94607067108154,8.9617862701416,8.68571376800537,8.81928634643555,693842800,7.45629119873047
"883",8.9642858505249,9.02857112884521,8.791428565979,8.87964344024658,615235600,7.50731611251831
"884",8.94607067108154,9.24178600311279,8.91964340209961,9.23821353912354,654556000,7.81047534942627
"885",9.37428569793701,9.38928604125977,9.10321426391602,9.21749973297119,738144400,7.79296350479126
"886",9.17464256286621,9.28214263916016,9.1128568649292,9.27214336395264,433322400,7.83915996551514
"887",9.23321437835693,9.35178565979004,9.10214328765869,9.18892860412598,562878400,7.76880168914795
"888",9.15428638458252,9.15714263916016,8.80107116699219,8.99285697937012,1190924000,7.60303688049316
"889",8.90642929077148,9.13571357727051,8.89285659790039,9.0260705947876,812047600,7.63111877441406
"890",8.86535739898682,9.17749977111816,8.83214282989502,8.98035717010498,824866000,7.59246444702148
"891",9.04214286804199,9.10607147216797,8.87178611755371,8.92500019073486,1039858400,7.54566764831543
"892",8.92428588867188,8.92428588867188,8.55714321136475,8.77071380615234,1024478000,7.4152250289917
"893",8.67500019073486,9.03214263916016,8.57178592681885,8.99607086181641,1074950800,7.60575389862061
"894",9.46749973297119,9.46964263916016,9.07142925262451,9.07999992370605,1185671200,7.67671060562134
"895",9.20285701751709,9.2857141494751,9.11821365356445,9.25071430206299,645318800,7.82104063034058
"896",9.18178558349609,9.29928588867188,9.15285682678223,9.28357124328613,533388800,7.84882164001465
"897",9.2857141494751,9.28928565979004,9.20392894744873,9.26000022888184,420551600,7.82889270782471
"898",9.31678581237793,9.45714282989502,9.29642868041992,9.43142890930176,584771600,7.97382783889771
"899",9.41678619384766,9.49964332580566,9.29464340209961,9.31999969482422,519985200,7.87962102890015
"900",9.31107139587402,9.38035678863525,9.14642906188965,9.21821403503418,643806800,7.79356288909912
"901",9.13892936706543,9.27499961853027,9.10357093811035,9.1875,448210000,7.76759767532349
"902",9.30142879486084,9.37821388244629,9.27214336395264,9.35178565979004,428055600,7.90649557113647
"903",9.32178592681885,9.40214252471924,9.26500034332275,9.35464286804199,417653600,7.90890836715698
"904",9.3871431350708,9.43857097625732,9.29678630828857,9.39214324951172,420375200,7.94061374664307
"905",9.34749984741211,9.3992862701416,9.30535697937012,9.34642887115479,289097200,7.90196228027344
"906",9.27785682678223,9.33892917633057,9.20107078552246,9.2889289855957,444897600,7.85334920883179
"907",9.3385705947876,9.36250019073486,9.27035713195801,9.3482141494751,303128000,7.90347719192505
"908",9.28035736083984,9.30178642272949,9.19821357727051,9.2646427154541,451920000,7.83281707763672
"909",9.12142944335938,9.13178634643555,8.92178630828857,8.93535709381104,620054400,7.55442142486572
"910",8.81035709381104,9.03928565979004,8.78999996185303,8.99250030517578,534920400,7.60273456573486
"911",8.98750019073486,8.99571418762207,8.896071434021,8.89642906188965,354869200,7.5215106010437
"912",8.84214305877686,8.92892932891846,8.80785655975342,8.84428596496582,318430000,7.47742462158203
"913",8.93142890930176,9.09392929077148,8.89999961853027,8.99892902374268,422640400,7.60816621780396
"914",9.01285743713379,9.09535694122314,8.98499965667725,9.0382137298584,339696000,7.64138221740723
"915",9.02999973297119,9.05285739898682,8.88142871856689,8.92428588867188,426706000,7.5450611114502
"916",8.90678596496582,9.06857109069824,8.89285659790039,8.91571426391602,384230000,7.53781747817993
"917",8.99250030517578,9,8.75892925262451,8.77857112884521,414041600,7.42186641693115
"918",8.66678619384766,8.67857074737549,8.52321434020996,8.56892871856689,602565600,7.24462080001831
"919",8.50142860412598,8.71392917633057,8.47142887115479,8.67464256286621,596867600,7.3339991569519
"920",8.76607131958008,8.7767858505249,8.58142852783203,8.58142852783203,466505200,7.25519275665283
"921",8.63392925262451,8.66464328765869,8.41285705566406,8.62928581237793,548391200,7.295654296875
"922",8.59857082366943,8.7767858505249,8.59571361541748,8.6607141494751,383289200,7.32222414016724
"923",8.63749980926514,8.73428630828857,8.58392906188965,8.68214321136475,420786800,7.34034299850464
"924",8.83821392059326,8.98071384429932,8.79571437835693,8.94035720825195,697037600,7.55864906311035
"925",8.97357082366943,9.00607109069824,8.8774995803833,9.00607109069824,415427600,7.61420774459839
"926",9.1103572845459,9.24214267730713,9.0892858505249,9.24178600311279,520788800,7.81349468231201
"927",9.16571426391602,9.26892852783203,9.1517858505249,9.20750045776367,342557600,7.78450489044189
"928",9.27785682678223,9.44250011444092,9.25357055664062,9.39000034332275,526551200,7.93879985809326
"929",9.46571445465088,9.51857089996338,9.39000034332275,9.39535713195801,438575200,7.94332885742188
"930",9.39964294433594,9.44642925262451,9.33571434020996,9.40750026702881,387542400,7.95359706878662
"931",9.49357128143311,9.58142852783203,9.49142932891846,9.53714275360107,388780000,8.06320190429688
"932",9.50749969482422,9.61321353912354,9.48285675048828,9.57357120513916,408150400,8.09400081634521
"933",9.57750034332275,9.65642929077148,9.56571388244629,9.65071392059326,429368800,8.15922355651855
"934",9.65142917633057,9.88107109069824,9.625,9.8774995803833,652103200,8.35095882415771
"935",9.91749954223633,9.92714309692383,9.7742862701416,9.83464336395264,634477200,8.31472682952881
"936",9.85999965667725,10.1350002288818,9.85178565979004,10.1153573989868,658677600,8.5520601272583
"937",10.1378574371338,10.2624998092651,10.0996427536011,10.1346426010132,668074400,8.56836318969727
"938",10.0967855453491,10.2849998474121,10.0860710144043,10.2767858505249,585289600,8.68853664398193
"939",10.2260713577271,10.455714225769,10.2142858505249,10.3185710906982,786116800,8.72386169433594
"940",10.4321432113647,10.4832143783569,10.3767862319946,10.4399995803833,649488000,8.82652568817139
"941",10.499285697937,10.5260705947876,10.393214225769,10.3985710144043,482834800,8.79150295257568
"942",10.4203567504883,10.4203567504883,9.82142925262451,10.2449998855591,1035042400,8.66166400909424
"943",10.2582139968872,10.3503570556641,10.2142858505249,10.2632141113281,469644000,8.67706108093262
"944",10.3214292526245,10.3571434020996,10.0446434020996,10.1339292526245,673391600,8.56775856018066
"945",10.2196426391602,10.2349996566772,10.0482139587402,10.0900001525879,448142800,8.53061771392822
"946",10.0571432113647,10.1035709381104,9.92035675048828,9.95142936706543,435302000,8.4134635925293
"947",10.0714292526245,10.3374996185303,10.0649995803833,10.3192863464355,501967200,8.72446918487549
"948",10.3424997329712,10.4282140731812,10.1878566741943,10.3282136917114,670868800,8.73201751708984
"949",10.3692855834961,10.374285697937,10.2467861175537,10.3292856216431,408399600,8.73292350769043
"950",10.4182138442993,10.5178565979004,10.3571434020996,10.5024995803833,658403200,8.87936687469482
"951",10.5264291763306,10.6157140731812,10.5214290618896,10.5485706329346,427753200,8.91831874847412
"952",10.5503568649292,10.6964292526245,10.4460706710815,10.6621427536011,558544000,9.0143404006958
"953",10.7214288711548,10.7842855453491,10.707142829895,10.7192859649658,630092400,9.06264591217041
"954",10.7746429443359,10.8024997711182,10.7285709381104,10.7967863082886,435296400,9.128173828125
"955",10.9799995422363,11.25,10.8896427154541,11.2407140731812,922194000,9.503493309021
"956",11.3739290237427,11.3928565979004,11.2246427536011,11.3571434020996,1093010800,9.60192680358887
"957",10.83571434021,11.2060708999634,10.7150001525879,11.0532140731812,1232784000,9.34496879577637
"958",11.0357141494751,11.2232141494751,10.9596433639526,11.0903568267822,721624400,9.37637329101562
"959",11.1557140350342,11.2407140731812,10.957142829895,11.0542860031128,551460000,9.34587860107422
"960",11.0382137298584,11.0728569030762,10.9392862319946,10.981071472168,372778000,9.2839822769165
"961",11.0389289855957,11.1285705566406,11.0157136917114,11.0299997329712,392462000,9.32534122467041
"962",10.9596433639526,11.0621433258057,10.9160709381104,11.0017862319946,392929600,9.30148983001709
"963",10.9875001907349,11.0678567886353,10.91428565979,10.9939289093018,399002800,9.29484462738037
"964",10.9982137680054,11,10.7464294433594,10.9014291763306,551051200,9.21664237976074
"965",10.8653573989868,10.9242858886719,10.7453565597534,10.749285697937,430511200,9.08801364898682
"966",10.793571472168,10.91428565979,10.792857170105,10.8635711669922,423889200,9.18463230133057
"967",10.9642858505249,11.0782136917114,10.9642858505249,11.0485706329346,433930000,9.3410472869873
"968",11.1203565597534,11.1742858886719,11.018928527832,11.1714286804199,508348400,9.44491672515869
"969",11.2660713195801,11.4350004196167,11.2510709762573,11.3667860031128,642488000,9.61008167266846
"970",11.356785774231,11.4132137298584,11.3125,11.3260707855225,361253200,9.57565879821777
"971",11.3285713195801,11.4203567504883,11.3128566741943,11.3792858123779,281758400,9.62065124511719
"972",11.4660711288452,11.4750003814697,11.2321434020996,11.2885713577271,383544000,9.54395484924316
"973",11.3085708618164,11.3846426010132,11.1982135772705,11.3582143783569,384227200,9.60283374786377
"974",11.25,11.3714294433594,11.2232141494751,11.3089294433594,361284000,9.56116676330566
"975",11.2857141494751,11.3035707473755,10.8439292907715,11.0010709762573,795846800,9.3008861541748
"976",11.0164289474487,11.0907144546509,10.938214302063,10.9657144546509,403606000,9.27099418640137
"977",10.918571472168,10.9857139587402,10.6899995803833,10.771071434021,657650000,9.10642910003662
"978",10.7571430206299,10.856785774231,10.6342859268188,10.7321434020996,479449600,9.07351875305176
"979",10.8999996185303,11.059642791748,10.8817863464355,11.0153570175171,494491200,9.31296348571777
"980",10.9989290237427,11.0142860412598,10.9014291763306,10.9546432495117,384843200,9.26163387298584
"981",10.9528570175171,11.1914291381836,10.9239292144775,11.1914291381836,393075200,9.46182632446289
"982",11.0874996185303,11.1339292526245,10.9485712051392,11.0260705947876,519447600,9.32202243804932
"983",11.1428565979004,11.2642860412598,11.1339292526245,11.2428569793701,413725200,9.50530338287354
"984",11.2049999237061,11.3464288711548,11.1764287948608,11.25,237585600,9.51134395599365
"985",11.2678565979004,11.3385705947876,11.1207141876221,11.3167858123779,445785200,9.56780815124512
"986",11.1978569030762,11.2271432876587,11.102499961853,11.1125001907349,501858000,9.39509296417236
"987",11.2596426010132,11.3482141494751,11.25,11.3000001907349,461750800,9.55361557006836
"988",11.3403568267822,11.3928565979004,11.2460708618164,11.3625001907349,462837200,9.60645771026611
"989",11.3217859268188,11.3803567886353,11.2978572845459,11.3371429443359,342092800,9.58501625061035
"990",11.3800001144409,11.5117864608765,11.372142791748,11.4339294433594,448481600,9.66684722900391
"991",11.5642862319946,11.5710706710815,11.3614292144775,11.3646430969238,391454000,9.6082706451416
"992",11.4153566360474,11.4650001525879,11.3253574371338,11.4646425247192,321935600,9.69281673431396
"993",11.5046434402466,11.5178565979004,11.3935708999634,11.4200000762939,294151200,9.65507125854492
"994",11.4160709381104,11.4660711288452,11.3785705566406,11.4485712051392,262511200,9.67922687530518
"995",11.5846433639526,11.6092863082886,11.4642858505249,11.4882135391235,439815600,9.71274089813232
"996",11.4903573989868,11.5192861557007,11.3928565979004,11.438928604126,351008000,9.6710729598999
"997",11.4285707473755,11.5357141494751,11.3996429443359,11.4414291381836,417312000,9.67318916320801
"998",11.4674997329712,11.521785736084,11.4321432113647,11.4732141494751,322030800,9.70005989074707
"999",11.4867858886719,11.4925003051758,11.436785697937,11.4503574371338,386929200,9.68073463439941
"1000",11.4857139587402,11.5446434020996,11.3653573989868,11.5074996948242,385610400,9.72904968261719
"1001",11.5357141494751,11.5853567123413,11.5017862319946,11.5785713195801,256354000,9.78913402557373
"1002",11.584285736084,11.6328573226929,11.5553569793701,11.6128568649292,265921600,9.81812381744385
"1003",11.6071434020996,11.6125001907349,11.5417861938477,11.5571432113647,223157200,9.77101993560791
"1004",11.5303573608398,11.622857093811,11.4828567504883,11.5957136154175,249816000,9.80362987518311
"1005",11.6396427154541,11.666428565979,11.6092863082886,11.6239290237427,175924000,9.82748508453369
"1006",11.6507139205933,11.6589288711548,11.6107139587402,11.6175003051758,163139200,9.82205009460449
"1007",11.624285697937,11.6253566741943,11.5375003814697,11.5592861175537,157494400,9.77282810211182
"1008",11.5339288711548,11.5528573989868,11.4753570556641,11.5200004577637,193508000,9.73961544036865
"1009",11.6300001144409,11.7950000762939,11.6014289855957,11.770357131958,445138400,9.95128059387207
"1010",11.872857093811,11.875,11.7196426391602,11.8317861557007,309080800,10.0032167434692
"1011",11.769642829895,11.9407138824463,11.7678565979004,11.9285707473755,255519600,10.0850448608398
"1012",11.9542856216431,11.9732141494751,11.8892860412598,11.9189291000366,300428800,10.0768928527832
"1013",11.9282140731812,12.0124998092651,11.8535709381104,12.0042858123779,311931200,10.149055480957
"1014",12.1010713577271,12.2582139968872,12.0417861938477,12.230357170105,448560000,10.3401899337769
"1015",12.3171434402466,12.3199996948242,12.1239290237427,12.2014293670654,444108000,10.3157339096069
"1016",12.2589292526245,12.3010711669922,12.2142858505249,12.3007135391235,302590400,10.3996725082397
"1017",12.3271427154541,12.3800001144409,12.2803573608398,12.3457136154175,296780400,10.4377202987671
"1018",12.353214263916,12.4457139968872,12.3014287948608,12.4457139968872,308840000,10.5222625732422
"1019",11.7685708999634,12.3128566741943,11.6428565979004,12.1660709381104,1880998000,10.2858352661133
"1020",12.4410705566406,12.4499998092651,12.0314292907715,12.1014289855957,1135612800,10.2311868667603
"1021",12.0153570175171,12.082142829895,11.789999961853,11.8814287185669,764789200,10.0451879501343
"1022",11.9203567504883,11.960000038147,11.6653566360474,11.668571472168,754401200,9.86522674560547
"1023",11.6739292144775,12.0517864227295,11.668571472168,12.0517864227295,574683200,10.1892156600952
"1024",12.0117864608765,12.1942863464355,11.9489288330078,12.1928567886353,546868000,10.3084840774536
"1025",12.248571395874,12.3428573608398,12.1964292526245,12.2803573608398,506875600,10.3824596405029
"1026",12.2778568267822,12.310357093811,12.2439289093018,12.2574996948242,285026000,10.3631362915039
"1027",12.2917861938477,12.3000001907349,11.9117860794067,12.0035705566406,592057200,10.1484518051147
"1028",11.9928569793701,12.1442861557007,11.9392862319946,12.1185712814331,377246800,10.2456798553467
"1029",12.1892862319946,12.3446426391602,12.1778573989868,12.3225002288818,426633200,10.4180889129639
"1030",12.3017864227295,12.3303565979004,12.269642829895,12.2971429824829,258955200,10.396653175354
"1031",12.2785711288452,12.294285774231,12.0910711288452,12.2657136917114,393797600,10.3700819015503
"1032",12.2728567123413,12.3821430206299,12.268214225769,12.375,321840400,10.4624767303467
"1033",12.4246425628662,12.6160707473755,12.415714263916,12.5671434402466,485021600,10.6249227523804
"1034",12.6314287185669,12.6971426010132,12.5767860412598,12.6857137680054,381040800,10.725170135498
"1035",12.685357093811,12.8214292526245,12.6739292144775,12.791428565979,482745200,10.8145475387573
"1036",12.7639293670654,12.8571434020996,12.4285707473755,12.6621427536011,928550000,10.7052421569824
"1037",12.6696434020996,12.7785711288452,12.626428604126,12.7446432113647,367572800,10.7749929428101
"1038",12.7425003051758,12.8385705947876,12.7396430969238,12.8278570175171,310416400,10.8453454971313
"1039",12.8282136917114,12.856071472168,12.769642829895,12.8535709381104,284174800,10.8670892715454
"1040",12.8857135772705,13.0321426391602,12.875,12.9689292907715,481157600,10.964617729187
"1041",12.7589292526245,12.8667860031128,12.7328567504883,12.7964286804199,530583200,10.818775177002
"1042",12.811071395874,12.8392858505249,12.4828567504883,12.5200004577637,816057200,10.5850706100464
"1043",12.2196426391602,12.33571434021,12.0614290237427,12.0932140350342,872555600,10.2242422103882
"1044",12.0989294052124,12.3085708618164,12.0932140350342,12.2364292144775,671854400,10.3453216552734
"1045",12.2864294052124,12.3267860412598,12.0846433639526,12.2457141876221,499900800,10.3531770706177
"1046",12.330714225769,12.4439287185669,12.3142862319946,12.4342861175537,380018800,10.512598991394
"1047",12.544285774231,12.6803569793701,12.539999961853,12.6146430969238,403074000,10.6650848388672
"1048",12.6953573226929,12.7042856216431,12.417142868042,12.4753570556641,456136800,10.5473260879517
"1049",12.498571395874,12.6553573608398,12.4428567886353,12.5757141113281,602590800,10.6321716308594
"1050",12.7567863464355,12.8496427536011,12.7114286422729,12.8414287567139,500788400,10.856819152832
"1051",12.8596429824829,12.8675003051758,12.7767858505249,12.8571434020996,453266800,10.8701086044312
"1052",12.9071426391602,12.9167861938477,12.5467863082886,12.6914291381836,546123200,10.7300062179565
"1053",12.6753568649292,12.7642860412598,12.5803565979004,12.705714225769,356316800,10.7420806884766
"1054",12.6674995422363,12.6700000762939,12.5214290618896,12.5882139205933,453306000,10.6427421569824
"1055",12.4685707092285,12.4917860031128,12.3178567886353,12.3810710906982,507539200,10.4676122665405
"1056",12.3332138061523,12.582857131958,12.3214292526245,12.5710706710815,471080400,10.6282434463501
"1057",12.6135711669922,12.7314291000366,12.5467863082886,12.627142906189,435957200,10.6756553649902
"1058",12.2178573608398,12.4228572845459,12.1464290618896,12.3367862701416,721081200,10.4301700592041
"1059",12.2142858505249,12.25,11.6521425247192,11.7860708236694,1162011200,9.96456813812256
"1060",12.0296430587769,12.1289291381836,11.8092861175537,11.9514293670654,659422400,10.1043691635132
"1061",12.0403566360474,12.0785713195801,11.7857141494751,11.809642791748,753214000,9.98449420928955
"1062",11.9996433258057,12.1335706710815,11.9735708236694,12.1178569793701,409402000,10.2450733184814
"1063",12.2342863082886,12.2364292144775,12.1121425628662,12.1857137680054,325922800,10.3024454116821
"1064",12.1171426773071,12.1507139205933,11.9982137680054,12.1139287948608,372996400,10.2417507171631
"1065",12.2089290618896,12.3571434020996,12.1021432876587,12.3203573226929,404712000,10.4162788391113
"1066",12.4310712814331,12.5735712051392,12.3935708999634,12.5550003051758,448910000,10.6146602630615
"1067",12.6125001907349,12.6542863845825,12.5157136917114,12.5157136917114,309355200,10.5814437866211
"1068",12.416428565979,12.5342855453491,12.3592863082886,12.5342855453491,352900800,10.5971441268921
"1069",12.5228567123413,12.5314292907715,12.4085712432861,12.4510707855225,329406000,10.5267925262451
"1070",12.3699998855591,12.4928569793701,12.3592863082886,12.4467859268188,274019200,10.5231704711914
"1071",12.5396432876587,12.5567855834961,12.2607135772705,12.3057136535645,418661600,10.4039001464844
"1072",12.2967863082886,12.3071432113647,12.08571434021,12.185357093811,460084800,10.3021430969238
"1073",12.0353574752808,12.2232141494751,12,12.103214263916,482731200,10.2326955795288
"1074",12.1864290237427,12.2821426391602,12.040714263916,12.0728569030762,402539200,10.2070302963257
"1075",12.0749998092651,12.1582136154175,12.0010709762573,12.0742864608765,373447200,10.2082376480103
"1076",12.1400003433228,12.14821434021,11.9267864227295,11.9664287567139,377535200,10.1170492172241
"1077",11.9307136535645,11.9882135391235,11.7864294052124,11.8142862319946,398946800,9.98841953277588
"1078",11.8032140731812,11.9189291000366,11.792857170105,11.8714294433594,425639200,10.0367336273193
"1079",11.9650001525879,12.0050001144409,11.875714302063,12.0046434402466,346220000,10.1493577957153
"1080",11.957142829895,12,11.8592863082886,11.872142791748,301800800,10.0373344421387
"1081",11.9035711288452,11.915714263916,11.6714286804199,11.6949996948242,453605600,9.8875675201416
"1082",11.6464290618896,11.8653573989868,11.4342861175537,11.85178565979,609898800,10.0201253890991
"1083",11.8964290618896,12.0707139968872,11.8467855453491,12.0664291381836,419378400,10.2015943527222
"1084",12.268214225769,12.3482141494751,12.1964292526245,12.228928565979,700666400,10.3389844894409
"1085",12.6785707473755,12.6832141876221,12.4471426010132,12.5249996185303,753810400,10.5892934799194
"1086",12.5121431350708,12.6339292526245,12.5107135772705,12.6075000762939,266546000,10.6590461730957
"1087",12.6292858123779,12.6782140731812,12.47678565979,12.5150003433228,338800000,10.5808372497559
"1088",12.5799999237061,12.5839290618896,12.3964290618896,12.5053567886353,356213200,10.5726900100708
"1089",12.3639287948608,12.4910707473755,12.3400001525879,12.3839292526245,360959200,10.470027923584
"1090",12.3850002288818,12.6410713195801,12.3810710906982,12.5046434402466,1006345200,10.5720834732056
"1091",12.4907140731812,12.5167856216431,12.3392858505249,12.3671426773071,442713600,10.4558343887329
"1092",12.4282140731812,12.4960708618164,12.3435707092285,12.4357137680054,313348000,10.5138072967529
"1093",12.4378566741943,12.565357208252,12.3885707855225,12.4846429824829,389250400,10.5551767349243
"1094",12.4428567886353,12.5339288711548,12.3589286804199,12.3839292526245,335969200,10.470027923584
"1095",12.4889287948608,12.5,12.3646430969238,12.3807144165039,280134400,10.4673080444336
"1096",12.4235706329346,12.4714288711548,12.3760709762573,12.41428565979,204747200,10.4956932067871
"1097",12.4603567123413,12.4889287948608,12.3807144165039,12.480357170105,282091600,10.5515518188477
"1098",12.4650001525879,12.5,12.3299999237061,12.4010705947876,3.36e+08,10.4845209121704
"1099",12.3614292144775,12.3971433639526,12.2239294052124,12.3774995803833,3.22e+08,10.4645891189575
"1100",12.3450002670288,12.3660707473755,12.1553573608398,12.1607141494751,326116000,10.2813119888306
"1101",12.1142864227295,12.1864290237427,11.8785705566406,11.9035711288452,449775200,10.0639085769653
"1102",11.8571434020996,12.0050001144409,11.811785697937,12.0050001144409,452334400,10.149658203125
"1103",12.0167856216431,12.1803569793701,12,12.1382141113281,334776400,10.2622833251953
"1104",12.2171430587769,12.228928565979,12.0953569412231,12.1617860794067,261170000,10.2822141647339
"1105",12.127142906189,12.1767864227295,11.9650001525879,11.9721431732178,337968400,10.121880531311
"1106",11.7846431732178,11.999285697937,11.7650003433228,11.9428567886353,383600000,10.0971193313599
"1107",11.9821434020996,11.9964294433594,11.833571434021,11.8639287948608,321927200,10.0303907394409
"1108",11.9082136154175,12.0914287567139,11.8874998092651,12.0278568267822,294224000,10.1689825057983
"1109",11.9989290237427,12.0317859649658,11.9439287185669,11.9642858505249,222560800,10.1152381896973
"1110",11.957142829895,12.0582141876221,11.939642906189,12.0503568649292,203599200,10.1880073547363
"1111",12.1821432113647,12.4224996566772,12.1785707473755,12.4224996566772,417754400,10.5026350021362
"1112",12.4596433639526,12.5760707855225,12.3089294433594,12.3396425247192,554682800,10.4325828552246
"1113",12.375,12.4278573989868,12.2964286804199,12.3607139587402,338783200,10.4503993988037
"1114",12.2564287185669,12.3332138061523,12.2146425247192,12.2657136917114,313250000,10.3700819015503
"1115",12.3464288711548,12.394642829895,12.064642906189,12.0728569030762,461941200,10.2070302963257
"1116",12.0775003433228,12.0792856216431,11.8535709381104,11.8585710525513,529785200,10.0258617401123
"1117",11.8492860794067,11.957142829895,11.8089294433594,11.8657140731812,333723600,10.0319023132324
"1118",11.9017858505249,11.9167861938477,11.8125,11.8389291763306,275088800,10.0092544555664
"1119",11.8053569793701,11.8450002670288,11.6253566741943,11.6392860412598,433955200,9.84046745300293
"1120",11.6857137680054,11.7253570556641,11.6096429824829,11.66428565979,329473200,9.86160373687744
"1121",11.7857141494751,11.9017858505249,11.7610712051392,11.872857093811,334569200,10.0379409790039
"1122",11.7767858505249,11.7964286804199,11.6028566360474,11.6696434020996,399196000,9.86613082885742
"1123",11.6750001907349,11.7385711669922,11.3689289093018,11.6128568649292,510591200,9.81812381744385
"1124",11.7496433258057,11.7589292526245,11.4057140350342,11.4378566741943,615020000,9.67016696929932
"1125",11.334285736084,11.3464288711548,11.0892858505249,11.2614288330078,640645600,9.52100563049316
"1126",11.3100004196167,11.6357135772705,11.2571430206299,11.6178569793701,493382400,9.82234859466553
"1127",11.6128568649292,11.7464294433594,11.5135707855225,11.521785736084,390583200,9.74112319946289
"1128",11.3907136917114,11.8460712432861,11.3614292144775,11.8296432495117,559759200,10.0014038085938
"1129",11.8346433639526,11.89821434021,11.6103572845459,11.6553573608398,439807200,9.85404968261719
"1130",11.6996431350708,11.9250001907349,11.6875,11.8585710525513,339813600,10.0258617401123
"1131",11.9160709381104,12.0249996185303,11.9085712432861,11.9735708236694,294299600,10.1230897903442
"1132",12.001428604126,12.0132141113281,11.8528566360474,11.9300003051758,352545200,10.0862522125244
"1133",11.9535713195801,12.0046434402466,11.8871431350708,11.9882135391235,322954800,10.1354675292969
"1134",11.9982137680054,12.2678565979004,11.9357137680054,12.2592859268188,435313200,10.3646478652954
"1135",12.25,12.4939289093018,12.2321434020996,12.479642868042,355054000,10.550950050354
"1136",12.4624996185303,12.6464290618896,12.3824996948242,12.5628566741943,444626000,10.6213006973267
"1137",12.6667861938477,12.7857141494751,12.6428565979004,12.7571430206299,399663600,10.7855615615845
"1138",12.6192855834961,12.8571434020996,12.5785713195801,12.8467855453491,489633200,10.8613481521606
"1139",12.7264289855957,12.8489294052124,12.6007137298584,12.6428565979004,442674400,10.6889371871948
"1140",12.6260709762573,12.7742862701416,12.4507141113281,12.6339292526245,451609200,10.6813888549805
"1141",12.7974996566772,12.8571434020996,12.7278566360474,12.7864294052124,391638800,10.8103227615356
"1142",12.893214225769,12.9146432876587,12.7264289855957,12.7775001525879,430533600,10.802770614624
"1143",12.8989286422729,13.0357141494751,12.8275003433228,13.0328569412231,484467200,11.018666267395
"1144",13.0510711669922,13.3803567886353,13.0457143783569,13.3500003814697,572653200,11.2867956161499
"1145",13.5,13.52321434021,13.332857131958,13.4589290618896,819145600,11.3788919448853
"1146",14.1471433639526,14.1525001525879,13.7857141494751,13.8178567886353,941340400,11.6823463439941
"1147",13.8196430206299,13.9307136535645,13.71071434021,13.8317861557007,526534400,11.6941194534302
"1148",13.8685712814331,14.1089286804199,13.8482141494751,14.0464286804199,516728800,11.8755893707275
"1149",13.9410705566406,14.2857141494751,13.914999961853,14.2321434020996,589806000,12.0326042175293
"1150",14.2857141494751,14.4464292526245,14.2742862701416,14.4075002670288,476582400,12.1808605194092
"1151",14.3067855834961,14.3800001144409,14.0053567886353,14.021071434021,659324400,11.8541526794434
"1152",13.9864292144775,14.1782140731812,13.8617858886719,13.9935712814331,594034000,11.830904006958
"1153",13.8442859649658,14.1125001907349,13.7142858505249,13.9457139968872,632584400,11.7904415130615
"1154",14.206428527832,14.2678565979004,14.0132141113281,14.1696434020996,612836000,11.9797611236572
"1155",14.2017860412598,14.21071434021,13.8696432113647,13.8896427154541,639539600,11.7430381774902
"1156",13.9635705947876,14.0553569793701,13.6514291763306,14.020357131958,732508000,11.853551864624
"1157",13.9075002670288,13.9757137298584,13.47678565979,13.477499961853,871407600,11.394588470459
"1158",13.5871429443359,13.6964292526245,12.9489288330078,13.3435707092285,1204590800,11.2813568115234
"1159",12.9174995422363,13.1346426010132,12.6078567504883,12.6146430969238,1143833600,10.6650848388672
"1160",12.9035711288452,13.3789291381836,12.6785707473755,13.3575000762939,1082583600,11.2931346893311
"1161",13.2553567886353,13.3803567886353,12.9464292526245,12.9889287948608,878656800,10.9815273284912
"1162",13.2328567504883,13.4089288711548,13.0257139205933,13.3464288711548,741969200,11.2837762832642
"1163",13.5024995803833,13.5585708618164,13.3653573989868,13.4639291763306,528976000,11.3831148147583
"1164",13.5582141876221,13.7489290237427,13.5032138824463,13.6932144165039,460544000,11.5769662857056
"1165",13.625714302063,13.6917858123779,13.4307136535645,13.5885705947876,498750000,11.4884910583496
"1166",13.6539287567139,13.7328567504883,13.5,13.5871429443359,442061200,11.4872875213623
"1167",13.2442855834961,13.3089294433594,12.9060707092285,13.0732135772705,851435200,11.0527830123901
"1168",12.934642791748,13.1071434020996,12.7142858505249,12.7153568267822,775888400,10.7502346038818
"1169",13.018214225769,13.0314292907715,12.6817855834961,12.7299995422363,535315200,10.7626113891602
"1170",12.8678569793701,13.3442859649658,12.75,13.3428573608398,656835200,11.2807569503784
"1171",13.3382139205933,13.5342855453491,13.2357139587402,13.4350004196167,626267600,11.3586587905884
"1172",13.0385713577271,13.4089288711548,13.0357141494751,13.3471431732178,871346000,11.2843799591064
"1173",13.2560710906982,13.707142829895,13.2428569793701,13.6992864608765,641477200,11.5820989608765
"1174",13.8635711669922,13.9821434020996,13.8571434020996,13.9274997711182,405269200,11.7750415802002
"1175",13.8660707473755,13.9942855834961,13.7932138442993,13.9282140731812,417922400,11.7756462097168
"1176",13.9489288330078,14.002857208252,13.6378574371338,13.7439289093018,522586400,11.6198425292969
"1177",13.7792863845825,13.833571434021,13.5971431732178,13.6082143783569,343725200,11.5051040649414
"1178",13.3835706710815,13.5,13.2796430587769,13.3589286804199,438939200,11.2943458557129
"1179",13.1203565597534,13.5832138061523,13.0885705947876,13.5621433258057,509698000,11.4661512374878
"1180",13.7700004577637,13.7714290618896,13.6428565979004,13.7117862701416,350576800,11.5926647186279
"1181",13.6571426391602,13.8789291381836,13.6539287567139,13.7192859649658,416158400,11.599009513855
"1182",13.7117862701416,13.7857141494751,13.3935708999634,13.4814291000366,564813200,11.397910118103
"1183",13.3214292526245,13.6028566360474,13.2821426391602,13.5692863464355,467832400,11.4721908569336
"1184",13.6478567123413,13.7932138442993,13.5803565979004,13.7364292144775,440560400,11.6135025024414
"1185",13.8221426010132,14.0074996948242,13.7771425247192,13.9035711288452,534724400,11.7548131942749
"1186",13.979642868042,14.0592861175537,13.9250001907349,14.0342855453491,417818800,11.8653259277344
"1187",14.126428604126,14.3035707473755,14.1082143783569,14.3035707473755,698513200,12.0929937362671
"1188",14.1785707473755,14.7582139968872,14.1142864227295,14.7010707855225,823860800,12.4290628433228
"1189",14.8303565979004,15.1021432876587,14.685357093811,14.7660713195801,775754000,12.4840183258057
"1190",14.9871425628662,15.0567855834961,14.7142858505249,14.7192859649658,605976000,12.4444637298584
"1191",14.3225002288818,14.6364288330078,14.167857170105,14.3507137298584,968480800,12.1328496932983
"1192",14.2957143783569,14.5264291763306,14.2803573608398,14.4392862319946,546277200,12.2077341079712
"1193",14.2807140350342,14.4278573989868,13.9750003814697,14.3989286422729,812876400,12.1736145019531
"1194",14.5974998474121,14.6160707473755,14.2164287567139,14.2592859268188,632497600,12.0555543899536
"1195",14.2924995422363,14.419285774231,14.1610708236694,14.1789293289185,429637600,11.9876136779785
"1196",14.3542861938477,14.3646430969238,13.7932138442993,13.9489288330078,651086800,11.7931575775146
"1197",13.8257141113281,13.8889293670654,13.6135711669922,13.6185712814331,547640800,11.5138559341431
"1198",13.5846433639526,13.665714263916,13.3275003433228,13.3785705566406,669099200,11.3109483718872
"1199",13.3774995803833,13.6357135772705,12.6514291763306,13.3035707473755,1233677200,11.2475395202637
"1200",13.1378574371338,13.5649995803833,12.8678569793701,13.5089292526245,786469600,11.4211597442627
"1201",13.3332138061523,13.7421426773071,13.2785711288452,13.477499961853,812582400,11.394588470459
"1202",13.4207143783569,13.4907140731812,13.1603574752808,13.207142829895,535458000,11.1660127639771
"1203",13.5389289855957,13.8860712051392,13.5074996948242,13.8860712051392,442514800,11.7400159835815
"1204",14.020357131958,14.3992862701416,13.9821434020996,14.2960710525513,605687600,12.0866527557373
"1205",14.5478572845459,14.6160707473755,14.290714263916,14.3639287948608,622286000,12.1440229415894
"1206",14.4635705947876,14.5867862701416,14.3874998092651,14.5867862701416,426185200,12.3324384689331
"1207",14.8867864608765,15.0714292526245,14.8310708999634,15.0714292526245,573367200,12.7421808242798
"1208",15.0621433258057,15.2392864227295,14.8549995422363,14.9996433258057,686044800,12.681492805481
"1209",15.0628566741943,15.1717863082886,14.856785774231,15.0799999237061,881602400,12.7494268417358
"1210",14.3339290618896,14.5864286422729,14.207142829895,14.2364292144775,1104059600,12.0362281799316
"1211",14.2857141494751,14.2982139587402,14.0789289474487,14.1182136535645,549270400,11.936279296875
"1212",14.2178573608398,14.2550001144409,13.9553565979004,14.0310707092285,621244400,11.8626070022583
"1213",14.1492862701416,14.5178565979004,14.1214294433594,14.4917860031128,502138000,12.2521190643311
"1214",14.4653568267822,14.519642829895,14.1921434402466,14.2060708999634,430427200,12.0105628967285
"1215",14.3485708236694,14.3767862319946,14.0410709381104,14.3071432113647,456304800,12.0960140228271
"1216",14.5557136535645,14.6071434020996,14.353214263916,14.4532136917114,494664800,12.2195100784302
"1217",14.3928565979004,14.5124998092651,14.3753566741943,14.4624996185303,322842800,12.2273626327515
"1218",14.372142791748,14.6189289093018,14.3232135772705,14.456428527832,385501200,12.2222261428833
"1219",14.1932144165039,14.2678565979004,14.043571472168,14.1610708236694,531790000,11.9725170135498
"1220",14.2889289855957,14.3014287948608,14.1110706329346,14.1932144165039,327350800,11.9996919631958
"1221",14.2524995803833,14.4071426391602,14.1199998855591,14.395357131958,441386400,12.1705961227417
"1222",14.3582143783569,14.4085712432861,14.2557144165039,14.294285774231,302229200,12.0851449966431
"1223",14.2825002670288,14.2857141494751,14.147500038147,14.2760705947876,270275600,12.0697412490845
"1224",14.3646430969238,14.5714292526245,14.3414287567139,14.5082139968872,400442000,12.2660083770752
"1225",14.1774997711182,14.3175001144409,14.0796432495117,14.1171426773071,558684000,11.935375213623
"1226",14.1796426773071,14.186071395874,13.64821434021,13.7578573226929,744752400,11.6316194534302
"1227",13.8074998855591,13.8821430206299,13.580714225769,13.7364292144775,653786000,11.6135025024414
"1228",13.6971426010132,13.7589292526245,13.5071430206299,13.5450000762939,432905200,11.4516592025757
"1229",13.6000003814697,13.9107141494751,13.5517864227295,13.8867864608765,430810800,11.7406234741211
"1230",13.9017858505249,13.9692859649658,13.7257137298584,13.7417860031128,349210400,11.6180286407471
"1231",13.7135705947876,13.7349996566772,13.4107141494751,13.478928565979,479900400,11.3957996368408
"1232",13.5328569412231,13.5710706710815,13.3885707855225,13.3907136917114,371938000,11.3212175369263
"1233",13.2285709381104,13.2742862701416,13.0682144165039,13.1789293289185,447980400,11.142165184021
"1234",13.250714302063,13.4975004196167,13.247857093811,13.4467859268188,409021200,11.3686237335205
"1235",13.3753566741943,13.4228572845459,13.1028566360474,13.106785774231,428271200,11.0811710357666
"1236",13.1578569412231,13.2553567886353,12.9757137298584,12.9846429824829,254760800,10.9779005050659
"1237",13.2982139587402,13.4542856216431,13.2260713577271,13.4328565597534,346413200,11.3568420410156
"1238",13.4228572845459,13.5296430587769,13.2214288711548,13.3285713195801,375855200,11.2686777114868
"1239",13.6175003051758,13.6528568267822,13.5107135772705,13.6499996185303,405938400,11.5404348373413
"1240",13.6621427536011,13.8928565979004,13.5982141494751,13.854642868042,387181200,11.7134447097778
"1241",13.9224996566772,14.0582141876221,13.877857208252,13.917857170105,379055600,11.7668905258179
"1242",14.0532140731812,14.1575002670288,13.9425001144409,14.0360708236694,357210000,11.8668346405029
"1243",14.018214225769,14.0939292907715,13.9064292907715,13.9624996185303,283598000,11.8046360015869
"1244",13.9260711669922,13.9621429443359,13.8128566741943,13.896071434021,304746400,11.7484703063965
"1245",13.980357170105,14.125,13.936785697937,13.9521427154541,376356400,11.7958765029907
"1246",14.0303573608398,14.0728569030762,13.9653568267822,14.0578565597534,296993200,11.8852529525757
"1247",13.9885711669922,14.0678567886353,13.9089288711548,13.9942855834961,301067200,11.8315048217773
"1248",14.0357141494751,14.1214294433594,13.8249998092651,13.8860712051392,338928800,11.7400159835815
"1249",13.8107137680054,13.835000038147,13.4885711669922,13.5782136917114,406887600,11.4797401428223
"1250",13.690357208252,13.7049999237061,13.5110712051392,13.5335712432861,256200000,11.4419956207275
"1251",13.584285736084,13.7196426391602,13.5560712814331,13.6078567504883,421478400,11.5047988891602
"1252",13.6596431732178,13.7446432113647,13.5885705947876,13.6503572463989,235530400,11.540732383728
"1253",13.8485708236694,14.1464290618896,13.830714225769,14.1410713195801,337215200,11.955605506897
"1254",14.1674995422363,14.1892862319946,14.0003566741943,14.1589288711548,262948000,11.9707040786743
"1255",14.1785707473755,14.2546434402466,14.1464290618896,14.2339286804199,202358800,12.0341119766235
"1256",14.2746429443359,14.4139289855957,14.2674999237061,14.4046430587769,269399200,12.1784420013428
"1257",14.3964290618896,14.6103572845459,14.3935708999634,14.518928527832,265076000,12.2750682830811
"1258",14.5317859649658,14.5803565979004,14.333571434021,14.3800001144409,228662000,12.1576099395752
"1259",14.4071426391602,14.4875001907349,14.3039293289185,14.4685707092285,215978000,12.2324962615967
"1260",14.4110708236694,14.5100002288818,14.4103574752808,14.4642858505249,179662000,12.2288722991943
"1261",14.6214294433594,14.7321434020996,14.6071434020996,14.686785697937,302220800,12.4169845581055
"1262",14.6428565979004,14.8100004196167,14.6171426773071,14.7657136917114,260022000,12.483715057373
"1263",14.8196430206299,14.9482135772705,14.7382135391235,14.9296426773071,271269600,12.6223087310791
"1264",14.9917860031128,15.0982141494751,14.9721431732178,15.08571434021,318292800,12.7542591094971
"1265",15.1964292526245,15.2767858505249,15.0482139587402,15.061785697937,394024400,12.7340278625488
"1266",15.2110710144043,15.2142858505249,15.0535707473755,15.1157140731812,258196400,12.7796220779419
"1267",15.0957136154175,15.10178565979,14.9753570556641,15.0910711288452,215084800,12.7587900161743
"1268",15.081428527832,15.1035709381104,14.9553565979004,15.0496425628662,212587200,12.7237615585327
"1269",14.9892864227295,15.0160713195801,14.9521427154541,14.9932136535645,226021600,12.6760511398315
"1270",15.1499996185303,15.2139291763306,15.1057138442993,15.167857170105,242897200,12.8237047195435
"1271",15.248571395874,15.3382139205933,15.2250003814697,15.3253574371338,276791200,12.9568653106689
"1272",15.3625001907349,15.4060707092285,15.2325000762939,15.2767858505249,261738400,12.9158010482788
"1273",15.2674999237061,15.2678565979004,14.9910707473755,15.0107135772705,413974400,12.6908464431763
"1274",15.0953569412231,15.3017864227295,15.082142829895,15.2646427154541,306062400,12.9055347442627
"1275",15.1821432113647,15.1821432113647,14.9839286804199,15.0146427154541,547638000,12.6941709518433
"1276",16.2299995422363,16.2303562164307,15.8474998474121,15.9521427154541,958314000,13.4867820739746
"1277",16.0128574371338,16.0282135009766,15.8264293670654,15.8796434402466,323985200,13.4254856109619
"1278",15.8692855834961,16.0171432495117,15.8489294052124,15.9742860794067,299709200,13.5055027008057
"1279",15.9182138442993,16.21071434021,15.9067859649658,16.1789283752441,379341200,13.6785182952881
"1280",16.2710704803467,16.3657131195068,16.1810703277588,16.3028564453125,391683600,13.7832918167114
"1281",16.3717861175537,16.3924999237061,16.2696437835693,16.2924995422363,270046000,13.7745370864868
"1282",16.2821426391602,16.3274993896484,16.2135715484619,16.2542858123779,186796400,13.7422294616699
"1283",16.3321437835693,16.4285717010498,16.2700004577637,16.417142868042,286599600,13.879919052124
"1284",16.3707141876221,16.6064281463623,16.3642864227295,16.5703563690186,249412800,14.0094547271729
"1285",16.6160717010498,16.7767868041992,16.5921421051025,16.7439289093018,316223600,14.1561975479126
"1286",16.8035717010498,17.0282135009766,16.7749996185303,17.0242862701416,407890000,14.3932313919067
"1287",17.1700000762939,17.7410717010498,17.1628570556641,17.6132144927979,884214800,14.8911390304565
"1288",17.5342864990234,17.7721424102783,17.4482135772705,17.622142791748,631302000,14.8986940383911
"1289",17.8403568267822,17.9939289093018,17.7532138824463,17.9500007629395,517216000,15.1758861541748
"1290",18.0235710144043,18.1985702514648,17.9285717010498,18.1949996948242,460398400,15.3830108642578
"1291",18.3664283752441,18.796070098877,17.7460708618164,17.7739295959473,1506120000,15.0270156860352
"1292",17.5535717010498,18.0317859649658,17.3796424865723,17.936071395874,944552000,15.1641044616699
"1293",17.9682140350342,18.1346435546875,17.8678569793701,17.9328575134277,535805200,15.1613817214966
"1294",18.1028575897217,18.3875007629395,18.0042858123779,18.3875007629395,605595200,15.5457572937012
"1295",18.3242855072021,18.4103565216064,18.1810703277588,18.3228569030762,483302400,15.4911098480225
"1296",18.3957138061523,18.4939289093018,18.1964282989502,18.4424991607666,568027600,15.5922594070435
"1297",18.559642791748,18.6749992370605,18.5228576660156,18.6574993133545,415072000,15.7740364074707
"1298",18.6182136535645,18.875,18.4385719299316,18.7771434783936,547582000,15.8751831054688
"1299",18.8557147979736,19.1217861175537,18.7803573608398,19.1217861175537,600387200,16.1665668487549
"1300",19.3414287567139,19.5575008392334,19.1321430206299,19.3728561401367,952011200,16.3788356781006
"1301",19.5774993896484,19.578929901123,19.2417850494385,19.4453563690186,683270000,16.4401302337646
"1302",19.4371433258057,19.5285701751709,19.3757133483887,19.4707145690918,431712400,16.461576461792
"1303",19.4792861938477,19.5528564453125,18.7857131958008,19.0414295196533,809124400,16.0986309051514
"1304",18.7021427154541,19.0603561401367,18.4364280700684,18.9378566741943,810238800,16.0110607147217
"1305",19.1714286804199,19.206428527832,18.6892852783203,18.9532146453857,798520800,16.0240497589111
"1306",19.0960712432861,19.3924999237061,19.0042858123779,19.3567867279053,516457200,16.3652515411377
"1307",19.436071395874,19.5621433258057,19.396785736084,19.4703578948975,418919200,16.4612693786621
"1308",19.6064281463623,19.7142868041992,19.5357131958008,19.7142868041992,407282400,16.6674957275391
"1309",19.9121437072754,20.292142868042,19.8482131958008,20.28928565979,690855200,17.153636932373
"1310",20.6446437835693,21.2399997711182,20.5499992370605,21.0564289093018,1418844000,17.8022174835205
"1311",21.4146423339844,21.4289283752441,20.6625003814697,20.9128570556641,1159718000,17.6808280944824
"1312",20.8828563690186,21.0428562164307,20.6428565979004,20.9132137298584,825487600,17.6811389923096
"1313",21.3703575134277,21.4917850494385,21.0375003814697,21.4678573608398,901236000,18.150053024292
"1314",21.4110717773438,21.6749992370605,21.1242866516113,21.641429901123,816662000,18.2968044281006
"1315",21.5264282226562,21.77321434021,21.4789295196533,21.5178565979004,644042000,18.1923332214355
"1316",21.3492851257324,21.5892868041992,21.268928527832,21.4050006866455,623870800,18.0969181060791
"1317",21.4460716247559,21.4928569793701,21.2285709381104,21.2875003814697,430488800,17.9975700378418
"1318",21.421070098877,21.6839294433594,21.2592868804932,21.6778564453125,595742000,18.327600479126
"1319",21.6492862701416,22.0100002288818,21.6450004577637,21.9457149505615,607129600,18.5540599822998
"1320",22.0849990844727,22.1946430206299,21.7967853546143,22.0578575134277,655460400,18.6488780975342
"1321",21.8850002288818,22.0200004577637,21.6867866516113,21.7807140350342,608238400,18.4145660400391
"1322",21.7417850494385,21.8057136535645,21.3549995422363,21.4125003814697,731038000,18.1032619476318
"1323",21.4939289093018,22.0989284515381,21.4421424865723,22.0939292907715,598351600,18.679370880127
"1324",22.4035701751709,22.578929901123,22.2325000762939,22.4757137298584,834559600,19.0021476745605
"1325",22.2982139587402,22.3521423339844,22.0357131958008,22.2967853546143,572980800,18.8508739471436
"1326",22.3921432495117,22.6664295196533,22.2642860412598,22.6314296722412,641298000,19.1338043212891
"1327",22.3617858886719,22.8514289855957,22.3321437835693,22.7224998474121,597536800,19.2108001708984
"1328",22.854642868042,23,22.3571434020996,22.4442863464355,889725200,18.9755802154541
"1329",22.7214298248291,22.7453575134277,22.2621421813965,22.3642864227295,696614800,18.9079494476318
"1330",22.3214282989502,22.5475006103516,22.1607131958008,22.2417850494385,614336800,18.8043785095215
"1331",22.2896423339844,22.3107147216797,21.5539283752441,21.6153564453125,859644800,18.2747631072998
"1332",21.7878570556641,21.7957134246826,20.6517868041992,20.7189292907715,1050786800,17.5168762207031
"1333",20.6764297485352,21.7857131958008,20.4253578186035,21.7749996185303,1025528000,18.4097270965576
"1334",21.918571472168,22.1517868041992,21.5253562927246,21.7264289855957,954531200,18.3686771392822
"1335",21.4364280700684,21.5974998474121,20.8757133483887,20.9799995422363,834719200,17.7376022338867
"1336",21.1207141876221,21.2364292144775,20.372142791748,20.4635715484619,1030985200,17.3009815216064
"1337",20.3789291381836,20.5953578948975,19.8792858123779,20.4178562164307,966529200,17.2623386383057
"1338",20.0932140350342,20.2746429443359,19.8214282989502,20.0100002288818,1076149200,16.9175109863281
"1339",21.9871425628662,22.0714282989502,21.6428565979004,21.7857131958008,905777600,18.4187965393066
"1340",21.9382133483887,21.9532146453857,21.5046424865723,21.7035713195801,536068400,18.34934425354
"1341",21.6096439361572,21.6492862701416,21.4464282989502,21.5357131958008,406722400,18.2074241638184
"1342",21.3500003814697,21.3714294433594,20.8214282989502,20.8564281463623,506144800,17.6331195831299
"1343",20.8892860412598,21.3128566741943,20.7582149505615,20.7903575897217,610999200,17.5772686004639
"1344",20.7228565216064,20.9785709381104,20.6735706329346,20.9278564453125,427389200,17.693510055542
"1345",21.0892868041992,21.1214294433594,20.7250003814697,20.7792854309082,390549600,17.5679092407227
"1346",20.6100006103516,20.6557140350342,20.184642791748,20.1875,529992400,17.0675792694092
"1347",20.0535717010498,20.4560718536377,20.0439281463623,20.3385715484619,460118400,17.1952953338623
"1348",20.3421421051025,20.4107131958008,19.9546432495117,20.292142868042,497252000,17.1560478210449
"1349",20.1321430206299,20.4992866516113,20.0303573608398,20.3278560638428,480704000,17.1862392425537
"1350",20.5207138061523,20.5671424865723,20.3014297485352,20.3757133483887,333200000,17.2267055511475
"1351",20.1785717010498,20.5167865753174,20.1553573608398,20.2396430969238,399546000,17.1116638183594
"1352",20.0917854309082,20.2682132720947,19.91428565979,19.9364280700684,352626400,16.8553066253662
"1353",20.0517864227295,20.1149997711182,19.7053565979004,19.7560710906982,476336000,16.7028198242188
"1354",19.7875003814697,19.8889293670654,19.3228569030762,19.502857208252,560896000,16.4887409210205
"1355",19.4753570556641,19.5535717010498,18.9328575134277,18.9328575134277,717220000,16.0068340301514
"1356",19.0699996948242,19.4074993133545,18.6492862701416,18.9421424865723,732292400,16.0146884918213
"1357",19.0892868041992,20.0550003051758,19.0732135772705,20.0457134246826,631106000,16.9477062225342
"1358",20.3410701751709,20.4957141876221,19.7350006103516,19.8917865753174,694870400,16.8175716400146
"1359",19.9107131958008,20.4571437835693,19.7582149505615,20.3771438598633,584897600,17.2279186248779
"1360",20.5667858123779,20.5892868041992,20.0439281463623,20.1900005340576,496230000,17.0696926116943
"1361",20.1639289855957,20.2089290618896,19.9453563690186,20.0817852020264,328507200,16.9782009124756
"1362",20.3892860412598,20.5,20.1896438598633,20.4382133483887,380508800,17.2795429229736
"1363",20.3285713195801,20.7139282226562,20.2342853546143,20.684642791748,529429600,17.4878883361816
"1364",20.7407131195068,20.7678565979004,20.4092864990234,20.6332149505615,491674400,17.4444141387939
"1365",20.3271427154541,20.4517860412598,20.0185718536377,20.0353565216064,520987600,16.9389476776123
"1366",20.0535717010498,20.2678565979004,19.5892868041992,20.1532135009766,556995600,17.0385913848877
"1367",20.0453567504883,20.231071472168,19.940357208252,20.1010704040527,388214400,16.9945068359375
"1368",20.2775001525879,20.4946422576904,20.1964282989502,20.4092864990234,401455600,17.2550830841064
"1369",20.6175003051758,20.6185703277588,20.375,20.418571472168,379766800,17.2629375457764
"1370",20.41428565979,20.7350006103516,20.3214282989502,20.7257137298584,347516400,17.522611618042
"1371",20.9899997711182,21.0178565979004,20.3796424865723,20.3989295959473,591264800,17.2463264465332
"1372",20.516429901123,20.5935707092285,20.2392864227295,20.5771427154541,435380400,17.396993637085
"1373",20.5185718536377,20.6599998474121,20.3707141876221,20.4342861175537,293580000,17.2762203216553
"1374",20.4014282226562,20.4821434020996,20.2592868804932,20.4117851257324,345573200,17.2572021484375
"1375",20.3928565979004,20.5221424102783,20.3410701751709,20.5046424865723,335255200,17.3357067108154
"1376",20.391429901123,20.9960708618164,20.3703575134277,20.9207134246826,440412000,17.6874771118164
"1377",20.83571434021,21.0714282989502,20.8250007629395,20.9789295196533,361404400,17.7366924285889
"1378",21.0074996948242,21.0446434020996,20.7428569793701,20.9192867279053,358943200,17.6862659454346
"1379",20.9085712432861,21.0078563690186,20.6228561401367,20.6310710906982,326351200,17.442590713501
"1380",20.6800003051758,20.7924995422363,20.5507144927979,20.78928565979,284471600,17.5763568878174
"1381",20.6178569793701,20.7071437835693,20.3703575134277,20.3846435546875,304382400,17.2342567443848
"1382",20.4046421051025,20.5174999237061,20.2617855072021,20.4296436309814,276536400,17.2722949981689
"1383",20.5357131958008,20.5978565216064,20.4257144927979,20.5178565979004,202997200,17.3468818664551
"1384",20.4167861938477,20.5,20.2003574371338,20.3232135772705,282836400,17.182315826416
"1385",20.6428565979004,20.8571434020996,20.5089282989502,20.8571434020996,421500800,17.6337223052979
"1386",20.8832149505615,21.1953563690186,20.8428573608398,21.1614284515381,400092000,17.890983581543
"1387",21.2457141876221,21.4285717010498,21.2142868041992,21.4074993133545,241712800,18.0990314483643
"1388",21.4485702514648,21.9407138824463,21.4160709381104,21.7835712432861,484383200,18.4169788360596
"1389",21.6817855834961,21.7299995422363,21.4850006103516,21.6385707855225,418930400,18.2943859100342
"1390",21.6178569793701,21.9249992370605,21.5753574371338,21.9246425628662,379405600,18.536247253418
"1391",22.0703563690186,22.1382141113281,21.6182136535645,21.7217864990234,511957600,18.36474609375
"1392",21.6471424102783,21.7021427154541,21.3292865753174,21.5867862701416,469322000,18.2506103515625
"1393",21.4371433258057,21.5524997711182,21.167142868042,21.3892860412598,428041600,18.0836277008057
"1394",21.5339298248291,21.6853561401367,21.4285717010498,21.606071472168,311427200,18.2669124603271
"1395",21.6114292144775,21.8435707092285,21.6078567504883,21.6753578186035,301260400,18.3254890441895
"1396",21.813928604126,21.8392868041992,21.5410709381104,21.6764297485352,293624800,18.3263931274414
"1397",21.6639289855957,21.7264289855957,21.5557136535645,21.6521434783936,252700000,18.3058662414551
"1398",21.831428527832,21.97678565979,21.6428565979004,21.9400005340576,436861600,18.5492324829102
"1399",21.893928527832,21.9442863464355,21.5607147216797,21.5821437835693,397471200,18.2466793060303
"1400",21.2285709381104,21.6392860412598,20.9896430969238,21.565357208252,487975600,18.2324962615967
"1401",21.6921424865723,21.7742862701416,21.3753566741943,21.4614295959473,565132400,18.1446285247803
"1402",20.516429901123,20.7428569793701,20.3571434020996,20.5346431732178,877312800,17.3610725402832
"1403",20.7057132720947,20.7285709381104,20.3700008392334,20.5314292907715,406632800,17.3583507537842
"1404",20.5360717773438,20.9225006103516,20.4139289855957,20.8985710144043,403936400,17.6687507629395
"1405",21.1042861938477,21.4085712432861,20.9935703277588,21.2510719299316,379142400,17.9667797088623
"1406",21.5439281463623,21.8464298248291,21.5257148742676,21.8128566741943,462327600,18.4417400360107
"1407",21.9967861175537,22.0142860412598,21.5357131958008,21.6717853546143,384501600,18.3224697113037
"1408",21.5300006866455,21.8103561401367,21.4375,21.7067852020264,332158400,18.3520603179932
"1409",21.9153575897217,22.0707149505615,21.8414287567139,21.9892864227295,344920800,18.5909061431885
"1410",22.046070098877,22.3167858123779,21.9735717773438,22.2339286804199,302103200,18.7977333068848
"1411",22.2417850494385,22.3214282989502,22.0728569030762,22.1753578186035,290446800,18.7482166290283
"1412",22.1210708618164,22.2814292907715,22.03928565979,22.1378574371338,244706000,18.7165107727051
"1413",22.0660705566406,22.2046432495117,22.0642852783203,22.1689281463623,221642400,18.8232555389404
"1414",22.0967864990234,22.2057132720947,22.0964298248291,22.2035713195801,194938800,18.8526706695557
"1415",22.2639293670654,22.5,22.2589282989502,22.5,278832400,19.104362487793
"1416",22.5667858123779,22.8075008392334,22.5074996948242,22.5603561401367,340169200,19.1556091308594
"1417",22.5464286804199,22.6428565979004,22.4196434020996,22.5296421051025,257342400,19.1295299530029
"1418",22.5432147979736,22.7414283752441,22.5178565979004,22.7264289855957,254534000,19.2966175079346
"1419",22.8571434020996,23.1496429443359,22.8146438598633,23.146785736084,442761200,19.6535339355469
"1420",23.2146434783936,23.7553577423096,23.21071434021,23.7553577423096,613384800,20.1702632904053
"1421",23.957857131958,24.1028575897217,23.2260704040527,23.4307136535645,812719600,19.8946170806885
"1422",23.372142791748,23.8928565979004,23.146785736084,23.8882141113281,565322800,20.2830638885498
"1423",23.7896423339844,23.9249992370605,23.6124992370605,23.6653575897217,420128800,20.0938396453857
"1424",23.5539283752441,23.9099998474121,23.4125003814697,23.6864280700684,437340400,20.1117362976074
"1425",24.2853565216064,24.3167858123779,24.0550003051758,24.1314296722412,427008400,20.4895782470703
"1426",24.1064281463623,24.1464290618896,23.9524993896484,24.1000003814697,267416800,20.4628963470459
"1427",24.1160717010498,24.2024993896484,24.0214290618896,24.0524997711182,202806800,20.4225635528564
"1428",23.9514293670654,23.9839286804199,23.6732139587402,23.7096424102783,302699600,20.1314468383789
"1429",23.8303565979004,23.8785705566406,23.4732131958008,23.7585716247559,338321200,20.1729907989502
"1430",23.7771434783936,24.1121425628662,23.7321434020996,24.106071472168,367892000,20.4680480957031
"1431",24.1275005340576,24.1553573608398,23.91428565979,23.9367866516113,336375200,20.3243026733398
"1432",24.0417861938477,24.2246437072754,23.9571437835693,24.1525001525879,391196400,20.5074672698975
"1433",24.2160701751709,24.3742866516113,24.1346435546875,24.3014297485352,329666400,20.6339225769043
"1434",24.3017864227295,24.4032135009766,23.6464290618896,23.6692867279053,487998000,20.0971851348877
"1435",23.7539291381836,23.9321422576904,23.4464282989502,23.5925006866455,503983200,20.031982421875
"1436",23.8160705566406,23.9249992370605,23.4285717010498,23.921070098877,712233200,20.3109703063965
"1437",24.1917858123779,24.4821434020996,24.0989284515381,24.3921432495117,598360000,20.7109451293945
"1438",24.641429901123,24.8921432495117,24.5674991607666,24.6885719299316,600474000,20.9626369476318
"1439",24.97678565979,24.9928569793701,24.8075008392334,24.9921436309814,398031200,21.2204036712646
"1440",24.9957141876221,25.0832138061523,24.872142791748,25.0682144165039,373503200,21.2849884033203
"1441",25.0092868804932,25.1424999237061,24.9846439361572,25.0750007629395,326874800,21.2907524108887
"1442",24.9699993133545,25.0021438598633,24.7721424102783,24.9535713195801,336568400,21.1876411437988
"1443",25.0860710144043,25.1810703277588,24.9771423339844,25.0032138824463,571589200,21.229793548584
"1444",24.5307140350342,24.8257141113281,24.3928565979004,24.671070098877,639766400,20.9477806091309
"1445",24.5807132720947,24.7421436309814,24.0357131958008,24.0550003051758,518789600,20.4246807098389
"1446",23.8835716247559,24.0246429443359,23.6142864227295,23.7564296722412,576503200,20.1711769104004
"1447",23.7246437072754,24.3632144927979,23.5839290618896,24.332857131958,594090000,20.6606140136719
"1448",24.2410717010498,24.3253574371338,23.8125,23.8250007629395,535110800,20.2293968200684
"1449",23.9699993133545,24.1696434020996,23.4464282989502,23.5496425628662,543594800,19.9955902099609
"1450",23.6360702514648,23.7982139587402,23.2374992370605,23.6182136535645,627992400,20.0538158416748
"1451",23.7450008392334,23.9950008392334,23.6653575897217,23.9803562164307,424281200,20.3613090515137
"1452",23.9732131958008,24.0803565979004,23.7696437835693,23.8142852783203,370725600,20.2202968597412
"1453",23.7571430206299,23.7857131958008,23.2600002288818,23.3067855834961,594006000,19.7893848419189
"1454",23.1028575897217,23.1271438598633,22.7182140350342,22.7917861938477,637994000,19.3521060943604
"1455",22.8089294433594,22.8746433258057,22.2696437835693,22.7089290618896,838597200,19.281759262085
"1456",22.8478565216064,23.0349998474121,22.75,22.8896427154541,510356000,19.4351997375488
"1457",23.0892868041992,23.1142864227295,22.4321422576904,22.4321422576904,546081200,19.046745300293
"1458",22.4842853546143,22.6921424865723,22.3321437835693,22.4896430969238,460014800,19.0955619812012
"1459",22.5839290618896,22.6832141876221,22.2803573608398,22.6700000762939,432502000,19.2487030029297
"1460",22.6917858123779,23.2250003814697,22.5357131958008,23.2067852020264,549771600,19.7044792175293
"1461",23.1739292144775,23.313928604126,23,23.021785736084,389037600,19.5473976135254
"1462",22.8425006866455,22.9307136535645,22.5,22.5942859649658,476624400,19.184419631958
"1463",22.5375003814697,22.5632133483887,21.7721424102783,21.7800006866455,744086000,18.4930191040039
"1464",21.872142791748,22.6921424865723,21.8128566741943,22.643928527832,546730800,19.2265682220459
"1465",22.5357131958008,22.6392860412598,21.8464298248291,21.9057140350342,707145600,18.599760055542
"1466",22.1942863464355,22.3767852783203,21.8085708618164,22.0296421051025,558527200,18.7049884796143
"1467",22.1428565979004,22.2142868041992,21.6267852783203,21.7692852020264,656325600,18.4839267730713
"1468",21.7653560638428,21.9285717010498,21.1071434020996,21.5714282989502,1018432800,18.3159332275391
"1469",21.2457141876221,21.498571395874,20.9892864227295,21.2614288330078,510003200,18.052713394165
"1470",21.3649997711182,21.5357131958008,21.2203578948975,21.3050003051758,361298000,18.0897045135498
"1471",21.2817859649658,21.3196430206299,20.5267868041992,20.6000003814697,599373600,17.4911060333252
"1472",20.8400001525879,20.9917850494385,20.6285705566406,20.8792858123779,529135600,17.7282371520996
"1473",21.0796432495117,21.0978565216064,20.7175006866455,20.8160705566406,374917200,17.6745662689209
"1474",20.4942855834961,20.5192852020264,19.8482131958008,19.9285717010498,793648800,16.9982948303223
"1475",20.0224990844727,20.0796432495117,19.1175003051758,19.2053565979004,1056146000,16.3814125061035
"1476",19.3007144927979,19.8171424865723,19.0614280700684,19.5378570556641,929913600,16.6650257110596
"1477",19.7910709381104,19.8035717010498,19.2374992370605,19.3867855072021,515802000,16.5361671447754
"1478",19.2467861175537,19.6599998474121,19.1557140350342,19.3892860412598,532949200,16.5383052825928
"1479",19.4821434020996,19.5517864227295,19.1492862701416,19.1742858886719,477170400,16.3549118041992
"1480",19.1975002288818,19.2678565979004,18.6650009155273,18.7721424102783,789910800,16.0118980407715
"1481",18.7571430206299,18.9285717010498,18.0625,18.8457145690918,1266893600,16.0746517181396
"1482",19.311071395874,20.2678565979004,19.2814292907715,20.2046432495117,823317600,17.2337703704834
"1483",20.4253578186035,20.4267864227295,19.8064289093018,20.0324993133545,642754000,17.0869388580322
"1484",20.1517868041992,20.2632141113281,19.8785705566406,20.0607147216797,373002000,17.1110134124756
"1485",20.2560710906982,20.4285717010498,20.0928573608398,20.4107131958008,272826400,17.4095420837402
"1486",20.5678577423096,21.0714282989502,20.4896430969238,21.0546436309814,630579600,17.9587802886963
"1487",21.0553569793701,21.0864295959473,20.7178573608398,20.8850002288818,533330000,17.8140850067139
"1488",20.6167850494385,20.9214286804199,20.4378566741943,20.8192863464355,520864400,17.75803565979
"1489",21.0792865753174,21.2232131958008,20.9017868041992,21.0485706329346,514698800,17.9536056518555
"1490",20.9567852020264,21.0142860412598,20.8099994659424,20.9028568267822,391319600,17.8293190002441
"1491",21.2017860412598,21.2353572845459,20.9107131958008,20.9353561401367,364280000,17.8570365905762
"1492",20.7785701751709,20.7785701751709,20.4332141876221,20.5660705566406,557068400,17.542049407959
"1493",20.3182144165039,20.3303565979004,19.2417850494385,19.2425003051758,1044638000,16.4130935668945
"1494",18.8907146453857,19.7610702514648,18.5224990844727,19.5442867279053,1177212400,16.6705150604248
"1495",19.7642860412598,19.8285713195801,18.9285717010498,19.0446434020996,787040800,16.2443370819092
"1496",18.75,19.2325000762939,18.627857208252,18.9221439361572,630484400,16.1398487091064
"1497",19.2775001525879,19.6271438598633,19.1917858123779,19.3353576660156,592345600,16.492301940918
"1498",19.5632133483887,19.5714282989502,19.1525001525879,19.25,487144000,16.4194984436035
"1499",18.9696426391602,19.2014293670654,18.7785701751709,18.9174995422363,625259600,16.1358890533447
"1500",18.3839282989502,18.5046424865723,18.0564289093018,18.2067852020264,1009579200,15.529673576355
"1501",18.1760711669922,18.5714282989502,17.9010715484619,18.5296421051025,757607200,15.8050556182861
"1502",18.75,19.1035709381104,18.5803565979004,19.0678577423096,625685200,16.2641353607178
"1503",18.981071472168,19.0607147216797,18.7678565979004,18.7967853546143,449369200,16.0329170227051
"1504",18.9285717010498,18.9357147216797,18.5314292907715,18.6332149505615,481689600,15.8934020996094
"1505",18.3024997711182,18.559642791748,18.2228565216064,18.5475006103516,596268400,15.8202857971191
"1506",18.5839290618896,18.7232131958008,18.5253562927246,18.5774993896484,175753200,15.8458805084229
"1507",18.5357131958008,18.5521430969238,18.2542858123779,18.3214282989502,302436400,15.627459526062
"1508",18.3407135009766,18.4375,18.0235710144043,18.3950004577637,455120400,15.6902132034302
"1509",18.2246437072754,18.3742866516113,18.1471424102783,18.1996421813965,354278400,15.5235824584961
"1510",18.2332134246826,19.1214294433594,18.1785717010498,19.0060710906982,659492400,16.2114238739014
"1511",19.7792854309082,19.8214282989502,19.3439292907715,19.6082134246826,560518000,16.7250385284424
"1512",19.5671424865723,19.6310710906982,19.3214282989502,19.3607139587402,352965200,16.5139236450195
"1513",19.1774997711182,19.2367858886719,18.7796421051025,18.8214282989502,594333600,16.0539379119873
"1514",18.6428565979004,18.9035701751709,18.3999996185303,18.71071434021,484156400,15.9595041275024
"1515",18.9003562927246,18.9960708618164,18.6160717010498,18.7610702514648,458707200,16.0024509429932
"1516",18.6607131958008,18.7503566741943,18.4282131195068,18.4678573608398,407604400,15.7523517608643
"1517",18.8767852783203,18.8828563690186,18.4114284515381,18.6967868804932,601146000,15.9476308822632
"1518",18.6071434020996,18.7614288330078,18.5364284515381,18.5821437835693,350506800,15.8498392105103
"1519",17.9528560638428,18.125,17.8039283752441,17.9196434020996,734207600,15.2847547531128
"1520",17.7964286804199,17.8210716247559,17.2635707855225,17.3542861938477,876772400,14.8025274276733
"1521",17.665714263916,18.1942863464355,17.5892868041992,18.0746421813965,690804800,15.4169569015503
"1522",18.2253570556641,18.2410717010498,17.9296436309814,17.9528560638428,453678400,15.3130855560303
"1523",17.8042850494385,17.9364280700684,17.7285709381104,17.8571434020996,472922800,15.2314405441284
"1524",18.0200004577637,18.1385707855225,17.7367858886719,18.0275001525879,461546400,15.3767518997192
"1525",18.1717853546143,18.3924999237061,18.0275001525879,18.3575000762939,861509600,15.6582260131836
"1526",16.4285717010498,16.6332149505615,16.0803565979004,16.0892868041992,1460852400,13.7235317230225
"1527",16.1317863464355,16.2939281463623,15.5357141494751,15.710000038147,1208026400,13.4000148773193
"1528",15.6367864608765,16.186071395874,15.5664291381836,16.065357208252,785517600,13.7031211853027
"1529",16.375,16.4357147216797,16.1471424102783,16.3667850494385,571158000,13.9602289199829
"1530",16.3214282989502,16.5214290618896,16.2321434020996,16.315357208252,417155200,13.9163570404053
"1531",16.3207149505615,16.4028568267822,16.2492866516113,16.2674999237061,319334400,13.8755397796631
"1532",16.396785736084,16.4099998474121,16.0125007629395,16.2007141113281,539484400,13.8185787200928
"1533",16.2110710144043,16.2835712432861,15.7857141494751,15.7971429824829,477117200,13.4743432998657
"1534",15.8589286804199,16.4192867279053,15.793571472168,16.3514289855957,573347600,13.9471273422241
"1535",16.3024997711182,16.6607131958008,16.1635704040527,16.3339290618896,593706400,13.9322023391724
"1536",16.5446434020996,16.7857131958008,16.2185707092285,16.7221431732178,704580800,14.3464632034302
"1537",16.9285717010498,17.1003570556641,16.7232131958008,16.9635715484619,633158400,14.5535907745361
"1538",17.0178565979004,17.3192863464355,16.9017868041992,17.1403560638428,517490400,14.7052545547485
"1539",17.1253566741943,17.2278575897217,16.7049999237061,16.71071434021,609053200,14.3366527557373
"1540",16.686071395874,16.915714263916,16.543571472168,16.6789283752441,475207600,14.309383392334
"1541",16.5900001525879,16.8442859649658,16.5721435546875,16.6639289855957,355275200,14.2965145111084
"1542",16.7446422576904,16.7914295196533,16.4257144927979,16.4342861175537,391745200,14.0994987487793
"1543",16.4678573608398,16.5260715484619,16.2089290618896,16.4282131195068,435783600,14.0942878723145
"1544",16.3460712432861,16.3460712432861,16.0285701751709,16.0303573608398,476302400,13.7529554367065
"1545",15.9285707473755,16.0417861938477,15.8149995803833,15.9307136535645,447182400,13.6674671173096
"1546",16.0446434020996,16.1285705566406,15.9499998092651,16.1003570556641,330654800,13.8130102157593
"1547",16.2089290618896,16.2542858123779,15.8060712814331,15.8142862319946,372579200,13.5675783157349
"1548",15.8507137298584,16.126428604126,15.6307144165039,16.0346431732178,501499600,13.7566328048706
"1549",16.0153560638428,16.1585712432861,15.7375001907349,15.8774995803833,587350400,13.6218128204346
"1550",15.8589286804199,15.9953565597534,15.7642860412598,15.7642860412598,322515200,13.5246820449829
"1551",15.6428565979004,15.6492862701416,15.3564291000366,15.3739290237427,552448400,13.1897840499878
"1552",15.2785711288452,15.292857170105,14.9642858505249,15.0017862319946,582755600,12.870512008667
"1553",15.0528573989868,15.5424995422363,15.0267858505249,15.3978567123413,638433600,13.2103118896484
"1554",15.518214225769,15.5446434020996,15.1582136154175,15.2021427154541,460250000,13.0424032211304
"1555",15.1607141494751,15.4289293289185,15.0378570556641,15.377857208252,468473600,13.1931524276733
"1556",15.3500003814697,15.5510711669922,15.3074998855591,15.418571472168,391482000,13.2280826568604
"1557",15.3482141494751,15.6789293289185,15.1835708618164,15.6382141113281,474236000,13.416524887085
"1558",15.5571432113647,15.6742858886719,15.270357131958,15.3010711669922,465911600,13.1272783279419
"1559",15.3017864227295,15.5178565979004,15.1914291381836,15.2982139587402,405549200,13.1248292922974
"1560",15.4582138061523,15.5228567123413,15.3732137680054,15.4464292526245,303875600,13.2519836425781
"1561",15.6403570175171,15.8653573989868,15.6160707473755,15.8450002670288,643960800,13.5939302444458
"1562",15.7660713195801,16.3378562927246,15.7571430206299,16.2757148742676,606197200,13.9634552001953
"1563",16.4107131958008,16.4632148742676,16.0178565979004,16.2317867279053,526775200,13.9257650375366
"1564",16.3364295959473,16.3439292907715,16.0567855834961,16.1457138061523,308660800,13.8519229888916
"1565",16.0792865753174,16.3564281463623,16.0750007629395,16.1689281463623,383255600,13.8718395233154
"1566",16.2350006103516,16.5035705566406,16.1825008392334,16.4967861175537,395105200,14.1531181335449
"1567",16.5960712432861,16.7839298248291,16.4921436309814,16.5564289093018,501135600,14.2042903900146
"1568",16.6228561401367,16.6371421813965,16.4475002288818,16.4692859649658,294294000,14.1295280456543
"1569",16.3021430969238,16.3142852783203,16.0974998474121,16.1457138061523,331237200,13.8519229888916
"1570",16.0650005340576,16.1364288330078,15.7721433639526,15.8092861175537,442839600,13.5632905960083
"1571",15.7821426391602,15.8464288711548,15.2764291763306,15.3182144165039,389732000,13.1419849395752
"1572",15.2714290618896,15.6478567123413,15.2285709381104,15.3496427536011,529519200,13.1689481735229
"1573",15.4060707092285,15.6171426773071,15.3682136535645,15.4282140731812,363216000,13.2363567352295
"1574",15.4914293289185,15.5357141494751,15.1875,15.2757139205933,358447600,13.1055202484131
"1575",15.1607141494751,15.1767864227295,14.9885711669922,15.1142864227295,383695200,12.9670305252075
"1576",15.1732139587402,15.2678565979004,15.0889291763306,15.2217855453491,300829200,13.0592546463013
"1577",15.2271432876587,15.3035707473755,15.0982141494751,15.249285697937,306614000,13.0828466415405
"1578",15.28928565979,15.6092863082886,15.2146425247192,15.560357093811,375928000,13.3497304916382
"1579",15.4899997711182,15.6424999237061,15.3999996185303,15.5117864608765,328364400,13.3080549240112
"1580",15.5053567886353,15.5053567886353,15.3246431350708,15.3500003814697,238613200,13.1692562103271
"1581",15.25,15.2817859649658,14.9839286804199,14.9946432113647,317520000,12.8643827438354
"1582",15.0560712814331,15.2360706329346,15.020357131958,15.2228574752808,305771200,13.0601739883423
"1583",15.0096426010132,15.0214290618896,14.2182140350342,14.3857135772705,945056000,12.3419570922852
"1584",14.4639291763306,14.4925003051758,13.919285774231,14.0017862319946,666299200,12.0125789642334
"1585",13.856071472168,14.2714290618896,13.7535705566406,13.9475002288818,609274400,11.9660024642944
"1586",14.0228567123413,14.3642864227295,13.9739294052124,14.2382135391235,429920400,12.2154169082642
"1587",14.4282140731812,14.585000038147,14.2432136535645,14.5046434402466,664238400,12.4439973831177
"1588",14.0550003051758,14.8303565979004,14.0178565979004,14.4807138442993,969651200,12.4234657287598
"1589",14.686785697937,14.7835712432861,14.5357141494751,14.585000038147,384837600,12.5129346847534
"1590",14.6360712051392,14.9560708999634,14.5803565979004,14.8999996185303,764097600,12.7831840515137
"1591",15.0160713195801,15.4864292144775,15,15.3614292144775,640326400,13.1790618896484
"1592",15.53928565979,15.9017858505249,15.4310712814331,15.8135709762573,691538400,13.566967010498
"1593",15.873571395874,15.8903570175171,15.5139293670654,15.688928604126,506909200,13.4600315093994
"1594",15.7778568267822,16.0210704803467,15.7367858886719,15.9114294052124,421828400,13.6509227752686
"1595",16.1182136535645,16.1867866516113,16.0410709381104,16.0707149505615,361300800,13.787579536438
"1596",16.2753562927246,16.5071430206299,16.2253570556641,16.453929901123,496641600,14.1163501739502
"1597",16.606071472168,16.6339282989502,16.2035713195801,16.3807144165039,483753200,14.0535364151001
"1598",16.3942852020264,16.6203575134277,16.2789287567139,16.5657138824463,472598000,14.2122535705566
"1599",16.4217853546143,16.5357131958008,16.2707138061523,16.3132133483887,398487600,14.0882663726807
"1600",16.356071472168,16.4182147979736,16.0885715484619,16.1774997711182,334852000,13.9710626602173
"1601",16.1253566741943,16.3535709381104,16.125,16.2407131195068,316948800,14.025652885437
"1602",16.2089290618896,16.2571430206299,15.7910709381104,15.8521432876587,447118000,13.6900806427002
"1603",15.6842861175537,15.75,15.084285736084,15.3160705566406,741613600,13.2271213531494
"1604",15.1157140731812,15.6374998092651,14.96071434021,15.5207138061523,603204000,13.4038534164429
"1605",15.6803569793701,15.7174997329712,15.393214225769,15.4735708236694,427904400,13.3631410598755
"1606",15.4253568649292,15.9214286804199,15.3607139587402,15.8189287185669,451578400,13.66139793396
"1607",15.64821434021,15.9099998474121,15.5071430206299,15.7021427154541,456022000,13.5605392456055
"1608",15.8589286804199,16.0125007629395,15.6507139205933,15.7624998092651,443038400,13.6126642227173
"1609",15.5696430206299,15.9342861175537,15.563928604126,15.790714263916,353021200,13.6370286941528
"1610",15.7446432113647,15.916428565979,15.7271432876587,15.89821434021,276166800,13.7298669815063
"1611",16.0678577423096,16.1110706329346,15.7446432113647,15.7657136917114,386145200,13.6154346466064
"1612",15.7142858505249,15.9821434020996,15.6928567886353,15.8910713195801,330576400,13.7236976623535
"1613",15.9160709381104,16.2321434020996,15.8753566741943,16.127857208252,353519600,13.9281892776489
"1614",16.1607131958008,16.3250007629395,16.0535717010498,16.0617866516113,384302800,13.8711290359497
"1615",16.0974998474121,16.1557140350342,15.8028573989868,16.0971431732178,372352400,13.9016637802124
"1616",16.1864280700684,16.229642868042,15.978214263916,16.0467853546143,292728800,13.8581762313843
"1617",15.9160709381104,16.0971431732178,15.8467855453491,15.896785736084,290589600,13.7286319732666
"1618",15.9096431732178,15.9642858505249,15.5017862319946,15.6592855453491,416934000,13.5235252380371
"1619",15.5892858505249,15.8299999237061,15.4560708999634,15.7789287567139,404535600,13.6268520355225
"1620",15.8832139968872,16.0385704040527,15.6000003814697,15.6746425628662,450153200,13.5367879867554
"1621",15.5621433258057,15.8128566741943,15.4757137298584,15.6285705566406,286112400,13.4969987869263
"1622",15.6964292526245,15.7589292526245,15.4107141494751,15.435357093811,265227200,13.330135345459
"1623",15.4464292526245,15.6121425628662,15.3125,15.5699996948242,285832400,13.446418762207
"1624",15.5500001907349,15.5817861557007,15.3035707473755,15.3589286804199,271866000,13.2641296386719
"1625",15.4085712432861,15.5607137680054,15.3699998855591,15.4285707473755,259414400,13.3242778778076
"1626",15.4128570556641,15.5321426391602,15.3646430969238,15.4203567504883,195025600,13.3171834945679
"1627",15.4071426391602,15.416428565979,15.1071434020996,15.1071434020996,310940000,13.0466918945312
"1628",14.9750003814697,15.2135705947876,14.8275003433228,14.8871431350708,357310800,12.8566951751709
"1629",14.9460706710815,15,14.5749998092651,14.7678565979004,481118400,12.7536773681641
"1630",14.5500001907349,14.5950002670288,14.2160711288452,14.376428604126,480746000,12.4156332015991
"1631",14.4892864227295,14.563928604126,14.2439289093018,14.3796434402466,314162800,12.4184141159058
"1632",14.4250001907349,14.4567861557007,14.1307144165039,14.2167863845825,367724000,12.2777652740479
"1633",14.2589292526245,14.3353567123413,14.0550003051758,14.0635709762573,337246000,12.1454477310181
"1634",13.9771432876587,14.2953567504883,13.8882141113281,14.1617860794067,578516400,12.2302713394165
"1635",14.3817863464355,14.7239294052124,14.3292856216431,14.6149997711182,391053600,12.6216726303101
"1636",14.6414289474487,15.0582141876221,14.6239290237427,14.9460706710815,469865200,12.907585144043
"1637",15.0307140350342,15.1064291000366,14.9089288711548,15.0285711288452,240928800,12.9788331985474
"1638",15.0139293670654,15.1175003051758,14.8339290618896,14.9078569412231,274024800,12.8745813369751
"1639",15.0039291381836,15.0357141494751,14.6660709381104,14.8232135772705,298138400,12.8014850616455
"1640",14.7714290618896,15.125,14.6564292907715,15.0839290618896,352584400,13.0266389846802
"1641",14.9857139587402,15.1714286804199,14.9375,15.0260705947876,281405600,12.976676940918
"1642",15.105357170105,15.2946434020996,15.0417861938477,15.2603569030762,326292400,13.1790084838867
"1643",15.27321434021,15.3496427536011,15.1217861175537,15.2325000762939,279563200,13.1549491882324
"1644",15.1789293289185,15.4092855453491,15.1714286804199,15.2657136917114,241917200,13.1836309432983
"1645",15.2328567504883,15.3824996948242,15.1489286422729,15.3642864227295,216538000,13.2687616348267
"1646",15.3464288711548,15.4364290237427,15.293571472168,15.3682136535645,198990400,13.2721538543701
"1647",15.4778566360474,15.5310707092285,15.3789291381836,15.4200000762939,218878800,13.3168783187866
"1648",15.4678573608398,15.499285697937,15.1553573608398,15.1767864227295,268721600,13.1068305969238
"1649",15.3378572463989,15.3482141494751,15.1953573226929,15.2253570556641,207796400,13.1487817764282
"1650",15.2142858505249,15.248571395874,14.9539289474487,14.9639291763306,369395600,12.9230079650879
"1651",15.6760711669922,15.8782138824463,15.5450000762939,15.7325000762939,591936800,13.5867528915405
"1652",15.7392864227295,15.7642860412598,15.564642906189,15.6607141494751,229493600,13.5247621536255
"1653",15.5464286804199,15.751428604126,15.5121431350708,15.7496433258057,200152400,13.6015567779541
"1654",15.7428569793701,16.0710716247559,15.7214288711548,15.9925003051758,248057600,13.8112936019897
"1655",16.0699996948242,16.3267860412598,16.0439281463623,16.1900005340576,309422400,13.9818553924561
"1656",16.2496433258057,16.3335704803467,16.0510711669922,16.1617851257324,322957600,13.9574880599976
"1657",16.2767868041992,16.3142852783203,16.1878566741943,16.3099994659424,206250800,14.085488319397
"1658",16.3575000762939,16.5303573608398,16.3092861175537,16.5192852020264,274783600,14.2662305831909
"1659",16.5960712432861,16.809642791748,16.5053577423096,16.7660713195801,318855600,14.4793548583984
"1660",16.7150001525879,16.853214263916,16.5060710906982,16.6160717010498,334857600,14.3498182296753
"1661",16.5642852783203,16.6785717010498,16.4917850494385,16.6064281463623,298858000,14.3414907455444
"1662",16.5664291381836,16.5750007629395,16.3553562164307,16.4646434783936,255777200,14.3129215240479
"1663",16.3799991607666,16.4449996948242,16.2017860412598,16.2303562164307,266865200,14.1092557907104
"1664",16.3164291381836,16.7374992370605,16.3082141876221,16.6914291381836,364434000,14.5100736618042
"1665",16.8192863464355,17.6664295196533,16.7160701751709,17.4846439361572,881941200,15.1996297836304
"1666",17.7814292907715,18.0089282989502,17.6214294433594,17.8035717010498,756372400,15.4768695831299
"1667",17.7292861938477,17.9428577423096,17.4671421051025,17.7824993133545,490294000,15.4585561752319
"1668",17.8624992370605,17.9621429443359,17.8164291381836,17.940357208252,362306000,15.5957765579224
"1669",18.0121421813965,18.3478565216064,18,18.1335716247559,510518400,15.763747215271
"1670",18.203929901123,18.2346439361572,17.8864288330078,17.895357131958,358688400,15.5566663742065
"1671",17.9853572845459,18.1124992370605,17.8999996185303,17.9414291381836,335879600,15.5967178344727
"1672",18.0349998474121,18.0567855834961,17.7928562164307,17.9628562927246,244207600,15.6153364181519
"1673",17.9739284515381,17.97678565979,17.8339290618896,17.8935718536377,222731600,15.5551071166992
"1674",17.8839282989502,18.2214298248291,17.875,17.9632148742676,330965600,15.6156530380249
"1675",17.7857131958008,17.9467868804932,17.3678569793701,17.4496421813965,424188800,15.1691951751709
"1676",17.3571434020996,17.7071437835693,17.3571434020996,17.5321426391602,307608000,15.2409152984619
"1677",17.5589294433594,17.7321434020996,17.5403575897217,17.5607147216797,239657600,15.2657556533813
"1678",17.5714282989502,17.6053562164307,17.375,17.4007148742676,272297200,15.1266603469849
"1679",17.6107139587402,17.8785705566406,17.4053573608398,17.4492855072021,331928800,15.1688890457153
"1680",17.8414287567139,17.9371433258057,17.7242851257324,17.8103561401367,345032800,15.4827728271484
"1681",17.8660717010498,17.8814296722412,17.6299991607666,17.6882133483887,236367600,15.3765907287598
"1682",17.8014297485352,17.8349990844727,17.4982147216797,17.793571472168,359525600,15.4681854248047
"1683",18.0357131958008,18.1399993896484,17.9814281463623,18.0774993896484,340687200,15.7150039672852
"1684",18.0785713195801,18.1232147216797,17.4821434020996,17.665714263916,743195600,15.3570346832275
"1685",16.6789283752441,16.9174995422363,16.6003570556641,16.703929901123,898696400,14.5209379196167
"1686",16.7321434020996,16.9785709381104,16.6432132720947,16.8817863464355,404051200,14.6755523681641
"1687",16.7621421813965,16.8510704040527,16.5964298248291,16.6035709381104,298835600,14.4336957931519
"1688",16.4642868041992,16.4860706329346,15.9721431732178,16.0757141113281,543706800,13.9748239517212
"1689",15.998571395874,16.4182147979736,15.9821434020996,16.2614288330078,399380800,14.136269569397
"1690",16.542142868042,16.6553573608398,16.4521427154541,16.5957145690918,456862000,14.4268732070923
"1691",16.8107147216797,16.9939289093018,16.7589282989502,16.8678569793701,404541200,14.663444519043
"1692",17.0714282989502,17.0910701751709,16.6428565979004,16.6932144165039,699302800,14.5116243362427
"1693",17.7178573608398,17.7467861175537,17.2357139587402,17.5228576660156,762106800,15.2328453063965
"1694",17.6742858886719,17.6953563690186,17.4221439361572,17.4678573608398,364344400,15.1850357055664
"1695",17.4714298248291,17.4871425628662,17.1939296722412,17.1975002288818,316957200,14.9500026702881
"1696",17.3571434020996,17.4485702514648,17.2821426391602,17.3649997711182,237221600,15.0956163406372
"1697",17.2778568267822,17.309642791748,17.168571472168,17.2410717010498,228040400,14.9878902435303
"1698",17.0446434020996,17.2021427154541,16.9432144165039,17.0267868041992,260156400,14.801609992981
"1699",17.0874996185303,17.4692859649658,17.0849990844727,17.4271430969238,353883600,15.1496410369873
"1700",17.3439292907715,17.5642852783203,17.2767868041992,17.4842853546143,289184000,15.1993160247803
"1701",17.5182132720947,17.5839290618896,17.1692867279053,17.2646427154541,322753200,15.008376121521
"1702",17.2807140350342,17.3071422576904,17.0928573608398,17.2510719299316,258868400,14.9965753555298
"1703",17.3771438598633,17.5946426391602,17.3339290618896,17.4196434020996,312292400,15.143120765686
"1704",17.4978561401367,17.5228576660156,17.1621437072754,17.1764297485352,290917200,14.9316883087158
"1705",17.3085708618164,17.421070098877,17.081428527832,17.3782138824463,301725200,15.1071062088013
"1706",17.5471439361572,17.5849990844727,17.3942852020264,17.4871425628662,278602800,15.2017974853516
"1707",17.3924999237061,17.6371421813965,17.3271427154541,17.6003570556641,267738800,15.3002147674561
"1708",17.4939289093018,17.7707138061523,17.47678565979,17.7157135009766,261898000,15.4004964828491
"1709",17.7682132720947,17.9285717010498,17.6971435546875,17.8099994659424,320073600,15.482460975647
"1710",17.8853569030762,17.9475002288818,17.8296432495117,17.896785736084,251101200,15.5579090118408
"1711",17.8564281463623,18.0278568267822,17.8457145690918,18.0178565979004,253593200,15.6631517410278
"1712",18.0710716247559,18.1878566741943,18.061071395874,18.1746425628662,290542000,15.799446105957
"1713",18.2775001525879,18.7250003814697,18.2685718536377,18.6200008392334,398106800,16.1866111755371
"1714",18.8003578186035,18.8732147216797,18.143928527832,18.5667858123779,534063600,16.1403427124023
"1715",18.5357131958008,18.7739295959473,18.5357131958008,18.748571395874,313723200,16.2983703613281
"1716",18.75,19.0167865753174,18.6589298248291,18.9967861175537,384764800,16.5141487121582
"1717",18.9757137298584,19.0439281463623,18.7539291381836,18.7842864990234,337792000,16.329418182373
"1718",18.8942852020264,18.9642868041992,18.686071395874,18.9242858886719,550440800,16.4511203765869
"1719",19.1525001525879,19.2589282989502,18.376428604126,18.4528560638428,635807200,16.0413074493408
"1720",18.5575008392334,18.8400001525879,18.4650001525879,18.7464294433594,354163600,16.2965087890625
"1721",18.75,18.8389282226562,18.6167850494385,18.6678562164307,275696400,16.2282047271729
"1722",18.7150001525879,18.7428569793701,18.4228572845459,18.5725002288818,274890000,16.1453113555908
"1723",18.6107139587402,18.8150005340576,18.5289287567139,18.8125,244627600,16.3539447784424
"1724",18.7350006103516,18.8889293670654,18.6785717010498,18.7660713195801,265213200,16.3135833740234
"1725",18.7196426391602,18.7450008392334,18.5071430206299,18.6042861938477,223375600,16.267370223999
"1726",18.5564289093018,18.6853561401367,18.2992858886719,18.3032131195068,262620400,16.0041103363037
"1727",18.377857208252,18.6117858886719,18.3067855834961,18.5914287567139,279316800,16.2561283111572
"1728",18.5710716247559,18.6310710906982,18.3717861175537,18.5375003814697,227452400,16.2089691162109
"1729",18.4882144927979,18.7114295959473,18.4642868041992,18.5717868804932,204276800,16.2389469146729
"1730",18.5,18.6517868041992,18.4628562927246,18.5939292907715,197220800,16.2583141326904
"1731",18.6717853546143,18.9028568267822,18.6382141113281,18.8628578186035,282419200,16.4934616088867
"1732",18.8064289093018,18.8960704803467,18.7317867279053,18.7496433258057,317920400,16.3944683074951
"1733",18.7496433258057,18.8282146453857,18.5071430206299,18.5224990844727,244944000,16.195858001709
"1734",18.5367851257324,18.6921424865723,18.4989280700684,18.5553569793701,208938800,16.224588394165
"1735",18.5439281463623,18.5864295959473,18.3689289093018,18.3928565979004,193916800,16.0825080871582
"1736",18.4857139587402,18.6146430969238,18.3453578948975,18.6121425628662,262026800,16.2742385864258
"1737",18.5542850494385,18.6485710144043,18.518928527832,18.5642852783203,223725600,16.2323913574219
"1738",18.6078567504883,18.7810707092285,18.6071434020996,18.7049999237061,229311600,16.355432510376
"1739",18.7185707092285,19.1478576660156,18.7142868041992,19.0499992370605,401382800,16.6570987701416
"1740",19.1539287567139,19.5,19.0499992370605,19.498571395874,363448400,17.0493240356445
"1741",19.6242866516113,19.940357208252,19.5646438598633,19.8596439361572,318127600,17.3650379180908
"1742",19.9285717010498,20.1546421051025,19.6721439361572,19.6867866516113,472544800,17.2138977050781
"1743",19.9392852783203,20.2278575897217,19.917142868042,20.2257137298584,450968000,17.6851291656494
"1744",20.1964282989502,20.3282146453857,20.0292854309082,20.1785717010498,377809600,17.6439056396484
"1745",20.4517860412598,20.540714263916,20.2289295196533,20.2821426391602,447580000,17.734468460083
"1746",20.2067852020264,20.2410717010498,19.9846439361572,20.0007133483887,344352400,17.4883918762207
"1747",20.0321426391602,20.3421421051025,20.0321426391602,20.229642868042,320493600,17.6885623931885
"1748",20.127857208252,20.2814292907715,20.0428562164307,20.1982135772705,278269600,17.6610851287842
"1749",20.25,20.3917865753174,19.9889297485352,20.0485706329346,359718800,17.5302295684814
"1750",20.0764293670654,20.1907138824463,20.0010719299316,20.0192852020264,262290000,17.5046310424805
"1751",20.10178565979,20.1028575897217,19.7739295959473,19.8010711669922,332822000,17.3138256072998
"1752",19.8221435546875,20.0942859649658,19.8217868804932,19.9107131958008,282592800,17.4096965789795
"1753",19.8503570556641,19.9799995422363,19.7635707855225,19.8210716247559,229902400,17.3313217163086
"1754",19.6321430206299,19.6946430206299,19.2428569793701,19.6703567504883,565863200,17.1995258331299
"1755",19.625,19.6428565979004,19.4189281463623,19.4449996948242,320308800,17.0024814605713
"1756",19.479642868042,19.7003574371338,19.457857131958,19.6078567504883,436413600,17.1448802947998
"1757",20.2857131958008,20.3828563690186,20.0985717773438,20.3603572845459,501306400,17.8028602600098
"1758",20.353214263916,20.4242858886719,20.2153568267822,20.2739295959473,167554800,17.7272891998291
"1759",20.28928565979,20.3392868041992,20.1207141876221,20.1392860412598,204008000,17.6095504760742
"1760",20.1364288330078,20.1574993133545,19.9821434020996,20.0032138824463,225884400,17.4905796051025
"1761",19.9092864990234,20.0032138824463,19.7257137298584,19.8042850494385,253629600,17.3166370391846
"1762",19.7917861938477,20.0457134246826,19.7857131958008,20.0364284515381,223084400,17.5196208953857
"1763",19.8457145690918,19.893928527832,19.7150001525879,19.7546424865723,234684800,17.273229598999
"1764",19.7450008392334,19.7749996185303,19.3010711669922,19.3207149505615,392467600,16.8938083648682
"1765",19.1946430206299,19.5285701751709,19.0571422576904,19.4260711669922,412610800,16.9859275817871
"1766",19.4400005340576,19.498571395874,19.2114295959473,19.2871437072754,317209200,16.8644561767578
"1767",19.2432136535645,19.4842853546143,19.2389297485352,19.4092864990234,258529600,16.9712524414062
"1768",19.5285701751709,19.5307140350342,19.1196422576904,19.1614284515381,279148800,16.7545261383057
"1769",19.2796421051025,19.3142852783203,18.9682140350342,19.0335712432861,304976000,16.6427307128906
"1770",18.9253578186035,19.375,18.9242858886719,19.1332149505615,378492800,16.7298603057861
"1771",19.2221431732178,19.5260715484619,19.2021427154541,19.5139293670654,332561600,17.0627498626709
"1772",19.7685718536377,20.0071430206299,19.7021427154541,19.9057140350342,391638800,17.4053249359131
"1773",19.8178577423096,19.8875007629395,19.7028560638428,19.7946434020996,229278000,17.3082027435303
"1774",19.6957149505615,19.7167854309082,19.2821426391602,19.309642791748,426739600,16.8841190338135
"1775",19.3210716247559,19.645357131958,19.3007144927979,19.6096439361572,328526800,17.1464424133301
"1776",19.6753578186035,19.9032135009766,19.5646438598633,19.6967868804932,379985200,17.2226390838623
"1777",19.6407146453857,19.875,19.4575004577637,19.8635711669922,403239200,17.3684749603271
"1778",19.7857131958008,19.8435707092285,19.4553565979004,19.5025005340576,429354800,17.0527687072754
"1779",19.645357131958,19.8142852783203,19.4910717010498,19.6607131958008,554878800,17.1911010742188
"1780",18.1700000762939,18.3928565979004,17.9310703277588,18.0892868041992,1065523200,15.8170585632324
"1781",17.9982147216797,18.1203575134277,17.8078575134277,17.8839282989502,502810000,15.6374969482422
"1782",17.9478569030762,18.0892868041992,17.7392864227295,17.8492851257324,678501600,15.6072025299072
"1783",17.6849994659424,17.9117851257324,17.6267852783203,17.8785705566406,464797200,15.6328115463257
"1784",17.9503574371338,18.1332149505615,17.8321437835693,17.9117851257324,401464000,15.6618537902832
"1785",18.0660705566406,18.1949996948242,17.9557132720947,18.171070098877,376681200,15.8885707855225
"1786",18.0914287567139,18.4028568267822,18.0803565979004,18.3067855834961,328344800,16.0072441101074
"1787",18.2164287567139,18.3392868041992,18.1360702514648,18.3039283752441,257765200,16.1005458831787
"1788",18.6207141876221,18.6760711669922,18.4778575897217,18.5599994659424,370280400,16.3257884979248
"1789",18.5235710144043,18.9996433258057,18.5,18.8924999237061,345559200,16.6182594299316
"1790",18.9503574371338,19.2053565979004,18.9107131958008,19.141429901123,282256800,16.8372230529785
"1791",19.1767864227295,19.2700004577637,19.0442867279053,19.1399993896484,308100800,16.8359661102295
"1792",19.0949993133545,19.4589290618896,19.0785713195801,19.4439296722412,307398000,17.1033134460449
"1793",19.3739280700684,19.4992866516113,19.328929901123,19.4282131195068,272924400,17.0894870758057
"1794",19.5,19.6853561401367,19.4860706329346,19.4996433258057,260251600,17.1523189544678
"1795",19.4553565979004,19.5317859649658,19.0839290618896,19.1917858123779,313768000,16.8815212249756
"1796",19.0353565216064,19.1785717010498,18.8928565979004,18.9696426391602,305858000,16.6861228942871
"1797",19.0282135009766,19.0917854309082,18.7357139587402,18.7589282989502,278784800,16.5007762908936
"1798",18.6839294433594,18.9257144927979,18.6578578948975,18.8410701751709,288909600,16.5730247497559
"1799",18.9064292907715,18.9132137298584,18.6071434020996,18.6450004577637,231952000,16.4005603790283
"1800",18.7003574371338,18.75,18.41428565979,18.47678565979,276217200,16.2525939941406
"1801",18.4692859649658,18.8850002288818,18.4303569793701,18.8453578948975,301882000,16.5768013000488
"1802",18.8957138061523,19.0267868041992,18.6471424102783,18.7942867279053,371968800,16.5318698883057
"1803",18.6935710906982,18.9517860412598,18.6717853546143,18.8485717773438,238781200,16.5796279907227
"1804",18.9642868041992,19.0228576660156,18.8489284515381,18.9728565216064,259140000,16.6889495849609
"1805",18.9614295959473,19.0982131958008,18.8974990844727,19.0128574371338,200062800,16.7241344451904
"1806",19.0282135009766,19.0871429443359,18.8607139587402,18.9553565979004,185488800,16.6735496520996
"1807",18.9675006866455,18.9992866516113,18.7875003814697,18.9442863464355,220729600,16.663818359375
"1808",18.8700008392334,19.0475006103516,18.8692855834961,18.9614295959473,178584000,16.6788959503174
"1809",19.1232147216797,19.2407131195068,19.0210704803467,19.1460704803467,279224400,16.8413181304932
"1810",19.0896434783936,19.1910705566406,19,19.1646423339844,199326400,16.8576431274414
"1811",19.1942863464355,19.2735710144043,18.8985710144043,18.9517860412598,257742800,16.6704082489014
"1812",18.8853569030762,18.9603576660156,18.6785717010498,18.7389297485352,237199200,16.48317527771
"1813",18.8464298248291,18.9274997711182,18.7803573608398,18.8121433258057,199544800,16.5475749969482
"1814",18.7821426391602,18.9989280700684,18.7571430206299,18.9785709381104,209647200,16.6939811706543
"1815",19.0092868804932,19.1514282226562,18.8928565979004,18.9735717773438,224756000,16.6895771026611
"1816",18.9246425628662,19.0239295959473,18.8339290618896,18.8821430206299,208398400,16.6091537475586
"1817",18.9974994659424,19.0625,18.7975006103516,19.0310707092285,374046400,16.7401542663574
"1818",19.2292861938477,19.3035717010498,19.1092853546143,19.2567863464355,355700800,16.9386978149414
"1819",19.3392868041992,19.4910717010498,19.2710704803467,19.4639282226562,282293200,17.1208972930908
"1820",19.5185718536377,19.6071434020996,19.2450008392334,19.2778568267822,299768000,16.9572315216064
"1821",19.2864284515381,19.3392868041992,19.1114292144775,19.1949996948242,222031600,16.8843479156494
"1822",19.2257137298584,19.2478561401367,19.0803565979004,19.1735706329346,200564000,16.8655014038086
"1823",19.2582149505615,19.3146438598633,19.1403560638428,19.1692867279053,168669200,16.8617343902588
"1824",19.2057132720947,19.3525009155273,19.1703567504883,19.3446426391602,200760000,17.0159854888916
"1825",19.3707141876221,19.4099998474121,19.2950000762939,19.3767852783203,180420800,17.0442485809326
"1826",19.3353576660156,19.375,19.2014293670654,19.2425003051758,162344000,16.9261302947998
"1827",19.2789287567139,19.2857131958008,18.9492855072021,18.9935703277588,275251200,16.7071723937988
"1828",18.8578567504883,18.96071434021,18.6389293670654,18.6953563690186,289850400,16.4448490142822
"1829",18.7567863464355,18.7900009155273,18.5249996185303,18.6942863464355,243888400,16.4439163208008
"1830",18.665714263916,18.9460716247559,18.6435718536377,18.9400005340576,206169600,16.6600513458252
"1831",18.9528560638428,19.0085716247559,18.684642791748,18.6957149505615,239652000,16.4451675415039
"1832",18.5357131958008,18.6725006103516,18.4692859649658,18.5575008392334,271717600,16.3235931396484
"1833",18.6392860412598,18.6485710144043,18.4717864990234,18.6314296722412,205674000,16.3886203765869
"1834",18.5810718536377,18.6299991607666,18.2617855072021,18.498571395874,266490000,16.2717552185059
"1835",18.5017852783203,18.6103572845459,18.3621425628662,18.5360717773438,214765600,16.3047370910645
"1836",18.5714282989502,18.8485717773438,18.5428562164307,18.7478561401367,284334400,16.4910278320312
"1837",18.7621421813965,19.0049991607666,18.7128562927246,18.9703578948975,182548800,16.6867446899414
"1838",18.8682136535645,18.9939289093018,18.8035717010498,18.9892864227295,202563200,16.7034015655518
"1839",18.8950004577637,18.9689292907715,18.7303562164307,18.7410717010498,394940000,16.4850616455078
"1840",20.2932147979736,20.3571434020996,20.0260715484619,20.2775001525879,759911600,17.836540222168
"1841",20.1617851257324,20.4282131195068,20.141429901123,20.4264297485352,390275200,17.9675388336182
"1842",20.4571437835693,21.2767868041992,20.4482135772705,21.2175006866455,669485600,18.6633949279785
"1843",21.2049999237061,21.2849998474121,21.0539283752441,21.1546421051025,337377600,18.6080932617188
"1844",21.165714263916,21.4082145690918,21.0642852783203,21.0746421813965,456640800,18.5377216339111
"1845",21.1428565979004,21.2428569793701,20.9414291381836,21.1242866516113,244048000,18.5813961029053
"1846",21.1550006866455,21.2214298248291,21.061071395874,21.1635704040527,191514400,18.6159496307373
"1847",21.0764293670654,21.4642868041992,21.0714282989502,21.4628562927246,287067200,18.8792037963867
"1848",21.4928569793701,21.5860710144043,21.2289295196533,21.2289295196533,374564400,18.6734371185303
"1849",21.2589282989502,21.3317852020264,20.9903564453125,21.1546421051025,282864400,18.6080932617188
"1850",21.0089282989502,21.2289295196533,20.9428577423096,20.9996433258057,230297200,18.5749263763428
"1851",20.876428604126,20.9375,20.7260704040527,20.9121437072754,291597600,18.4975280761719
"1852",20.9817867279053,21.2021427154541,20.9785709381104,21.1725006103516,213208800,18.7278232574463
"1853",21.1428565979004,21.233570098877,21.0964298248291,21.2057132720947,159737200,18.7572021484375
"1854",21.1582145690918,21.33571434021,21.1335716247559,21.2096424102783,166404000,18.7606811523438
"1855",21.2392864227295,21.3071422576904,21.001428604126,21.0292854309082,230846000,18.6011447906494
"1856",21.0224990844727,21.3403568267822,20.9071426391602,21.3396434783936,276256400,18.875659942627
"1857",21.35178565979,21.690357208252,21.3332138061523,21.5925006866455,317755200,19.0993328094482
"1858",21.5896434783936,21.6571426391602,21.4546432495117,21.5967864990234,234836000,19.103120803833
"1859",21.565357208252,21.6678562164307,21.5021438598633,21.6539287567139,196859600,19.1536617279053
"1860",21.66428565979,21.7803573608398,21.5750007629395,21.6882133483887,200760000,19.1839904785156
"1861",21.6875,21.9546432495117,21.6596431732178,21.9332141876221,232209600,19.4007034301758
"1862",21.9957141876221,22.3521423339844,21.9867858886719,22.3439292907715,348866000,19.7639999389648
"1863",22.3578567504883,22.4939289093018,22.2778568267822,22.2860717773438,315481600,19.7128162384033
"1864",22.4232139587402,22.7453575134277,22.4203567504883,22.6921424865723,376474000,20.0719985961914
"1865",22.7849998474121,23.0060710906982,22.46071434021,22.6071434020996,564020800,19.9968109130859
"1866",22.641429901123,22.6725006103516,22.2321434020996,22.4517860412598,369350800,19.859395980835
"1867",22.4449996948242,22.8121433258057,22.4375,22.7692852020264,292709200,20.140230178833
"1868",22.7657146453857,23.1389293670654,22.7182140350342,23.0292854309082,335482000,20.3702163696289
"1869",23.0785713195801,23.1917858123779,22.9503574371338,23.1196422576904,303805600,20.4501438140869
"1870",23.21071434021,23.2592868804932,23.0167865753174,23.0560703277588,349938400,20.3939113616943
"1871",23.1749992370605,23.4699993133545,22.9375,23.4249992370605,301660000,20.7202396392822
"1872",23.6825008392334,23.7625007629395,23.3924999237061,23.5625,251108000,20.8418636322021
"1873",23.5324993133545,23.6900005340576,23.3675003051758,23.4650001525879,182724000,20.7556228637695
"1874",23.5100002288818,23.5300006866455,22.9750003814697,23.0725002288818,218996000,20.4084396362305
"1875",23.0499992370605,23.1100006103516,22.7199993133545,22.8199996948242,218100000,20.185094833374
"1876",22.8775005340576,23.1875,22.8624992370605,23.0499992370605,142244000,20.388542175293
"1877",23.0774993896484,23.1749992370605,22.9500007629395,23.0200004577637,118904000,20.3620052337646
"1878",23.0674991607666,23.0725002288818,22.8374996185303,23.0450000762939,134056000,20.3841133117676
"1879",23.0725002288818,23.0750007629395,22.8349990844727,22.9650001525879,142112000,20.3133487701416
"1880",22.9624996185303,23.1375007629395,22.7250003814697,22.7275009155273,403592000,20.103271484375
"1881",22.8299999237061,22.9050006866455,22.6499996185303,22.7075004577637,174776000,20.0855865478516
"1882",22.6875,22.9349994659424,22.5475006103516,22.5699996948242,156144000,19.9639644622803
"1883",22.5524997711182,22.6749992370605,22.4125003814697,22.5900001525879,147476000,19.9816493988037
"1884",22.5925006866455,22.7625007629395,22.4500007629395,22.7250003814697,130516000,20.1010589599609
"1885",22.7049999237061,23,22.6924991607666,22.9950008392334,256116000,20.3398895263672
"1886",23.0249996185303,23.4325008392334,23.0224990844727,23.2325000762939,197929200,20.5499649047852
"1887",23.3799991607666,23.5174999237061,23.2824993133545,23.3799991607666,152892000,20.6804332733154
"1888",23.4675006866455,23.5149993896484,23.2724990844727,23.3700008392334,113860000,20.6715850830078
"1889",23.4174995422363,23.5249996185303,23.2999992370605,23.5074996948242,91567200,20.7932109832764
"1890",23.5349998474121,23.9974994659424,23.5249996185303,23.9925003051758,225872000,21.2222080230713
"1891",24.0674991607666,24.2000007629395,23.4799995422363,23.8374996185303,260888000,21.0851154327393
"1892",23.8600006103516,23.9874992370605,23.6900005340576,23.8474998474121,145744000,21.0939559936523
"1893",23.4400005340576,23.8875007629395,23.3799991607666,23.7600002288818,158744000,21.0165557861328
"1894",23.8400001525879,23.9724998474121,23.7150001525879,23.8050003051758,136072000,21.0563659667969
"1895",23.9650001525879,24.2224998474121,23.9125003814697,24.1124992370605,171240000,21.3283557891846
"1896",24.2000007629395,24.2124996185303,23.7574996948242,23.8299999237061,181911600,21.0784721374512
"1897",24.2425003051758,24.2749996185303,23.6849994659424,23.6949996948242,213585200,20.9590644836426
"1898",23.7574996948242,23.8199996948242,23.1424999237061,23.2724990844727,229192000,20.5853462219238
"1899",23.4050006866455,23.6849994659424,23.2549991607666,23.6075000762939,199952000,20.8816623687744
"1900",23.7474994659424,23.75,23.4300003051758,23.4850006103516,156316000,20.7733097076416
"1901",23.6700000762939,23.7224998474121,23.5300006866455,23.6800003051758,220788000,20.9457931518555
"1902",23.8549995422363,24.4699993133545,23.7924995422363,24.2975006103516,371672000,21.4919910430908
"1903",24.2600002288818,24.3299999237061,24.1049995422363,24.2574996948242,182916000,21.4566116333008
"1904",24.2124996185303,24.4599990844727,24.1599998474121,24.4174995422363,173876000,21.5981388092041
"1905",24.4549999237061,24.8099994659424,24.3875007629395,24.7549991607666,221272000,21.896671295166
"1906",24.8325004577637,24.8600006103516,24.5625,24.5949993133545,172572000,21.7551460266113
"1907",24.6100006103516,24.6749992370605,24.4174995422363,24.5375003814697,132040000,21.7042827606201
"1908",24.2900009155273,24.3624992370605,23.8325004577637,23.8999996185303,227372000,21.1403942108154
"1909",23.7250003814697,24.1550006866455,23.7024993896484,24.0324993133545,194044000,21.2575874328613
"1910",24.0925006866455,24.1450004577637,23.7924995422363,23.8974990844727,159832000,21.13818359375
"1911",23.8400001525879,23.9200000762939,23.5900001525879,23.7800006866455,223732000,21.0342540740967
"1912",23.6875,23.8700008392334,23.6774997711182,23.7399997711182,154232000,20.9988651275635
"1913",23.7325000762939,23.9874992370605,23.5249996185303,23.6200008392334,186844000,20.9966430664062
"1914",23.5650005340576,23.7049999237061,23.3199996948242,23.6849994659424,167460000,21.05442237854
"1915",23.8174991607666,24.0200004577637,23.7099990844727,23.9974994659424,146340000,21.3322200775146
"1916",24.0100002288818,24.2199993133545,23.9025001525879,23.9925003051758,135180000,21.3277702331543
"1917",24.0375003814697,24.3099994659424,24.0100002288818,24.3099994659424,127664000,21.6100120544434
"1918",24.3325004577637,24.3924999237061,24.2000007629395,24.375,112464000,21.6677932739258
"1919",24.4750003814697,24.5475006103516,24.2150001525879,24.4950008392334,195804000,21.7744598388672
"1920",24.6224994659424,24.8425006866455,24.4950008392334,24.7900009155273,190288000,22.036693572998
"1921",24.8525009155273,25.1700000762939,24.8299999237061,25.1324996948242,277596000,22.341157913208
"1922",25.1100006103516,25.2724990844727,24.9874992370605,25.1424999237061,210796000,22.3500423431396
"1923",25.1424999237061,25.2350006103516,25.0275001525879,25.1450004577637,133912000,22.35227394104
"1924",25.0725002288818,25.3675003051758,25.0475006103516,25.3299999237061,176736000,22.5167217254639
"1925",25.4475002288818,25.5424995422363,25.3199996948242,25.3850002288818,161080000,22.5656147003174
"1926",25.3549995422363,25.375,25.2150001525879,25.2224998474121,132608000,22.4211578369141
"1927",25.2549991607666,25.6424999237061,25.1749992370605,25.5324993133545,209476000,22.6967372894287
"1928",25.3974990844727,25.6949996948242,25.3899993896484,25.5625,273840000,22.7234058380127
"1929",25.7150001525879,25.7250003814697,25.5499992370605,25.625,178380000,22.778959274292
"1930",25.7649993896484,25.9349994659424,25.6800003051758,25.8250007629395,214256000,22.9567489624023
"1931",25.7749996185303,25.7999992370605,24.6450004577637,24.7350006103516,501684000,21.9878063201904
"1932",24.7124996185303,25.0224990844727,24.4475002288818,24.5300006866455,342872000,21.8055782318115
"1933",24.7000007629395,24.8474998474121,24.5774993896484,24.7425003051758,233828000,21.9944744110107
"1934",24.8250007629395,24.8274993896484,24.5125007629395,24.5900001525879,185426800,21.8589096069336
"1935",24.7700004577637,25.7700004577637,24.0349998474121,24.4974994659424,759385200,21.7766819000244
"1936",24.5025005340576,25.2775001525879,24.4400005340576,25.25,403478400,22.4456100463867
"1937",25.1025009155273,25.3600006103516,24.9050006866455,25.3575000762939,249412400,22.541166305542
"1938",25.3024997711182,25.5475006103516,25.2700004577637,25.4150009155273,250504400,22.5922832489014
"1939",25.7024993896484,25.7625007629395,25.3600006103516,25.4074993133545,245266000,22.585620880127
"1940",24.9500007629395,25.3150005340576,24.7224998474121,25.2150001525879,267632400,22.4144992828369
"1941",25.3174991607666,25.4500007629395,25.1474990844727,25.3950004577637,243706000,22.5745086669922
"1942",25.4825000762939,25.5874996185303,25.3899993896484,25.4475002288818,149197600,22.6211738586426
"1943",25.5725002288818,25.5874996185303,25.125,25.2399997711182,283609600,22.4367218017578
"1944",25.4500007629395,25.5349998474121,25.1450004577637,25.2649993896484,211153600,22.4589424133301
"1945",25.1499996185303,25.7350006103516,25.1350002288818,25.6599998474121,253608800,22.8100719451904
"1946",25.5400009155273,25.7124996185303,25.2999992370605,25.4375,240687200,22.6122875213623
"1947",25.1275005340576,25.1774997711182,24.4300003051758,24.4675006866455,400368000,21.7500114440918
"1948",24.6324996948242,25.1875,24.6000003814697,25.1875,249482000,22.3900527954102
"1949",24.6625003814697,25.1100006103516,24.6574993133545,25.0275001525879,199065200,22.24782371521
"1950",25.2024993896484,25.3850002288818,25.1324996948242,25.1875,221056400,22.3900527954102
"1951",25.1474990844727,25.1725006103516,24.6749992370605,24.7950000762939,205965200,22.0411415100098
"1952",24.8174991607666,25.0550003051758,24.5100002288818,24.9750003814697,191031200,22.201150894165
"1953",24.8600006103516,25.0524997711182,24.7600002288818,24.9050006866455,173878400,22.1389255523682
"1954",24.9874992370605,25.1625003814697,24.8549995422363,24.9050006866455,148204800,22.1389255523682
"1955",24.8575000762939,25.0300006866455,24.6825008392334,24.6875,168376800,21.94557762146
"1956",24.6900005340576,25.2775001525879,24.5774993896484,25.2000007629395,229618800,22.401159286499
"1957",25.3850002288818,25.5949993133545,25.1525001525879,25.2549991607666,309506000,22.4500560760498
"1958",25.1725006103516,25.5074996948242,25.0750007629395,25.1825008392334,265326400,22.3856105804443
"1959",25.3325004577637,25.4449996948242,24.9524993896484,24.9524993896484,214333600,22.1811504364014
"1960",25.0974998474121,25.1299991607666,24.6424999237061,24.6875,254754400,21.94557762146
"1961",24.4925003051758,24.7875003814697,23.7950000762939,24.3850002288818,403734400,21.6766777038574
"1962",23.8875007629395,24.4300003051758,23.8525009155273,24.0650005340576,288618000,21.3922176361084
"1963",24.375,24.75,24.2024993896484,24.4174995422363,272718800,21.7055702209473
"1964",24.5799999237061,24.9899997711182,24.5550003051758,24.9400005340576,310069200,22.1700344085693
"1965",25.7549991607666,25.7549991607666,25.3174991607666,25.6175003051758,378495600,22.7722930908203
"1966",25.7099990844727,26.0275001525879,25.6499996185303,25.7474994659424,273052400,22.8878498077393
"1967",26.0200004577637,26.2625007629395,25.9074993133545,26.2075004577637,284298800,23.2967586517334
"1968",26.2950000762939,26.3724994659424,26.1324996948242,26.3050003051758,188215600,23.3834342956543
"1969",26.2124996185303,26.3700008392334,26.1749992370605,26.2775001525879,136750800,23.3589839935303
"1970",26.3500003814697,26.6849994659424,26.3374996185303,26.6849994659424,192243600,23.721227645874
"1971",26.6625003814697,26.8425006866455,26.5900001525879,26.8349990844727,210751600,23.8545684814453
"1972",26.7399997711182,26.8374996185303,26.4750003814697,26.7450008392334,162619200,23.7745723724365
"1973",27.0025005340576,27.0100002288818,26.8024997711182,27,178557200,24.0012435913086
"1974",27.0550003051758,27.5750007629395,27.0025005340576,27.3500003814697,209130400,24.312370300293
"1975",27.3400001525879,27.3724994659424,26.9300003051758,27.1499996185303,166297600,24.1345901489258
"1976",27.2749996185303,27.3250007629395,27.0324993133545,27.2150001525879,149743600,24.1923580169678
"1977",27.1499996185303,27.1975002288818,26.9500007629395,27.1749992370605,139874000,24.2615585327148
"1978",27.1875,27.3299999237061,27.1375007629395,27.2525005340576,134766000,24.3307476043701
"1979",27.2549991607666,27.3325004577637,27.1674995422363,27.2075004577637,108782000,24.2905693054199
"1980",27.1749992370605,27.4375,27.1000003814697,27.4249992370605,109769200,24.4847507476807
"1981",27.3449993133545,27.8575000762939,27.3425006866455,27.8125,187769600,24.8307113647461
"1982",27.9500007629395,28.3624992370605,27.8999996185303,28.2049999237061,238091600,25.1811332702637
"1983",28.2875003814697,28.5475006103516,27.8024997711182,28.5450000762939,176254400,25.4846782684326
"1984",28.5674991607666,29.3199996948242,28.3250007629395,28.4974994659424,186986800,25.442268371582
"1985",28.4850006103516,28.9225006103516,28.4724998474121,28.8675003051758,176896000,25.7726020812988
"1986",28.8600006103516,28.9349994659424,28.4500007629395,28.6674995422363,167476800,25.5940456390381
"1987",28.7275009155273,29.2150001525879,28.7124996185303,29.0774993896484,173582000,25.9600868225098
"1988",29.3775005340576,29.3924999237061,29.0074996948242,29.1175003051758,228717200,25.9958019256592
"1989",29.2124996185303,29.6924991607666,29.1550006866455,29.6574993133545,189803200,26.4779071807861
"1990",29.7674999237061,29.9375,29.3624992370605,29.3999996185303,275361600,26.2480144500732
"1991",29.4850006103516,29.7749996185303,29.4575004577637,29.75,163073200,26.5604877471924
"1992",29.8174991607666,29.8500003814697,29.5125007629395,29.7325000762939,99257600,26.5448741912842
"1993",29.7024993896484,29.8125,27.8174991607666,28.7674999237061,335256000,25.6833343505859
"1994",28.375,28.9375,28.1875,28.6574993133545,237395600,25.5851135253906
"1995",28.9375,29.0874996185303,28.7775001525879,28.9825000762939,172253600,25.875280380249
"1996",28.9424991607666,29.2999992370605,28.8225002288818,28.8724994659424,168178000,25.7770709991455
"1997",28.9974994659424,29.0200004577637,28.6599998474121,28.75,153275600,25.6676979064941
"1998",28.5249996185303,28.6625003814697,27.9050006866455,28.1000003814697,230659600,25.087381362915
"1999",27.5475006103516,28.5750007629395,27.3374996185303,28.5300006866455,240832000,25.471284866333
"2000",28.6025009155273,28.7124996185303,27.8850002288818,27.9874992370605,178261200,24.9869499206543
"2001",28.0650005340576,28.4500007629395,27.8349990844727,27.9050006866455,165606800,24.913293838501
"2002",27.6149997711182,27.9675006866455,27.3950004577637,27.4325008392334,224112400,24.4914493560791
"2003",27.6749992370605,27.8999996185303,26.5874996185303,27.0575008392334,268872400,24.1566524505615
"2004",26.5925006866455,27.5400009155273,26.5650005340576,26.6875,243162800,23.8263244628906
"2005",26.7800006866455,27.4599990844727,26.7049999237061,27.3525009155273,213647200,24.4200325012207
"2006",27.9675006866455,28.1625003814697,27.6650009155273,28.1625003814697,236024800,25.1431922912598
"2007",28.0650005340576,28.3099994659424,27.9150009155273,27.9449996948242,353719200,24.9490089416504
"2008",28.0400009155273,28.3724994659424,27.9925003051758,28.2350006103516,180670000,25.2079200744629
"2009",28.3075008392334,28.3325004577637,28.1149997711182,28.1350002288818,104113600,25.118631362915
"2010",28.1450004577637,28.1774997711182,28.0025005340576,28.0025005340576,57918400,25.0003395080566
"2011",28.0249996185303,28.6299991607666,28.0025005340576,28.4974994659424,134884000,25.442268371582
"2012",28.4475002288818,28.6924991607666,28.4249992370605,28.4775009155273,110395600,25.4244213104248
"2013",28.4099998474121,28.4799995422363,28.0275001525879,28.1299991607666,119526000,25.114164352417
"2014",28.2049999237061,28.2824993133545,27.5524997711182,27.5949993133545,165613600,24.6365280151367
"2015",27.8474998474121,27.8600006103516,26.8374996185303,27.3325004577637,212818400,24.4021701812744
"2016",27.0725002288818,27.1625003814697,26.3525009155273,26.5625,257142000,23.7147197723389
"2017",26.6350002288818,26.8575000762939,26.1574993133545,26.5650005340576,263188400,23.7169551849365
"2018",26.7999992370605,27.0499992370605,26.6749992370605,26.9375,160423600,24.0495185852051
"2019",27.3075008392334,28.0375003814697,27.1749992370605,27.9724998474121,237458000,24.9735546112061
"2020",28.1674995422363,28.3125,27.5524997711182,28.0025005340576,214798000,25.0003395080566
"2021",28.1499996185303,28.1574993133545,27.2000007629395,27.3125,198603200,24.3843116760254
"2022",27.8575000762939,28.2000007629395,27.2275009155273,27.5550003051758,268367600,24.6008186340332
"2023",27.2600002288818,27.6224994659424,27.125,27.4500007629395,195826400,24.5070762634277
"2024",27.5,27.5149993896484,26.6650009155273,26.7049999237061,240056000,23.8419456481934
"2025",26.7574996948242,26.8950004577637,26.2999992370605,26.4974994659424,314053200,23.6566886901855
"2026",26.9599990844727,27.2425003051758,26.625,27.1800003051758,199599600,24.2660217285156
"2027",27.2374992370605,27.7649993896484,27.0674991607666,27.3875007629395,194303600,24.4512805938721
"2028",27.5650005340576,28.1175003051758,27.4300003051758,28.1000003814697,215185600,25.087381362915
"2029",28.0750007629395,28.4375,27.8824996948242,28.2450008392334,185859200,25.2168407440186
"2030",28.4349994659424,28.5900001525879,28.2000007629395,28.2749996185303,222460000,25.2436256408691
"2031",28.1049995422363,28.1200008392334,27.2574996948242,27.2849998474121,382274800,24.3597640991211
"2032",29.4074993133545,29.5300006866455,28.8274993896484,28.8274993896484,585908400,25.7368946075439
"2033",29.0799999237061,29.7975006103516,28.8899993896484,29.7250003814697,337745600,26.5381755828857
"2034",29.6000003814697,30,29.2124996185303,29.2900009155273,334982000,26.1498069763184
"2035",29.5125007629395,29.7924995422363,29.0200004577637,29.6574993133545,250956400,26.4779071807861
"2036",29.625,29.7724990844727,29.4025001525879,29.6625003814697,207662800,26.4823703765869
"2037",29.625,30.1275005340576,29.5774993896484,29.8899993896484,280598800,26.6854801177979
"2038",30.0049991607666,30.0575008392334,29.8125,29.9850006103516,168984800,26.8759441375732
"2039",30.0049991607666,30.0625,29.6124992370605,29.7325000762939,174826400,26.6496295928955
"2040",29.6375007629395,29.9599990844727,29.6075000762939,29.9300003051758,155559200,26.8266525268555
"2041",30.0424995422363,30.5375003814697,30.0400009155273,30.5049991607666,248034000,27.3420276641846
"2042",30.6924991607666,31.2299995422363,30.625,31.2199993133545,294247200,27.9828872680664
"2043",31.5149993896484,31.8700008392334,31.3924999237061,31.6149997711182,297898000,28.3369407653809
"2044",31.8199996948242,31.8199996948242,31.4125003814697,31.7700004577637,217088800,28.4758682250977
"2045",31.8724994659424,32.2200012207031,31.7299995422363,31.9575004577637,252609600,28.6439228057861
"2046",31.9074993133545,32.1949996948242,31.8624992370605,32.1800003051758,179566800,28.8433589935303
"2047",32.1199989318848,32.2574996948242,32.0825004577637,32.1124992370605,149449600,28.7828464508057
"2048",32.1549987792969,32.375,32.0125007629395,32.375,195793600,29.0181407928467
"2049",32.5050010681152,33.25,32.4150009155273,33.25,283896400,29.8024120330811
"2050",33.2350006103516,33.4000015258789,32.7924995422363,33.0424995422363,276912400,29.616418838501
"2051",32.8899993896484,32.9000015258789,32.0374984741211,32.1974983215332,298846800,28.8590412139893
"2052",32.1974983215332,32.7174987792969,31.6525001525879,32.6049995422363,365150000,29.2242870330811
"2053",32.5,32.6425018310547,32.060001373291,32.1150016784668,248059200,28.7850933074951
"2054",32.3125,32.5699996948242,32.0750007629395,32.2724990844727,192386800,28.9262619018555
"2055",32.2400016784668,32.3800010681152,32.0224990844727,32.3400001525879,151265200,28.9867630004883
"2056",32.2750015258789,32.3899993896484,32.0800018310547,32.1349983215332,126665200,28.8030166625977
"2057",32.1450004577637,32.1875,31.4400005340576,31.6025009155273,226068400,28.3257331848145
"2058",32.0999984741211,32.3424987792969,31.5650005340576,31.6499996185303,291368400,28.3683032989502
"2059",31.9899997711182,32.3925018310547,31.2649993896484,31.7849998474121,354114000,28.4893112182617
"2060",31.6025009155273,31.8050003051758,30.9500007629395,31.1275005340576,275426400,27.8999862670898
"2061",31.1875,31.1924991607666,30.5275001525879,30.5599994659424,275756000,27.3913307189941
"2062",30.5774993896484,31.2250003814697,30.4074993133545,31.1124992370605,193450800,27.8865432739258
"2063",31.1000003814697,31.3500003814697,30.6450004577637,30.8974990844727,207309200,27.6938285827637
"2064",30.9699993133545,31.2374992370605,30.7175006866455,31.2374992370605,143497200,27.9985828399658
"2065",31.4750003814697,31.8299999237061,31.4125003814697,31.7600002288818,204092400,28.4669075012207
"2066",31.75,32.2900009155273,31.5925006866455,32.1175003051758,261083600,28.7873268127441
"2067",32.1875,32.3125,31.8500003814697,31.875,183238000,28.5699729919434
"2068",32.0625,32.0999984741211,31.2900009155273,31.4750003814697,274780400,28.2114505767822
"2069",31.7800006866455,31.9624996185303,31.6299991607666,31.8024997711182,150838800,28.5049934387207
"2070",31.8075008392334,32.0099983215332,31.6399993896484,31.6725006103516,131369200,28.3884754180908
"2071",31.6350002288818,31.7049999237061,30.8449993133545,30.8449993133545,206620800,27.6467800140381
"2072",30.6900005340576,31.2199993133545,30.6499996185303,31.0599994659424,190291600,27.8394832611084
"2073",31.1424999237061,31.1749992370605,30.7275009155273,30.8125,158184800,27.6176509857178
"2074",31.0125007629395,31.6000003814697,31,31.5925006866455,188398800,28.3167686462402
"2075",31.5224990844727,31.6224994659424,31.0900001525879,31.1075000762939,168362400,27.8820629119873
"2076",31.2049999237061,31.2800006866455,30.7749996185303,31.0625,162485600,27.841724395752
"2077",31.2574996948242,31.3899993896484,31.0475006103516,31.3299999237061,128880400,28.0814838409424
"2078",31.1175003051758,31.8775005340576,31.0825004577637,31.8374996185303,148776000,28.5363636016846
"2079",31.9099998474121,32.0299987792969,31.4950008392334,31.5025005340576,140049200,28.2361011505127
"2080",31.4624996185303,31.6000003814697,31.2425003051758,31.3999996185303,149316800,28.144229888916
"2081",31.4624996185303,31.6450004577637,31.1650009155273,31.6399993896484,129936000,28.3593349456787
"2082",31.4874992370605,31.8024997711182,31.3150005340576,31.7749996185303,160752000,28.4803466796875
"2083",32.0924987792969,32.1425018310547,31.6525001525879,31.7124996185303,145460400,28.4243297576904
"2084",31.75,31.8225002288818,31.4775009155273,31.5750007629395,102098400,28.3010864257812
"2085",31.6025009155273,31.7824993133545,31.5025005340576,31.6949996948242,115881600,28.4086399078369
"2086",31.5699996948242,31.7749996185303,31.5275001525879,31.5424995422363,113476000,28.2719554901123
"2087",31.3875007629395,31.5349998474121,31.1149997711182,31.1875,207828000,27.9537677764893
"2088",31.3924999237061,32.0299987792969,31.2924995422363,31.8999996185303,188217200,28.5923862457275
"2089",32.0250015258789,32.0499992370605,31.6674995422363,31.7275009155273,129740400,28.4377670288086
"2090",31.7474994659424,32.2174987792969,31.5799999237061,32.1549987792969,150618000,28.820951461792
"2091",32.0750007629395,32.6049995422363,32.0349998474121,32.4174995422363,183083600,29.0562267303467
"2092",32.622501373291,32.6575012207031,32.3074989318848,32.5699996948242,178103600,29.1929149627686
"2093",33.0774993896484,33.2825012207031,32.7874984741211,33.1624984741211,387816800,29.7239837646484
"2094",33.6150016784668,33.6349983215332,32.3925018310547,32.6399993896484,475696000,29.2556571960449
"2095",32.5400009155273,32.8974990844727,32.0750007629395,32.1599998474121,253544400,28.8254299163818
"2096",32.1599998474121,32.1599998474121,31.1450004577637,31.2875003814697,332781600,28.0433921813965
"2097",31.5249996185303,32.5325012207031,31.3250007629395,32.2374992370605,234050400,28.894889831543
"2098",32.375,32.6425018310547,32.064998626709,32.1749992370605,203953200,28.8388729095459
"2099",32.0374984741211,32.1124992370605,31.4449996948242,31.4500007629395,197085600,28.1890449523926
"2100",31.6399993896484,31.6875,30.8400001525879,31.2525005340576,288564000,28.0120239257812
"2101",31.1924991607666,31.5200004577637,31.0049991607666,31.3150005340576,175763600,28.1852931976318
"2102",31.6700000762939,31.9050006866455,31.5275001525879,31.9050006866455,222201600,28.7163257598877
"2103",31.8474998474121,31.8899993896484,31.4074993133545,31.5799999237061,168143200,28.4237976074219
"2104",31.3999996185303,31.7199993133545,31.2049999237061,31.4675006866455,192640000,28.3225440979004
"2105",31.5375003814697,31.7975006103516,31.4675006866455,31.5025005340576,138776800,28.3540439605713
"2106",31.8525009155273,32.2374992370605,31.7900009155273,32.2374992370605,180814000,29.0155830383301
"2107",32.2675018310547,32.372501373291,32.0525016784668,32.1925010681152,152832000,28.9750938415527
"2108",32.0950012207031,32.6800003051758,32.0900001525879,32.5475006103516,203531600,29.2946071624756
"2109",32.6725006103516,32.7200012207031,32.4099998474121,32.5175018310547,178532800,29.267599105835
"2110",32.5,32.7449989318848,32.3349990844727,32.5149993896484,145819600,29.2653541564941
"2111",32.5175018310547,32.9075012207031,32.4575004577637,32.8474998474121,158921600,29.564624786377
"2112",32.9000015258789,33.2425003051758,32.8499984741211,33.1349983215332,182384000,29.823392868042
"2113",33.1500015258789,33.2275009155273,32.2799987792969,32.4049987792969,282790400,29.1663475036621
"2114",32.5849990844727,33.064998626709,32.5125007629395,33.0099983215332,183332800,29.710880279541
"2115",32.9650001525879,32.9874992370605,32.7750015258789,32.9449996948242,122933200,29.6523685455322
"2116",32.8074989318848,32.8624992370605,32.4749984741211,32.5699996948242,203538000,29.3148612976074
"2117",32.5699996948242,32.8474998474121,32.5125007629395,32.6349983215332,128451200,29.3733596801758
"2118",32.4650001525879,32.6650009155273,32.3300018310547,32.4900016784668,134670400,29.2428550720215
"2119",32.6650009155273,32.7350006103516,32.4749984741211,32.5299987792969,123934000,29.2788543701172
"2120",32.3950004577637,32.6450004577637,32.2275009155273,32.3400001525879,153800400,29.1078453063965
"2121",32.375,32.4225006103516,32.0900001525879,32.1624984741211,142507200,28.9480819702148
"2122",32.2249984741211,32.3025016784668,31.7075004577637,31.9500007629395,210699200,28.7568206787109
"2123",31.6749992370605,32.0200004577637,31.4050006866455,31.8549995422363,224301600,28.6713123321533
"2124",31.9799995422363,32.3349990844727,31.9624996185303,32.2200012207031,156349200,28.9998435974121
"2125",32.2949981689453,32.5449981689453,32.1199989318848,32.1474990844727,141563600,28.9345855712891
"2126",32.0475006103516,32.0825004577637,31.7775001525879,31.7924995422363,147544800,28.6150665283203
"2127",31.5249996185303,31.8099994659424,31.4274997711182,31.7299995422363,175955600,28.5588111877441
"2128",31.7574996948242,31.9624996185303,31.5925006866455,31.8999996185303,125976400,28.7118167877197
"2129",31.9300003051758,31.9699993133545,31.6849994659424,31.8250007629395,131672400,28.6443119049072
"2130",31.8075008392334,32.0774993896484,31.8050003051758,31.9699993133545,141628800,28.774829864502
"2131",31.9274997711182,31.9549999237061,31.6000003814697,31.6499996185303,218867600,28.4868049621582
"2132",31.8724994659424,32.0149993896484,31.7700004577637,31.9025001525879,136157200,28.7140693664551
"2133",31.8700008392334,31.9025001525879,31.7199993133545,31.7574996948242,121075600,28.5835552215576
"2134",31.8024997711182,32.4500007629395,31.7800006866455,32.0275001525879,221123600,28.8265724182129
"2135",32.2150001525879,32.2999992370605,31.875,31.875,127752400,28.6893177032471
"2136",31.9174995422363,31.9974994659424,31.6275005340576,31.6875,176267200,28.5205554962158
"2137",31.3649997711182,31.6175003051758,31.1200008392334,31.1324996948242,196645600,28.0210304260254
"2138",31.3924999237061,31.5300006866455,31.2150001525879,31.3575000762939,177482800,28.2235412597656
"2139",31.7250003814697,31.7350006103516,31.4974994659424,31.6499996185303,120955200,28.4868049621582
"2140",31.6075000762939,31.6725006103516,31.4424991607666,31.6100006103516,108844000,28.4507999420166
"2141",31.2350006103516,31.5575008392334,31.2124996185303,31.5,112241600,28.3517951965332
"2142",31.4724998474121,31.5375003814697,30.9424991607666,31.4225006103516,187787200,28.2820415496826
"2143",31.1200008392334,31.1599998474121,30.6350002288818,30.6424999237061,243046400,27.5799980163574
"2144",30.9624996185303,31.0149993896484,29.8050003051758,30.0174999237061,314380000,27.017463684082
"2145",30.4850006103516,30.9624996185303,30.3024997711182,30.8199996948242,245418000,27.7397613525391
"2146",31.2574996948242,31.4400005340576,31.0799999237061,31.4150009155273,165762000,28.2752933502197
"2147",31.5100002288818,31.5925006866455,31.2600002288818,31.4025001525879,127072400,28.2640438079834
"2148",31.4300003051758,31.7875003814697,31.3950004577637,31.7049999237061,134596800,28.5363006591797
"2149",31.9349994659424,32.1425018310547,31.8374996185303,32.127498626709,144889600,28.9165802001953
"2150",32.2700004577637,32.4049987792969,32.0774993896484,32.4049987792969,184658800,29.1663475036621
"2151",32.7425003051758,33.2425003051758,32.6749992370605,33.0175018310547,235600800,29.7176418304443
"2152",33.2125015258789,33.2299995422363,32.5800018310547,32.6875,307025600,29.4206142425537
"2153",30.4974994659424,31.375,30.4974994659424,31.3050003051758,461802400,28.1762828826904
"2154",31.5499992370605,31.7724990844727,31.2649993896484,31.2900009155273,203998000,28.1627826690674
"2155",31.3299999237061,31.4349994659424,30.9750003814697,31.125,168649200,28.0142707824707
"2156",30.7724990844727,30.9025001525879,30.5300006866455,30.6924991607666,177822000,27.625
"2157",30.8449993133545,30.9775009155273,30.6375007629395,30.8449993133545,134472400,27.7622604370117
"2158",30.7875003814697,30.875,30.5674991607666,30.7474994659424,148046800,27.674503326416
"2159",30.5799999237061,30.6424999237061,30.4274997711182,30.5925006866455,134513200,27.5349960327148
"2160",30.6499996185303,30.6599998474121,30.2275009155273,30.3250007629395,171540000,27.2942314147949
"2161",30.375,30.6424999237061,29.3799991607666,29.6100006103516,279904000,26.6506881713867
"2162",29.3549995422363,29.4249992370605,28.3125,28.6599998474121,496554400,25.79563331604
"2163",28.2374992370605,29.3600006103516,28.0249996185303,28.8500003814697,397250400,25.966646194458
"2164",28.9925003051758,29.125,28.5300006866455,28.7824993133545,211612000,26.0231552124023
"2165",28.6450004577637,29.0625,28.625,28.8799991607666,154681600,26.1113033294678
"2166",29.1324996948242,29.9974994659424,29.1324996948242,29.9300003051758,219806400,27.0606441497803
"2167",29.4524993896484,29.5450000762939,28.3325004577637,28.3724994659424,388331200,25.652458190918
"2168",28.1324996948242,28.8549995422363,27.4074993133545,28.8099994659424,404870000,26.0480194091797
"2169",29.0100002288818,29.1000003814697,28.6350002288818,28.7875003814697,194143200,26.0276718139648
"2170",28.5799999237061,29.0774993896484,28.5025005340576,28.9899997711182,171718000,26.2107639312744
"2171",29.0100002288818,29.4125003814697,28.875,29.2900009155273,163538800,26.4819965362549
"2172",29.1075000762939,29.3600006103516,29.0025005340576,29.125,138242800,26.332820892334
"2173",29.0249996185303,29.1299991607666,28.6700000762939,28.7525005340576,193146000,25.9960289001465
"2174",28.5200004577637,28.5874996185303,27.9074993133545,28.1625003814697,274006400,25.4625930786133
"2175",27.6075000762939,27.9750003814697,26.4125003814697,26.4400005340576,513102000,23.9052276611328
"2176",23.7175006866455,27.2000007629395,23,25.7800006866455,648825200,23.3084983825684
"2177",27.7775001525879,27.7775001525879,25.875,25.9349994659424,414406400,23.4486408233643
"2178",26.7724990844727,27.4724998474121,26.2625007629395,27.4225006103516,387098400,24.7935409545898
"2179",28.0575008392334,28.3099994659424,27.5049991607666,28.2299995422363,338464400,25.5236148834229
"2180",28.0424995422363,28.3274993896484,27.8850002288818,28.3225002288818,212657600,25.6072578430176
"2181",28.0074996948242,28.6324996948242,28,28.1900005340576,224917200,25.487455368042
"2182",27.5375003814697,27.9699993133545,26.8400001525879,26.9300003051758,307383600,24.3482475280762
"2183",27.5575008392334,28.0849990844727,27.2824993133545,28.0849990844727,247555200,25.3925170898438
"2184",28.1224994659424,28.1949996948242,27.5100002288818,27.5925006866455,212935600,24.9472370147705
"2185",27.2425003051758,27.6124992370605,27.1275005340576,27.3174991607666,199985200,24.6986045837402
"2186",27.9375,28.1399993896484,27.5799999237061,28.0774993896484,219374400,25.3857402801514
"2187",28.4400005340576,28.5049991607666,27.4424991607666,27.5375003814697,340043200,24.8975105285645
"2188",27.5674991607666,28.3199996948242,27.4750003814697,28.1424999237061,251571200,25.444507598877
"2189",27.9475002288818,28.5524997711182,27.9400005340576,28.5524997711182,199662000,25.8152027130127
"2190",29.1450004577637,29.2224998474121,28.7150001525879,28.8274993896484,233453600,26.0638370513916
"2191",28.9825000762939,29.1324996948242,28.6049995422363,29.0699996948242,173364800,26.2830867767334
"2192",29.0625,29.1350002288818,28.8600006103516,29.1025009155273,148694000,26.3124771118164
"2193",28.9150009155273,29.1224994659424,28.4300003051758,28.4799995422363,256450400,25.7496509552002
"2194",28.0524997711182,28.5750007629395,27.9675006866455,28.3624992370605,297141200,25.6434173583984
"2195",28.4174995422363,28.8425006866455,28.4150009155273,28.8024997711182,200888000,26.0412349700928
"2196",28.3449993133545,28.5450000762939,28.1299991607666,28.3500003814697,201384800,25.6321144104004
"2197",28.4074993133545,28.6800003051758,28.3250007629395,28.5799999237061,143026800,25.8400726318359
"2198",28.3125,28.875,28.0925006866455,28.75,200878000,25.9937725067139
"2199",29.1100006103516,29.1725006103516,28.5049991607666,28.6774997711182,224607600,25.92822265625
"2200",28.4624996185303,28.6424999237061,28.1100006103516,28.1100006103516,208436000,25.4151229858398
"2201",28.2075004577637,28.3775005340576,26.9650001525879,27.2649993896484,293461600,24.6511287689209
"2202",27.5424995422363,27.8850002288818,27.1825008392334,27.5750007629395,265892000,24.9314155578613
"2203",27.2674999237061,27.4050006866455,26.8274993896484,27.3950004577637,255716400,24.7686729431152
"2204",27.0025005340576,27.7525005340576,26.8875007629395,27.5949993133545,232079200,24.9494953155518
"2205",27.4699993133545,27.8425006866455,27.2674999237061,27.6949996948242,208258800,25.0399131774902
"2206",27.6574993133545,27.9349994659424,27.4424991607666,27.8274993896484,192787200,25.1597099304199
"2207",27.9349994659424,27.9424991607666,27.3525009155273,27.6949996948242,187062400,25.0399131774902
"2208",27.5475006103516,27.5475006103516,27.0524997711182,27.375,247918400,24.7505874633789
"2209",27.5,28.0699996948242,27.3724994659424,28.0300006866455,211064400,25.3427906036377
"2210",28.1825008392334,28.1875,27.8600006103516,27.8999996185303,121868800,25.2252521514893
"2211",27.7049999237061,28.1124992370605,27.6700000762939,27.9475002288818,132197200,25.2682056427002
"2212",27.8225002288818,27.8799991607666,27.3899993896484,27.5524997711182,177849600,24.9110698699951
"2213",27.7325000762939,28.0249996185303,27.6224994659424,27.9650001525879,150694000,25.2840270996094
"2214",27.9449996948242,28,27.6324996948242,27.7600002288818,156930400,25.0986824035645
"2215",27.7000007629395,27.9375,27.5275001525879,27.9325008392334,119036800,25.2546482086182
"2216",27.8349990844727,28.5424995422363,27.7049999237061,28.4424991607666,195871200,25.7157497406006
"2217",28.5,28.8950004577637,28.4249992370605,28.4400005340576,167180800,25.7134895324707
"2218",28.5825004577637,28.875,28.5249996185303,28.875,166616400,26.1067848205566
"2219",29.1749992370605,29.8075008392334,29.0825004577637,29.7700004577637,237467600,26.9159832000732
"2220",29.5200004577637,29.5324993133545,28.7299995422363,28.8199996948242,265335200,26.0570640563965
"2221",28.8500003814697,29.1350002288818,28.4974994659424,28.6375007629395,279537600,25.8920574188232
"2222",29.2325000762939,29.8250007629395,29.0149993896484,29.8174991607666,342205600,26.9589290618896
"2223",29.6749992370605,30.1725006103516,29.5674991607666,30.1324996948242,204909200,27.2437267303467
"2224",30.2474994659424,30.3050003051758,29.8624992370605,29.875,197461200,27.0109119415283
"2225",30.2000007629395,30.3400001525879,29.9025001525879,30.2950000762939,128813200,27.3906497955322
"2226",30.1975002288818,30.8724994659424,30.1749992370605,30.6424999237061,182076000,27.7048358917236
"2227",30.7824993133545,30.9549999237061,30.4050006866455,30.5,179544400,27.5759983062744
"2228",30.4624996185303,30.6725006103516,30.0450000762939,30.2299995422363,158210800,27.4488716125488
"2229",30.2775001525879,30.4524993896484,30.1550006866455,30.2649993896484,132169200,27.4806575775146
"2230",30.2399997711182,30.4524993896484,30.0125007629395,30.1424999237061,135485600,27.3694248199463
"2231",29.2250003814697,29.5174999237061,29.0149993896484,29.1924991607666,236511600,26.5068244934082
"2232",29.0925006866455,29.3549995422363,28.8024997711182,29.0275001525879,180872000,26.3570041656494
"2233",29.0650005340576,29.2049999237061,28.9125003814697,28.9300003051758,130102400,26.2684764862061
"2234",28.7999992370605,28.8924999237061,28.0674991607666,28.0849990844727,183249600,25.5012092590332
"2235",27.8449993133545,28.5599994659424,27.75,28.5450000762939,152426800,25.9188938140869
"2236",28.7299995422363,28.7625007629395,28.3299999237061,28.4225006103516,110467600,25.8076686859131
"2237",28.9400005340576,29.3724994659424,28.875,29.3225002288818,186698800,26.6248664855957
"2238",29.4099998474121,29.9375,29.1900005340576,29.6949996948242,173183200,26.9630908966064
"2239",29.7999992370605,29.9799995422363,29.7124996185303,29.8250007629395,137148400,27.0811405181885
"2240",29.8174991607666,29.9325008392334,29.3349990844727,29.4375,129930000,26.7292861938477
"2241",29.3325004577637,29.8374996185303,29.2800006866455,29.7199993133545,171212800,26.9857997894287
"2242",29.8024997711182,29.8075008392334,29.4799995422363,29.5074996948242,85553200,26.7928428649902
"2243",29.5725002288818,29.6025009155273,29.3999996185303,29.4524993896484,52185600,26.7429027557373
"2244",29.4974994659424,29.8525009155273,29.4375,29.5750007629395,156721200,26.8541374206543
"2245",29.6875,29.7024993896484,29.2150001525879,29.3349990844727,139409600,26.6362152099609
"2246",29.3349990844727,29.5275001525879,29.0200004577637,29.0699996948242,133546400,26.3955936431885
"2247",29.1375007629395,29.1975002288818,28.5550003051758,28.7999992370605,166278000,26.1504364013672
"2248",28.8225002288818,29.8125,28.7775001525879,29.7574996948242,231108000,27.0198402404785
"2249",29.7450008392334,29.9650001525879,29.4524993896484,29.5699996948242,128336800,26.8495941162109
"2250",29.3799991607666,29.6499996185303,29.2150001525879,29.5575008392334,137238000,26.8382472991943
"2251",29.4099998474121,29.4225006103516,28.7700004577637,28.9050006866455,185445600,26.2457733154297
"2252",29.0100002288818,29.2350006103516,28.8775005340576,29.0424995422363,116850800,26.3706226348877
"2253",28.7975006103516,28.8474998474121,28.2124996185303,28.2950000762939,187544800,25.6918926239014
"2254",28.0450000762939,28.1700000762939,27.4475002288818,28.1200008392334,257274800,25.5329933166504
"2255",27.9850006103516,28.2000007629395,27.5874996185303,27.6224994659424,213292400,25.0812644958496
"2256",27.7674999237061,27.9974994659424,27.2000007629395,27.8349990844727,224954000,25.2742099761963
"2257",28.0049991607666,28.0625,27.2450008392334,27.2450008392334,179091200,24.7385005950928
"2258",27.2275009155273,27.3799991607666,26.4524993896484,26.5074996948242,385813200,24.0688438415527
"2259",26.8199996948242,26.8425006866455,26.3924999237061,26.8325004577637,190362400,24.363941192627
"2260",26.8500003814697,26.9300003051758,26.6124992370605,26.8075008392334,131157600,24.3412456512451
"2261",26.8174991607666,27.2124996185303,26.7999992370605,27.1525001525879,130629600,24.654504776001
"2262",27.25,27.25,26.9874992370605,27.0074996948242,54281600,24.5228366851807
"2263",26.8974990844727,26.9225006103516,26.5450000762939,26.7049999237061,106816800,24.2481727600098
"2264",26.7399997711182,27.3575000762939,26.7150001525879,27.1849994659424,123724800,24.6840076446533
"2265",27.1450004577637,27.1749992370605,26.7950000762939,26.8299999237061,100855200,24.3616714477539
"2266",26.7525005340576,26.7574996948242,26.2049999237061,26.3150005340576,163649200,23.8940525054932
"2267",25.6525001525879,26.3425006866455,25.5,26.3374996185303,270597600,23.9144763946533
"2268",26.4375,26.4624996185303,25.6025009155273,25.6774997711182,223164000,23.3151969909668
"2269",25.1399993896484,25.5925006866455,24.9675006866455,25.1749992370605,273829600,22.8589324951172
"2270",24.6700000762939,25.0324993133545,24.1075000762939,24.1124992370605,324377600,21.8941802978516
"2271",24.6375007629395,24.7775001525879,24.1900005340576,24.2399997711182,283192000,22.0099449157715
"2272",24.7425003051758,24.7649993896484,24.3349990844727,24.6324996948242,198957600,22.3663425445557
"2273",25.1375007629395,25.1725006103516,24.7099990844727,24.9899997711182,196616800,22.6909503936768
"2274",25.0799999237061,25.2975006103516,24.3250007629395,24.3474998474121,249758400,22.1075592041016
"2275",24.4899997711182,25.1200008392334,23.9349994659424,24.8799991607666,252680400,22.5910701751709
"2276",24.0499992370605,24.4274997711182,23.8400001525879,24.2824993133545,319335600,22.0485439300537
"2277",24.6025009155273,24.6625003814697,23.875,24.1650009155273,212350800,21.9418525695801
"2278",23.7749996185303,24.5475006103516,23.3549995422363,24.1975002288818,289337600,21.9713611602783
"2279",24.2649993896484,24.4699993133545,23.7350006103516,24.0750007629395,208646000,21.86012840271
"2280",24.6574993133545,25.3649997711182,24.5925006866455,25.3549995422363,263202000,23.0223712921143
"2281",25.3799991607666,25.3824996948242,24.8024997711182,24.8600006103516,207178000,22.5729122161865
"2282",24.9825000762939,25.2199993133545,24.5174999237061,24.9974994659424,300308000,22.6977577209473
"2283",24.0100002288818,24.1574993133545,23.3349990844727,23.3549995422363,533478800,21.206371307373
"2284",23.4475002288818,23.6299991607666,23.0974998474121,23.5224990844727,222715200,21.3584575653076
"2285",23.6975002288818,24.3349990844727,23.5874996185303,24.3349990844727,257666000,22.0962085723877
"2286",24.1175003051758,24.1774997711182,23.8500003814697,24.1075000762939,163774000,21.8896446228027
"2287",23.8549995422363,24.0100002288818,23.5699996948242,23.6200008392334,149428800,21.4469890594482
"2288",23.75,24.2099990844727,23.5200004577637,24.0874996185303,183857200,21.8714809417725
"2289",23.9650001525879,24.3325004577637,23.7975006103516,24.1499996185303,185886800,22.0472164154053
"2290",24.1299991607666,24.2299995422363,23.4225006103516,23.5049991607666,185672400,21.4583797454834
"2291",23.2824993133545,23.9249992370605,23.2600002288818,23.7525005340576,216085600,21.6843299865723
"2292",23.5725002288818,23.9850006103516,23.4825000762939,23.7474994659424,177324800,21.6797657012939
"2293",23.9799995422363,24.0874996185303,23.5249996185303,23.5674991607666,169374400,21.5154361724854
"2294",23.4475002288818,23.6800003051758,23.1474990844727,23.4249992370605,200298800,21.3853416442871
"2295",23.5475006103516,23.625,23.2525005340576,23.4974994659424,161405600,21.4515342712402
"2296",23.7549991607666,24.2124996185303,23.6525001525879,24.1599998474121,196231600,22.056339263916
"2297",24.1674995422363,24.5524997711182,24.0375003814697,24.5300006866455,179452800,22.3941345214844
"2298",24.7099990844727,24.7224998474121,24.0224990844727,24.0650005340576,156084000,21.9696197509766
"2299",24,24.1900005340576,23.9500007629395,24.0100002288818,141496800,21.9194068908691
"2300",24.0774993896484,24.2250003814697,23.9799995422363,24.2199993133545,137123200,22.1111221313477
"2301",24.1000003814697,24.125,23.6375007629395,23.6725006103516,127770400,21.6112937927246
"2302",23.4950008392334,24.0949993133545,23.3299999237061,24.0249996185303,145022800,21.9331016540527
"2303",24.0125007629395,24.1900005340576,23.8125,24.1900005340576,110330800,22.0837345123291
"2304",24.2999992370605,24.5049991607666,24.1450004577637,24.2275009155273,115964400,22.1179676055908
"2305",24.2150001525879,24.5575008392334,24.1625003814697,24.1725006103516,140865200,22.0677642822266
"2306",24.4125003814697,25.1924991607666,24.3549995422363,25.1324996948242,201628400,22.9441680908203
"2307",25.1275005340576,25.2224998474121,24.9099998474121,25.1875,132678400,22.9943790435791
"2308",25.1450004577637,25.4274997711182,25.1124992370605,25.375,147822800,23.1655559539795
"2309",25.5925006866455,25.9375,25.3425006866455,25.7525005340576,184220400,23.510181427002
"2310",25.5974998474121,25.7075004577637,25.2399997711182,25.4675006866455,143315600,23.2500038146973
"2311",25.1949996948242,25.4400005340576,25.1000003814697,25.2574996948242,126247600,23.0582866668701
"2312",25.3274993896484,25.3950004577637,25.0674991607666,25.2800006866455,108806800,23.0788249969482
"2313",25.3525009155273,25.5599994659424,25.0375003814697,25.2924995422363,134054400,23.090238571167
"2314",25.5599994659424,25.5699996948242,25.375,25.5650005340576,109632800,23.3390140533447
"2315",25.4775009155273,25.7275009155273,25.4449996948242,25.6299991607666,100304400,23.3983459472656
"2316",25.9899997711182,26.2950000762939,25.9624996185303,26.1450004577637,160270800,23.8685131072998
"2317",26.1525001525879,26.5774993896484,26.1474990844727,26.4925003051758,153214000,24.1857509613037
"2318",26.3799991607666,26.6175003051758,26.2399997711182,26.4500007629395,137682800,24.1469497680664
"2319",26.5849990844727,26.625,26.2975006103516,26.4799995422363,176820800,24.1743431091309
"2320",26.4825000762939,26.9125003814697,26.2849998474121,26.4775009155273,142010800,24.172061920166
"2321",26.3125,26.8225002288818,26.3024997711182,26.6800003051758,129777600,24.3569240570068
"2322",26.6200008392334,26.7674999237061,26.4750003814697,26.5324993133545,102814000,24.2222728729248
"2323",26.3675003051758,26.5625,26.2224998474121,26.4174995422363,104532000,24.1172752380371
"2324",26.5,26.5475006103516,26.2649993896484,26.2975006103516,77645600,24.0077285766602
"2325",26.2224998474121,26.9475002288818,26.2199993133545,26.9200000762939,124760400,24.5760307312012
"2326",27.1625003814697,27.6049995422363,27.1499996185303,27.3899993896484,182404400,25.0050983428955
"2327",27.4300003051758,27.4750003814697,27.2199993133545,27.2474994659424,103553600,24.8750095367432
"2328",27.1949996948242,27.5,27.0499992370605,27.4974994659424,103496000,25.1032447814941
"2329",27.6049995422363,28.0475006103516,27.5674991607666,27.7800006866455,149424800,25.3611488342285
"2330",27.3775005340576,27.6825008392334,27.3549995422363,27.4524993896484,106314800,25.0621604919434
"2331",27.5575008392334,27.7450008392334,27.2999992370605,27.7399997711182,105616400,25.3246288299561
"2332",27.4874992370605,27.6049995422363,27.0300006866455,27.1350002288818,127207600,24.7723083496094
"2333",27.2275009155273,27.4424991607666,27.0424995422363,27.1650009155273,94326800,24.7996997833252
"2334",27.2425003051758,27.6525001525879,27.2075004577637,27.2549991607666,117630000,24.881856918335
"2335",27.3349990844727,27.625,27.1650009155273,27.6100006103516,108929200,25.2059516906738
"2336",27.7000007629395,28.0849990844727,27.7000007629395,28.0100002288818,133029200,25.5711231231689
"2337",27.9050006866455,28.0974998474121,27.8325004577637,28.0249996185303,101895600,25.5848140716553
"2338",28.0275001525879,28.0750007629395,27.4325008392334,27.4624996185303,187756000,25.0712928771973
"2339",27.2224998474121,27.2374992370605,26.7350006103516,26.8700008392334,243286000,24.5303859710693
"2340",26.9699993133545,27,26.5575008392334,26.7275009155273,129539600,24.4002990722656
"2341",26.6599998474121,27.0224990844727,26.5149993896484,26.7824993133545,122444000,24.4505004882812
"2342",26.7325000762939,26.7325000762939,26.3799991607666,26.4925003051758,126210000,24.1857509613037
"2343",26.2525005340576,26.6200008392334,26.1550006866455,26.4200000762939,134732400,24.1195678710938
"2344",26.25,26.4125003814697,26.1275005340576,26.2700004577637,112126400,23.9826240539551
"2345",25.9775009155273,26.3250007629395,25.9775009155273,26.0874996185303,224064800,23.8160133361816
"2346",24,24.6774997711182,23.9200000762939,24.4549999237061,458408400,22.325662612915
"2347",24.4025001525879,24.4699993133545,23.5625,23.7075004577637,328970800,21.6432418823242
"2348",23.4974994659424,23.6800003051758,23.1275005340576,23.4349994659424,274126000,21.3944721221924
"2349",23.4925003051758,23.5200004577637,23.1000003814697,23.4099998474121,192640400,21.3716487884521
"2350",23.5499992370605,23.9349994659424,23.4200000762939,23.7950000762939,227325200,21.7231311798096
"2351",23.7999992370605,23.9750003814697,23.4549999237061,23.5475006103516,164102000,21.4971809387207
"2352",23.5,23.5174999237061,23.1700000762939,23.3099994659424,143562000,21.4099197387695
"2353",23.3425006866455,23.3624992370605,22.9624996185303,23.1800003051758,174799600,21.2905197143555
"2354",23.25,23.4424991607666,23.1474990844727,23.1975002288818,131745600,21.3065986633301
"2355",23.3325004577637,23.3924999237061,23.0275001525879,23.3549995422363,134747200,21.4512519836426
"2356",23.3700008392334,23.3924999237061,23.1149997711182,23.1275005340576,114876400,21.2423000335693
"2357",23.1800003051758,23.1949996948242,22.3675003051758,22.5849990844727,305258800,20.7440299987793
"2358",22.5,22.9174995422363,22.5,22.6299991607666,177571200,20.7853469848633
"2359",23.0974998474121,23.5974998474121,22.9125003814697,23.4699993133545,245039200,21.5568790435791
"2360",23.6375007629395,23.6749992370605,23.2525005340576,23.3724994659424,187667600,21.4673252105713
"2361",23.5400009155273,23.8024997711182,23.4724998474121,23.6399993896484,168249600,21.7130222320557
"2362",23.6599998474121,23.6599998474121,23.3924999237061,23.5499992370605,121768400,21.6303558349609
"2363",23.6599998474121,23.8575000762939,23.6299991607666,23.8050003051758,128104000,21.8645725250244
"2364",23.9675006866455,24.2975006103516,23.9174995422363,24.1075000762939,152074400,22.1424179077148
"2365",24.3050003051758,24.5224990844727,24.2099990844727,24.4750003814697,140560800,22.4799633026123
"2366",24.6674995422363,24.9349994659424,24.5275001525879,24.9050006866455,152675200,22.8749084472656
"2367",24.9200000762939,25.1825008392334,24.6599998474121,25.1025009155273,225324800,23.0563087463379
"2368",24.8600006103516,25.1175003051758,24.8125,25.0874996185303,145364800,23.0425338745117
"2369",24.8999996185303,25.1000003814697,24.7049999237061,24.9650001525879,169228800,22.9300193786621
"2370",24.7549991607666,24.8850002288818,24.5825004577637,24.6149997711182,116693200,22.6085472106934
"2371",24.3999996185303,24.4599990844727,24.1574993133545,24.4300003051758,160766400,22.4386329650879
"2372",24.4475002288818,24.5674991607666,24.3624992370605,24.4799995422363,114019600,22.4845561981201
"2373",24.4974994659424,25.4724998474121,24.3875007629395,24.6574993133545,93170000,22.6475868225098
"2374",24.8125,24.9675006866455,24.7399997711182,24.7574996948242,89638000,22.7394332885742
"2375",24.7549991607666,24.8899993896484,24.6700000762939,24.7350006103516,83392400,22.718770980835
"2376",24.625,24.9974994659424,24.6149997711182,24.9125003814697,106405600,22.8817920684814
"2377",24.6324996948242,24.8374996185303,24.6200008392334,24.7075004577637,126851600,22.6935062408447
"2378",24.6725006103516,24.7800006866455,24.2749996185303,24.3349990844727,152082000,22.3513698577881
"2379",24.3299999237061,24.6200008392334,24.1875,24.3649997711182,127727600,22.3789291381836
"2380",24.4549999237061,24.6025009155273,24.2574996948242,24.2849998474121,117780800,22.30544090271
"2381",24.1124992370605,24.4375,24.0174999237061,24.3875007629395,125307200,22.3995914459229
"2382",24.1550006866455,24.1625003814697,23.8250007629395,23.8325004577637,244032800,21.8898315429688
"2383",24,24.1424999237061,23.7574996948242,23.7749996185303,137647600,21.8370170593262
"2384",23.7350006103516,24.0874996185303,23.6700000762939,23.9775009155273,142185600,22.0230102539062
"2385",24.0625,24.2224998474121,23.8374996185303,23.8875007629395,116876400,21.9403457641602
"2386",23.9850006103516,24.0725002288818,23.8125,24.0249996185303,128960800,22.0666389465332
"2387",23.2275009155273,23.6650009155273,23.1625003814697,23.3500003814697,301245600,21.4466609954834
"2388",23.25,23.2625007629395,22.875,23.0100002288818,181958400,21.1343765258789
"2389",23.2250003814697,23.4150009155273,23.0349998474121,23.3974990844727,161779600,21.4902858734131
"2390",23.4925003051758,23.6375007629395,23.4074993133545,23.6000003814697,146124000,21.6762790679932
"2391",23.6100006103516,23.9424991607666,23.5750007629395,23.8999996185303,143345600,21.9518260955811
"2392",23.8724994659424,24.1175003051758,23.8325004577637,23.9724998474121,104106000,22.0184173583984
"2393",23.8474998474121,23.8500003814697,23.6149997711182,23.7474994659424,110820800,21.8117637634277
"2394",23.6499996185303,23.9150009155273,23.5925006866455,23.8824996948242,123796400,21.9357528686523
"2395",23.9249992370605,24.125,23.9050006866455,23.9850006103516,100558400,22.0299034118652
"2396",24.1224994659424,24.2224998474121,24.0125007629395,24.1700000762939,115648400,22.1998157501221
"2397",24.1875,24.4125003814697,24.1825008392334,24.2450008392334,95179600,22.2686996459961
"2398",24.2924995422363,24.4249992370605,24.2800006866455,24.3549995422363,96670000,22.3697395324707
"2399",24.3525009155273,24.4174995422363,24.2099990844727,24.2175006866455,103568800,22.2434501647949
"2400",24.3474998474121,24.7474994659424,24.3299999237061,24.6975002288818,155676000,22.6843204498291
"2401",24.7299995422363,24.8250007629395,24.625,24.6949996948242,120548000,22.6820240020752
"2402",24.6749992370605,25.0324993133545,24.6499996185303,24.9575004577637,145975600,22.9231262207031
"2403",24.8899993896484,25,24.8349990844727,24.9675006866455,95119600,22.9323139190674
"2404",25,25.1149997711182,24.9349994659424,24.9899997711182,105104000,22.9529819488525
"2405",24.9575004577637,25.25,24.7824993133545,24.8575000762939,130808000,22.8312835693359
"2406",24.8150005340576,24.8250007629395,24.5774993896484,24.6650009155273,113254800,22.6544704437256
"2407",24.5625,24.7099990844727,24.2299995422363,24.3349990844727,161531600,22.3513698577881
"2408",24.2049999237061,24.4925003051758,24.1049995422363,24.1674995422363,224959200,22.1975212097168
"2409",26.0674991607666,26.0874996185303,25.6875,25.7374992370605,369379200,23.6395454406738
"2410",25.7075004577637,26.1124992370605,25.7049999237061,26.0849990844727,159479200,23.9587211608887
"2411",26.0475006103516,26.1375007629395,25.9200000762939,26.0524997711182,110934800,23.9288749694824
"2412",26.1025009155273,26.5375003814697,26.1025009155273,26.5125007629395,152671600,24.3513774871826
"2413",26.5125007629395,26.5174999237061,26,26.1200008392334,135266400,23.9908676147461
"2414",26.2024993896484,26.4599990844727,26.1924991607666,26.4475002288818,120810400,24.291675567627
"2415",26.3950004577637,26.5,26.3199996948242,26.4675006866455,109634800,24.4417381286621
"2416",26.5674991607666,26.9125003814697,26.5450000762939,26.8700008392334,162213600,24.8134346008301
"2417",26.8799991607666,27.0925006866455,26.7900009155273,27.0925006866455,112148800,25.0189056396484
"2418",27.0575008392334,27.2350006103516,27.0025005340576,27.2024993896484,105260800,25.1204776763916
"2419",27.1774997711182,27.2250003814697,26.9400005340576,27,96034000,24.9334831237793
"2420",27.1299991607666,27.2325000762939,26.9624996185303,26.9825000762939,109938000,24.9173164367676
"2421",26.9449996948242,27.1100006103516,26.9449996948242,27.0450000762939,74641600,24.9750347137451
"2422",27.0349998474121,27.3850002288818,27.0200004577637,27.3700008392334,103472800,25.2751636505127
"2423",27.4074993133545,27.5575008392334,27.3024997711182,27.3449993133545,135177600,25.2520751953125
"2424",27.2749996185303,27.3425006866455,27.0849990844727,27.3050003051758,101424000,25.2151393890381
"2425",27.3075008392334,27.3999996185303,27.2549991607666,27.2700004577637,87938800,25.1828193664551
"2426",27.1924991607666,27.4225006103516,27.0900001525879,27.3400001525879,101472400,25.2474575042725
"2427",27.2150001525879,27.2749996185303,26.9624996185303,27.1275005340576,103280800,25.0512256622314
"2428",27.1474990844727,27.3299999237061,27.1324996948242,27.2124996185303,85030800,25.1297149658203
"2429",27.1424999237061,27.1875,26.9200000762939,27.0074996948242,94700400,24.9404029846191
"2430",26.8474998474121,26.9699993133545,26.6700000762939,26.8924999237061,100344800,24.8342094421387
"2431",26.8525009155273,26.9874992370605,26.5774993896484,26.7350006103516,111065200,24.6887645721436
"2432",26.6550006866455,26.8600006103516,26.5725002288818,26.7049999237061,99881200,24.6610565185547
"2433",26.4500007629395,26.625,26.375,26.5,99455600,24.471752166748
"2434",26.4150009155273,26.6424999237061,26.4099998474121,26.5249996185303,118649600,24.494836807251
"2435",26.5349998474121,26.7000007629395,26.4050006866455,26.6825008392334,106806000,24.6402797698975
"2436",26.9249992370605,27,26.7049999237061,26.9325008392334,107210000,24.8711471557617
"2437",26.9750003814697,27.0750007629395,26.8775005340576,26.9249992370605,107521600,24.8642158508301
"2438",26.9575004577637,27.1900005340576,26.7674999237061,27.0900001525879,169457200,25.0165958404541
"2439",26.8125,26.8174991607666,26.3099994659424,26.3799991607666,212008000,24.3609294891357
"2440",26.1599998474121,26.4300003051758,25.7824993133545,25.7824993133545,186228000,23.8091659545898
"2441",25.6625003814697,26.4300003051758,25.6324996948242,26.3600006103516,181171200,24.3424644470215
"2442",26.8775005340576,27.1975002288818,26.8099994659424,26.9874992370605,248704800,24.9219341278076
"2443",27.1825008392334,28.2574996948242,27.1499996185303,27.9424991607666,443554800,25.8038501739502
"2444",28.4650001525879,28.9325008392334,28.3724994659424,28.8924999237061,359934400,26.681131362915
"2445",28.7800006866455,29.0324993133545,28.5100002288818,28.7299995422363,319547600,26.5310649871826
"2446",28.7975006103516,29.0450000762939,28.3125,28.3950004577637,188092000,26.2217121124268
"2447",28.2625007629395,28.5300006866455,28.1275005340576,28.3924999237061,138057200,26.2193946838379
"2448",28.4624996185303,28.4974994659424,28.1100006103516,28.3875007629395,144012800,26.214786529541
"2449",28.5874996185303,28.7350006103516,28.5,28.6550006866455,124296000,26.4618091583252
"2450",28.6049995422363,28.6975002288818,27.8875007629395,28.1774997711182,209924800,26.0208492279053
"2451",27.9099998474121,28.3474998474121,27.8875007629395,28.2199993133545,119477600,26.0601043701172
"2452",28.25,28.2950000762939,28.0849990844727,28.2724990844727,98429600,26.1085834503174
"2453",28.4225006103516,28.6599998474121,28.3575000762939,28.4874992370605,118564400,26.30712890625
"2454",28.2900009155273,28.4500007629395,27.9500007629395,28.0450000762939,143548000,25.8985023498535
"2455",28.1149997711182,28.3425006866455,27.9500007629395,28.2625007629395,145516400,26.0993461608887
"2456",28.1774997711182,28.2625007629395,28.0699996948242,28.1299991607666,86807200,25.976993560791
"2457",28.2649993896484,28.5774993896484,28.1574993133545,28.25,118947200,26.0878105163574
"2458",28.3500003814697,28.4150009155273,28.1725006103516,28.2625007629395,85812400,26.0993461608887
"2459",28.4249992370605,28.5849990844727,28.2824993133545,28.4724998474121,115117200,26.2932796478271
"2460",28.5774993896484,28.6399993896484,28.3775005340576,28.5149993896484,97433600,26.3325309753418
"2461",28.7549991607666,29.1875,28.6800003051758,29.0125007629395,144944000,26.7919483184814
"2462",29.4249992370605,29.6725006103516,29.0499992370605,29.0750007629395,256164000,26.8496646881104
"2463",29.3374996185303,29.4950008392334,29.1875,29.3349990844727,150347200,27.0897617340088
"2464",29.1975002288818,29.3600006103516,28.9300003051758,29.2450008392334,140769600,27.0066528320312
"2465",29.4699993133545,29.5424995422363,29.2824993133545,29.4074993133545,142608800,27.1567153930664
"2466",29.3325004577637,29.4599990844727,29.1949996948242,29.3875007629395,94499600,27.1382427215576
"2467",29.5450000762939,29.5524997711182,29.3624992370605,29.3675003051758,98214000,27.119779586792
"2468",29.3125,29.4400005340576,28.4500007629395,29.2800006866455,80138400,27.0389728546143
"2469",29.2150001525879,29.3449993133545,29.0825004577637,29.2649993896484,96503200,27.0251235961914
"2470",29.2024993896484,29.2275009155273,29.0699996948242,29.1499996185303,92770800,26.918924331665
"2471",29.2749996185303,29.4349994659424,29.25,29.4125003814697,94154800,27.1613368988037
"2472",29.4874992370605,29.5900001525879,29.3274993896484,29.5625,192516000,27.2998485565186
"2473",28.5774993896484,28.9249992370605,28.3274993896484,28.8974990844727,264536800,26.6857490539551
"2474",28.8474998474121,28.9650001525879,28.5249996185303,28.6200008392334,138248000,26.4294929504395
"2475",28.4675006866455,28.8024997711182,28.3624992370605,28.4300003051758,151446800,26.2540321350098
"2476",28.4125003814697,28.5575008392334,28.2999992370605,28.3850002288818,105677600,26.212474822998
"2477",28.3649997711182,28.4424991607666,27.6324996948242,27.8724994659424,175303200,25.739200592041
"2478",27.8500003814697,28.0874996185303,27.8075008392334,27.8974990844727,113326800,25.7622928619385
"2479",27.7450008392334,27.8649997711182,27.3875007629395,27.4575004577637,107730400,25.4861488342285
"2480",27.1324996948242,27.5625,27.0275001525879,27.2099990844727,123348000,25.2564086914062
"2481",27.5200004577637,27.6275005340576,27.3649997711182,27.6025009155273,130240000,25.6207370758057
"2482",27.5774993896484,27.9300003051758,27.4249992370605,27.7649993896484,97016800,25.7715682983398
"2483",27.4699993133545,27.8299999237061,27.0125007629395,27.7199993133545,236705600,25.7298030853271
"2484",27.7724990844727,27.7724990844727,26.4575004577637,26.9475002288818,228538000,25.0127601623535
"2485",26.7800006866455,27.2175006866455,26.6375007629395,27.1075000762939,136575600,25.1612758636475
"2486",26.9274997711182,26.9524993896484,26.0200004577637,26.4274997711182,204702000,24.5300960540771
"2487",26.6424999237061,26.9200000762939,26.5400009155273,26.7775001525879,129058000,24.8549728393555
"2488",26.6749992370605,27.5575008392334,26.6499996185303,27.4974994659424,235362000,25.5232791900635
"2489",27.4524993896484,27.5874996185303,27.2075004577637,27.4874992370605,110528000,25.5139904022217
"2490",27.4300003051758,27.6350002288818,27.4150009155273,27.5149993896484,113715600,25.5395183563232
"2491",27.5300006866455,27.9974994659424,27.5025005340576,27.9325008392334,117058400,25.9270496368408
"2492",27.9874992370605,28.1049995422363,27.8500003814697,27.9500007629395,103862000,25.943286895752
"2493",27.8400001525879,27.8775005340576,27.5825004577637,27.8075008392334,109705600,25.8110179901123
"2494",27.7824993133545,27.9675006866455,27.7374992370605,27.9475002288818,45903600,25.9409675598145
"2495",27.8575000762939,28.1175003051758,27.8474998474121,27.8924999237061,108776000,25.8899097442627
"2496",27.6949996948242,28.0074996948242,27.5174999237061,27.8649997711182,114115200,25.8643836975098
"2497",27.8999996185303,28.0499992370605,27.5674991607666,27.6299991607666,144649200,25.64626121521
"2498",27.5925006866455,27.7350006103516,27.2574996948242,27.3724994659424,148347600,25.4072494506836
"2499",27.2924995422363,27.5224990844727,27.2124996185303,27.4750003814697,106112000,25.502384185791
"2500",27.5,27.5074996948242,27.0625,27.2775001525879,137298000,25.3190727233887
"2501",27.375,27.5900001525879,27.2975006103516,27.4874992370605,104782000,25.5139904022217
"2502",27.3150005340576,27.7975006103516,27.2900009155273,27.7574996948242,119994800,25.7646064758301
"2503",27.7150001525879,28.1075000762939,27.6499996185303,28.0300006866455,108273200,26.0175437927246
"2504",28.0774993896484,28.6749992370605,28.0774993896484,28.4874992370605,137610400,26.442195892334
"2505",28.3225002288818,28.75,28.1224994659424,28.3250007629395,105497600,26.2913665771484
"2506",28.4599990844727,28.9799995422363,28.4375,28.7975006103516,174935200,26.7299404144287
"2507",28.7600002288818,29.0499992370605,28.7450008392334,28.7975006103516,136127200,26.7299404144287
"2508",28.8449993133545,29.1825008392334,28.8075008392334,28.9549999237061,186098000,26.8761329650879
"2509",29.1175003051758,29.125,28.9125003814697,28.9925003051758,177404400,26.9109439849854
"2510",28.9500007629395,29.3449993133545,28.9375,29.1599998474121,111117600,27.0664119720459
"2511",29.1849994659424,29.375,29.1700000762939,29.2374992370605,85700000,27.1383438110352
"2512",29.2000007629395,29.3500003814697,29.1949996948242,29.2649993896484,95132800,27.1638774871826
"2513",29.0874996185303,29.1275005340576,28.9099998474121,29.0725002288818,104343600,26.985200881958
"2514",28.8974990844727,29.1299991607666,28.8974990844727,29.1299991607666,56998000,27.0385627746582
"2515",29.1299991607666,29.4500007629395,29.1224994659424,29.3150005340576,73187600,27.2102851867676
"2516",29.3799991607666,29.5049991607666,29.0499992370605,29.1900005340576,83623600,27.0942630767822
"2517",29.1124992370605,29.2775001525879,29.1000003814697,29.1825008392334,60158000,27.0872993469238
"2518",29.1625003814697,29.2999992370605,28.8575000762939,28.9549999237061,122345200,26.8761329650879
"2519",28.9500007629395,29.0825004577637,28.6900005340576,29.0375003814697,115127600,26.952709197998
"2520",28.9624996185303,29.1275005340576,28.9375,29.0049991607666,84472400,26.9225463867188
"2521",28.9799995422363,29.2150001525879,28.9524993896484,29.1525001525879,88774400,27.059455871582
"2522",29.1949996948242,29.5400009155273,29.1175003051758,29.4775009155273,127007600,27.3611145019531
"2523",29.4874992370605,29.8575000762939,29.4850006103516,29.7474994659424,134247600,27.6117267608643
"2524",29.6924991607666,29.8449993133545,29.5750007629395,29.7775001525879,97848400,27.6395797729492
"2525",29.6849994659424,29.9825000762939,29.6499996185303,29.9375,110354400,27.7880954742432
"2526",29.7250003814697,29.8250007629395,29.5524997711182,29.8125,108344800,27.6720638275146
"2527",29.7775001525879,29.9050006866455,29.7024993896484,29.7600002288818,104447600,27.6233367919922
"2528",29.5849990844727,30.0599994659424,29.5550003051758,30,137759200,27.8461093902588
"2529",30,30.125,29.9274997711182,29.9974994659424,94852000,27.8437767028809
"2530",29.8500003814697,30.0224990844727,29.8425006866455,29.9449996948242,102389200,27.7950553894043
"2531",30.1124992370605,30.1124992370605,29.9325008392334,30,130391600,27.8461093902588
"2532",30,30.2024993896484,29.9424991607666,30.0200004577637,88200800,27.8646697998047
"2533",29.8875007629395,30.0249996185303,29.875,29.9925003051758,92844000,27.8391437530518
"2534",30.1049995422363,30.5249996185303,30.0699996948242,30.4699993133545,129510400,28.2823600769043
"2535",30.4174995422363,30.6100006103516,30.3999996185303,30.4850006103516,105350400,28.2962894439697
"2536",30.5349998474121,30.5874996185303,30.3999996185303,30.4874992370605,82251600,28.29860496521
"2537",30.2325000762939,30.4074993133545,30.1650009155273,30.4074993133545,121510000,28.2243461608887
"2538",30.2875003814697,30.3474998474121,30.1550006866455,30.3374996185303,196804000,28.1593780517578
"2539",31.7574996948242,32.622501373291,31.7525005340576,32.1875,447940000,29.8765487670898
"2540",31.9950008392334,32.3474998474121,31.9449996948242,32.1324996948242,134841600,29.8254928588867
"2541",32.0774993896484,32.2975006103516,32.0400009155273,32.2700004577637,98029200,29.9531269073486
"2542",32.2825012207031,32.625,32.2249984741211,32.5724983215332,107383600,30.233907699585
"2543",32.6349983215332,33.0224990844727,32.6124992370605,32.8824996948242,152735200,30.5216503143311
"2544",32.8375015258789,33.0550003051758,32.8050003051758,33.0099983215332,92016400,30.6399955749512
"2545",32.9124984741211,33.1124992370605,32.7799987792969,33.1049995422363,113399600,30.8613986968994
"2546",33.1150016784668,33.2350006103516,33.0125007629395,33.0299987792969,80262000,30.791482925415
"2547",33.2700004577637,33.4550018310547,33.1875,33.3224983215332,92141600,31.0641574859619
"2548",33.3675003051758,33.7724990844727,33.3125,33.7550010681152,132904800,31.4673480987549
"2549",33.8800010681152,34.0675010681152,33.6549987792969,33.877498626709,142492400,31.58154296875
"2550",33.9174995422363,33.9749984741211,33.7099990844727,33.8375015258789,90338400,31.5442543029785
"2551",33.7750015258789,33.9575004577637,33.7750015258789,33.9300003051758,88792800,31.6304969787598
"2552",34.0574989318848,34.1875,33.9949989318848,34.1749992370605,98028800,31.8588886260986
"2553",34.1074981689453,34.2799987792969,34.0275001525879,34.2775001525879,83347600,31.9544448852539
"2554",34.3450012207031,34.3699989318848,34.0750007629395,34.1324996948242,83152800,31.8192691802979
"2555",33.9775009155273,34.1650009155273,33.8199996948242,34.1650009155273,87106400,31.8495635986328
"2556",34.2849998474121,34.3600006103516,34.0699996948242,34.2324981689453,81029600,31.9124908447266
"2557",34.2700004577637,34.3600006103516,34.1749992370605,34.247501373291,93931600,31.9264717102051
"2558",34.4724998474121,35.0374984741211,34.4000015258789,34.9474983215332,145658400,32.579029083252
"2559",35,35.0699996948242,34.689998626709,34.7400016784668,104844000,32.3855934143066
"2560",34.6949996948242,34.9575004577637,34.6474990844727,34.9449996948242,84432400,32.5766983032227
"2561",34.8424987792969,34.9425010681152,34.6500015258789,34.8349990844727,8.7e+07,32.4741554260254
"2562",34.7649993896484,34.9949989318848,34.6974983215332,34.8800010681152,69785200,32.5161018371582
"2563",34.7374992370605,34.9500007629395,34.7050018310547,34.75,74828800,32.3949203491211
"2564",34.685001373291,34.6974983215332,34.2625007629395,34.6699981689453,88623600,32.3203392028809
"2565",34.8125,34.8400001525879,34.6599998474121,34.7849998474121,78451200,32.427547454834
"2566",34.7125015258789,34.8574981689453,34.7050018310547,34.7999992370605,69686800,32.4415283203125
"2567",34.8250007629395,34.9124984741211,34.7099990844727,34.747501373291,61236400,32.3925933837891
"2568",34.8525009155273,35.1875,34.7574996948242,35.1150016784668,102767200,32.7351837158203
"2569",35.1800003051758,35.2550010681152,35.064998626709,35.1725006103516,76928000,32.7887840270996
"2570",35.25,35.25,34.9724998474121,34.997501373291,175540000,32.6256408691406
"2571",35.0999984741211,35.375,35.0574989318848,35.3650016784668,86168000,32.9682388305664
"2572",35.5275001525879,35.7000007629395,34.9324989318848,34.9599990844727,158119600,32.5906715393066
"2573",34.9625015258789,35.4000015258789,34.939998626709,35.3549995422363,103440800,32.9589004516602
"2574",35.314998626709,35.3950004577637,35.1525001525879,35.2299995422363,81385200,32.8423805236816
"2575",35.375,35.435001373291,35.0875015258789,35.1599998474121,89582400,32.7771148681641
"2576",34.8474998474121,35.3050003051758,34.6549987792969,35.2200012207031,94300400,32.8330612182617
"2577",35.2275009155273,36.0099983215332,35.1549987792969,35.9500007629395,133499200,33.5136070251465
"2578",35.9199981689453,36.122501373291,35.7975006103516,36.0299987792969,116760000,33.5881652832031
"2579",36.0475006103516,36.125,35.875,35.9824981689453,84829200,33.5438766479492
"2580",35.9300003051758,36.0675010681152,35.752498626709,35.9150009155273,78646800,33.48095703125
"2581",35.9275016784668,36.0299987792969,35.7625007629395,35.9249992370605,79942800,33.4902801513672
"2582",35.8125,36.2224998474121,35.7924995422363,36.1925010681152,79565600,33.7396507263184
"2583",36.0550003051758,36.3650016784668,35.9524993896484,36.0050010681152,110871600,33.5648651123047
"2584",36.0724983215332,36.1300010681152,35.8624992370605,35.9150009155273,84596000,33.48095703125
"2585",35.9324989318848,36.0449981689453,35.8175010681152,35.8349990844727,66688800,33.4063758850098
"2586",35.9000015258789,35.9700012207031,35.7249984741211,35.7924995422363,75733600,33.366756439209
"2587",35.7350006103516,35.8375015258789,35.0149993896484,35.4075012207031,121517600,33.0078620910645
"2588",35.4000015258789,35.5374984741211,35.252498626709,35.4500007629395,81400000,33.0474662780762
"2589",35.4775009155273,35.5950012207031,35.2625007629395,35.2625007629395,71291600,32.8726844787598
"2590",35.3699989318848,35.4700012207031,35.2174987792969,35.4575004577637,66328400,33.0544776916504
"2591",35.3525009155273,35.5099983215332,35.2775001525879,35.2999992370605,58790000,32.9076461791992
"2592",35.4700012207031,35.5,35.1124992370605,35.1699981689453,69313600,32.7864570617676
"2593",35.3050003051758,35.7299995422363,35.2900009155273,35.6100006103516,93278400,33.1966323852539
"2594",35.6100006103516,35.6699981689453,35.4625015258789,35.5675010681152,69283600,33.1570129394531
"2595",35.875,35.9874992370605,35.7949981689453,35.9099998474121,68537200,33.4762954711914
"2596",35.9775009155273,36.2249984741211,35.9674987792969,36.1324996948242,75486000,33.6837310791016
"2597",36.1175003051758,36.1500015258789,35.8450012207031,35.9199981689453,80164800,33.4856224060059
"2598",35.9799995422363,36.0400009155273,35.8274993896484,35.9474983215332,56985200,33.5112648010254
"2599",36.0224990844727,36.0750007629395,35.8175010681152,35.9124984741211,83441600,33.4786224365234
"2600",36.2750015258789,36.7999992370605,36.2400016784668,36.6450004577637,134411600,34.161491394043
"2601",36.8849983215332,37.0224990844727,36.7099990844727,36.877498626709,181408800,34.3782196044922
"2602",36.3974990844727,36.872501373291,36.0675010681152,36.7649993896484,182788000,34.2733573913574
"2603",36.6300010681152,36.7849998474121,36.4524993896484,36.6324996948242,93487600,34.1498413085938
"2604",36.689998626709,37.2449989318848,36.689998626709,37.2400016784668,109310800,34.7161750793457
"2605",37.2574996948242,38.4249992370605,37.2574996948242,38.252498626709,195009600,35.6600456237793
"2606",38.4674987792969,38.7200012207031,38.3624992370605,38.497501373291,156521600,35.8884468078613
"2607",38.4075012207031,38.4850006103516,38.0275001525879,38.314998626709,103222800,35.7183074951172
"2608",38.1124992370605,38.5175018310547,38.0774993896484,38.4874992370605,109020400,36.027214050293
"2609",38.6749992370605,39.1049995422363,38.6674995422363,39.0250015258789,130108000,36.5303535461426
"2610",39.002498626709,39.1624984741211,38.7625007629395,38.9249992370605,104038800,36.4367485046387
"2611",38.9850006103516,39.0149993896484,38.6800003051758,38.8675003051758,80194000,36.382926940918
"2612",38.4000015258789,38.6425018310547,37.4275016784668,37.5625,203070800,35.1613388061523
"2613",37.8175010681152,38.3349990844727,37.7825012207031,38.1349983215332,134272800,35.6972427368164
"2614",38.3450012207031,38.4949989318848,38.1575012207031,38.2649993896484,107843200,35.8189353942871
"2615",38.5,38.6450004577637,38.2275009155273,38.497501373291,91865600,36.0365829467773
"2616",38.7249984741211,38.7249984741211,38.3274993896484,38.4500007629395,79675600,35.9921035766602
"2617",38.4599990844727,38.5424995422363,38.1674995422363,38.3349990844727,76712000,35.8844566345215
"2618",38.4324989318848,38.5875015258789,38.2574996948242,38.4674987792969,76942400,36.0084762573242
"2619",38.5,38.560001373291,38.3274993896484,38.4025001525879,87710400,35.9476470947266
"2620",38.3549995422363,38.6074981689453,38.3325004577637,38.4174995422363,80507600,35.9616889953613
"2621",38.4925003051758,38.5424995422363,38.0950012207031,38.189998626709,97804800,35.7487182617188
"2622",38.2924995422363,38.3325004577637,38.0550003051758,38.2949981689453,65616400,35.8470115661621
"2623",38.3950004577637,38.8624992370605,38.2224998474121,38.8624992370605,111082800,36.3782386779785
"2624",38.5849990844727,38.6124992370605,38.3650016784668,38.4824981689453,101326800,36.0225296020508
"2625",38.4749984741211,38.9524993896484,38.4449996948242,38.6124992370605,106499600,36.1442184448242
"2626",38.7550010681152,38.9949989318848,38.6199989318848,38.8424987792969,84278400,36.3595237731934
"2627",38.8125,38.8849983215332,38.5999984741211,38.747501373291,85003200,36.2705993652344
"2628",38.7975006103516,38.7975006103516,36.5050010681152,37.2449989318848,259530800,34.864143371582
"2629",36.435001373291,36.5224990844727,35.627498626709,36.3549995422363,289229200,34.0310325622559
"2630",36.7900009155273,36.8624992370605,36.2874984741211,36.6474990844727,136661600,34.3048324584961
"2631",36.875,36.875,35.9599990844727,36.2900009155273,126124800,33.9701919555664
"2632",35.8300018310547,36.1199989318848,35.5525016784668,36.0724983215332,128661600,33.7665863037109
"2633",35.9449996948242,36.125,35.5499992370605,35.5675010681152,201444400,33.2938804626465
"2634",35.9150009155273,36.685001373291,35.9150009155273,36.5849990844727,130165600,34.2463264465332
"2635",36.7174987792969,36.7174987792969,36.2350006103516,36.252498626709,99600400,33.9350700378418
"2636",36.3800010681152,36.5175018310547,36.1525001525879,36.4674987792969,85063200,34.1363334655762
"2637",36.4425010681152,36.6749992370605,36.2799987792969,36.4075012207031,76425200,34.0801811218262
"2638",36.2825012207031,36.7900009155273,36.2775001525879,36.5699996948242,141757600,34.2322807312012
"2639",36.7924995422363,37.0699996948242,36.3450012207031,36.4550018310547,102769600,34.1246490478516
"2640",36.252498626709,36.5400009155273,35.9049987792969,35.9324989318848,99047600,33.6355285644531
"2641",36.122501373291,36.5275001525879,35.7900009155273,36.4575004577637,88329600,34.1269721984863
"2642",36.1775016784668,36.2825012207031,35.5699996948242,35.9199981689453,125997600,33.623836517334
"2643",36.1124992370605,36.2400016784668,35.9449996948242,36.0050010681152,92096400,33.7034072875977
"2644",36.2200012207031,36.3250007629395,35.7750015258789,35.875,57111200,33.581714630127
"2645",35.9225006103516,36.1974983215332,35.6800003051758,36.0224990844727,86278400,33.7197875976562
"2646",35.7550010681152,35.875,35.6025009155273,35.6824989318848,96515200,33.4015197753906
"2647",35.7249984741211,36.1875,35.7249984741211,36.0449981689453,76806800,33.7408485412598
"2648",36.0275001525879,36.4874992370605,35.8424987792969,36.2649993896484,84362400,33.9467926025391
"2649",36.1824989318848,36.4625015258789,36.0950012207031,36.3824996948242,79127200,34.056770324707
"2650",36.4674987792969,36.5449981689453,36.2050018310547,36.435001373291,99538000,34.1059112548828
"2651",36.375,37.122501373291,36.3600006103516,36.9425010681152,100797600,34.5809745788574
"2652",36.9925003051758,37.3325004577637,36.8325004577637,37.2599983215332,80528400,34.8781776428223
"2653",37.2050018310547,37.7249984741211,37.1425018310547,37.3899993896484,95174000,34.999870300293
"2654",37.2999992370605,37.5325012207031,37.1674995422363,37.5200004577637,71475200,35.1215591430664
"2655",37.6199989318848,37.8549995422363,37.4874992370605,37.7550010681152,83692000,35.3415336608887
"2656",37.875,37.935001373291,37.5475006103516,37.5849990844727,68974800,35.1824035644531
"2657",37.497501373291,37.6100006103516,37.2200012207031,37.5675010681152,105010400,35.1660346984863
"2658",37.6450004577637,38.1100006103516,37.4749984741211,38.0224990844727,85972800,35.5919380187988
"2659",37.9500007629395,38.4599990844727,37.9500007629395,38.185001373291,75415600,35.7440528869629
"2660",38.3375015258789,38.4824981689453,38.2649993896484,38.3650016784668,63124000,35.9125518798828
"2661",38.4375,38.497501373291,36.8250007629395,37.6399993896484,129905200,35.2338829040527
"2662",37.4724998474121,37.5574989318848,37.2975006103516,37.375,68854800,34.9858245849609
"2663",37.4749984741211,37.5825004577637,37.0325012207031,37.1824989318848,79383600,34.8056335449219
"2664",37.2750015258789,37.5550003051758,37.1025009155273,37.5125007629395,141474400,35.1145324707031
"2665",39.8199996948242,39.9375,39.0400009155273,39.2849998474121,279747200,36.7737312316895
"2666",39.2625007629395,39.3025016784668,38.7550010681152,38.8925018310547,108389200,36.4063339233398
"2667",39.0175018310547,39.3499984741211,38.9225006103516,39.0974998474121,82239600,36.5982093811035
"2668",39.2649993896484,39.7299995422363,39.1674995422363,39.7024993896484,87481200,37.1645431518555
"2669",39.6500015258789,40.4575004577637,39.5675010681152,40.0200004577637,144823600,37.4617538452148
"2670",39.814998626709,40.3175010681152,39.7775001525879,40.2649993896484,104526000,37.691089630127
"2671",39.9749984741211,40,38.6575012207031,38.8300018310547,163217200,36.490550994873
"2672",39.1500015258789,39.6425018310547,39.0175018310547,39.3699989318848,105028400,36.9980316162109
"2673",39.8300018310547,40.0525016784668,39.6875,39.9625015258789,88490800,37.5548286437988
"2674",40.1650009155273,40.5499992370605,40.0349998474121,40.4000015258789,117862000,37.9659614562988
"2675",40.4850006103516,40.627498626709,40.0374984741211,40.2374992370605,110686400,37.8132514953613
"2676",40.1300010681152,40.1775016784668,39.4599990844727,39.4650001525879,111762400,37.087287902832
"2677",39.4650001525879,39.875,39.1800003051758,39.375,109712400,37.0027198791504
"2678",39.375,39.4724998474121,38.7775001525879,39.3025016784668,105474000,36.9345817565918
"2679",39.5574989318848,40,39.5050010681152,39.9449996948242,86418400,37.5383796691895
"2680",39.7675018310547,40.1175003051758,39.7200012207031,39.9949989318848,77596400,37.5853652954102
"2681",40.1074981689453,40.185001373291,39.6375007629395,39.8175010681152,79275600,37.4185676574707
"2682",39.9124984741211,40.1399993896484,39.8175010681152,39.9650001525879,101920400,37.5571823120117
"2683",40.0349998474121,40.5,39.9824981689453,40.3675003051758,103864000,37.9354133605957
"2684",40.0250015258789,40.7799987792969,40,40.7275009155273,118067600,38.273738861084
"2685",40.9500007629395,40.9724998474121,40.6525001525879,40.8375015258789,109078400,38.3771133422852
"2686",40.9099998474121,41.1300010681152,40.8699989318848,41,107140400,38.5298156738281
"2687",41.2000007629395,41.2350006103516,40.9075012207031,41.0125007629395,66364400,38.5415649414062
"2688",40.9375,41.0625,40.1399993896484,40.5200004577637,117874000,38.0787353515625
"2689",40.6775016784668,40.747501373291,40.1300010681152,40.4775009155273,86606800,38.0387992858887
"2690",40.5224990844727,40.560001373291,40.0900001525879,40.314998626709,87714000,37.8860893249512
"2691",40.2150001525879,40.2874984741211,39.6324996948242,39.6575012207031,114446000,37.2682037353516
"2692",40.125,40.5125007629395,39.9724998474121,40.375,126323200,37.9424743652344
"2693",40.6525001525879,40.9900016784668,39.6925010681152,40.2150001525879,286856000,37.7921180725098
"2694",39.9674987792969,39.9900016784668,39.4775009155273,39.9124984741211,179629600,37.5078277587891
"2695",39.747501373291,39.8499984741211,39.5224990844727,39.5699996948242,95042800,37.1859664916992
"2696",39.6175003051758,40.2425003051758,39.5,39.9700012207031,196458400,37.5618667602539
"2697",40.0275001525879,40.125,39.5,39.6674995422363,113077600,37.2775955200195
"2698",39.877498626709,39.9425010681152,39.6100006103516,39.6824989318848,83242400,37.2916946411133
"2699",39.4749984741211,39.564998626709,38.4575004577637,39.0175018310547,211805600,36.6667556762695
"2700",38.9500007629395,38.9500007629395,38.1875,38.3474998474121,150046800,36.0371208190918
"2701",37.8849983215332,38.0675010681152,37.6399993896484,37.9724998474121,186581600,35.6847114562988
"2702",37.497501373291,37.9575004577637,37.2900009155273,37.6375007629395,177549200,35.3699035644531
"2703",37.9449996948242,38.4799995422363,37.9225006103516,38.2849998474121,146640000,35.9783897399902
"2704",38.4500007629395,38.6800003051758,38.3849983215332,38.5574989318848,102016800,36.2344627380371
"2705",38.4724998474121,38.5699996948242,38.1749992370605,38.3199996948242,88022000,36.0112762451172
"2706",38.3025016784668,38.5325012207031,38,38.5299987792969,105199200,36.2086296081543
"2707",38.564998626709,38.6124992370605,38.1800003051758,38.4524993896484,74795200,36.1357955932617
"2708",38.502498626709,38.7724990844727,38.4775009155273,38.6199989318848,64921200,36.2932014465332
"2709",38.4075012207031,38.4650001525879,38.1150016784668,38.3699989318848,80655200,36.0582580566406
"2710",38.5449981689453,38.8600006103516,38.5125007629395,38.8474998474121,85135200,36.5069923400879
"2711",38.7425003051758,38.872501373291,38.6399993896484,38.8250007629395,69630400,36.4858589172363
"2712",38.9524993896484,39.1824989318848,38.872501373291,38.9599990844727,65051600,36.612720489502
"2713",39.0149993896484,39.5,38.7750015258789,38.9749984741211,62468000,36.6268196105957
"2714",38.9925003051758,39.2449989318848,38.9375,39.1375007629395,67622400,36.7795295715332
"2715",39.0875015258789,39.3424987792969,38.9324989318848,39,64500400,36.6503143310547
"2716",39.1824989318848,39.3199996948242,39.1025009155273,39.247501373291,65576800,36.8829002380371
"2717",39.4749984741211,40,39.4124984741211,39.9700012207031,96486000,37.5618667602539
"2718",39.9449996948242,40.2174987792969,39.8074989318848,40.1175003051758,75989200,37.7004928588867
"2719",40.1049995422363,40.1775016784668,39.9000015258789,39.939998626709,65496800,37.5336723327637
"2720",39.1875,39.2700004577637,38.7550010681152,38.9949989318848,170336800,36.6456108093262
"2721",39.1525001525879,39.4375,38.9900016784668,39.0625,95896400,36.7090530395508
"2722",39.2224998474121,39.4225006103516,38.875,39.0424995422363,87937200,36.6902503967285
"2723",39.0724983215332,39.3549995422363,39.0499992370605,39.2750015258789,71028800,36.9087562561035
"2724",39.2275009155273,39.3875007629395,38.8175010681152,39.1025009155273,84828400,36.746639251709
"2725",39.3074989318848,39.4575004577637,39.1949996948242,39.3525009155273,68002000,36.981575012207
"2726",39.8224983215332,40.9000015258789,39.6749992370605,40.7625007629395,177816800,38.3066215515137
"2727",40.9724998474121,42.0175018310547,40.9300003051758,41.6800003051758,178803200,39.1688385009766
"2728",41.9749984741211,42.4124984741211,41.7350006103516,42.2599983215332,144187200,39.7139015197754
"2729",42.4674987792969,42.4850006103516,41.4025001525879,41.7224998474121,134551200,39.2087745666504
"2730",41.6500015258789,42.125,41.3199996948242,42.0275001525879,165573600,39.4954109191895
"2731",43.5,43.564998626709,42.7799987792969,43.125,237594400,40.526782989502
"2732",43.0924987792969,43.747501373291,42.9300003051758,43.5625,140105200,40.9379272460938
"2733",43.4775009155273,43.8125,43.4000015258789,43.7024993896484,97446000,41.0694885253906
"2734",43.6650009155273,44.060001373291,43.5825004577637,44.060001373291,97638000,41.405460357666
"2735",43.7775001525879,44.0250015258789,43.2849998474121,43.9700012207031,117930400,41.3208694458008
"2736",43.7775001525879,43.8450012207031,43.5675010681152,43.6674995422363,100582000,41.1841239929199
"2737",43.375,43.625,43.3499984741211,43.4925003051758,67928400,41.0190811157227
"2738",43.2599983215332,43.3699989318848,42.7949981689453,42.8349990844727,99130000,40.3989639282227
"2739",42.4925003051758,42.5800018310547,42.0950012207031,42.2700004577637,116632400,39.8661041259766
"2740",42.7949981689453,42.9674987792969,42.5750007629395,42.7750015258789,94550000,40.3423843383789
"2741",42.7599983215332,42.8474998474121,42.4099998474121,42.5374984741211,87598000,40.1183853149414
"2742",42.5724983215332,42.6399993896484,42.3899993896484,42.4949989318848,65049600,40.0783157348633
"2743",42.6949996948242,43.4249992370605,42.6949996948242,43.2849998474121,100525200,40.823371887207
"2744",43.3400001525879,43.75,43.2625007629395,43.7400016784668,102355600,41.2525100708008
"2745",43.7750015258789,43.875,43.6624984741211,43.7425003051758,56106800,41.2548637390137
"2746",43.7625007629395,43.7700004577637,43.3349990844727,43.5224990844727,82867200,41.0473747253418
"2747",43.5750007629395,43.7174987792969,42.9650001525879,43.2675018310547,105715200,40.8068733215332
"2748",43.1575012207031,43.2299995422363,41.7900009155273,42.3699989318848,166665600,39.9604110717773
"2749",42.6074981689453,43.0349998474121,42.1100006103516,42.9625015258789,166108800,40.5192222595215
"2750",42.4874992370605,42.9174995422363,42.125,42.7625007629395,159037200,40.3305892944336
"2751",43.1199989318848,43.1549987792969,42.4075012207031,42.4500007629395,130169600,40.0358695983887
"2752",42.2649993896484,42.8800010681152,42.0999984741211,42.4099998474121,109400800,39.9981422424316
"2753",41.875,42.5499992370605,41.6150016784668,42.252498626709,114240000,39.8496017456055
"2754",42.2574996948242,42.6100006103516,42.2275009155273,42.3300018310547,102693200,39.9226951599121
"2755",42.622501373291,42.75,42.2050018310547,42.3424987792969,93420800,39.9344673156738
"2756",42.2999992370605,43.2224998474121,42.1974983215332,43.1674995422363,141095200,40.7125587463379
"2757",43.0374984741211,43.0974998474121,42.8650016784668,42.9249992370605,77636800,40.4838409423828
"2758",43.125,43.3849983215332,43,43.0675010681152,95273600,40.6182479858398
"2759",43.0999984741211,43.2825012207031,42.9124984741211,43.0550003051758,81906000,40.6064605712891
"2760",43.4075012207031,43.5424995422363,43.1150016784668,43.4925003051758,160677200,41.0190811157227
"2761",43.7200012207031,44.2999992370605,43.7150001525879,44.1049995422363,117684400,41.5967407226562
"2762",43.7574996948242,43.8474998474121,43.5224990844727,43.6349983215332,109745600,41.1534729003906
"2763",43.7174987792969,43.8549995422363,43.3125,43.5875015258789,93902400,41.1086692810059
"2764",43.5424995422363,44.0050010681152,43.5250015258789,43.752498626709,83799600,41.2642822265625
"2765",43.6699981689453,43.8549995422363,43.625,43.752498626709,65397600,41.2642822265625
"2766",42.7000007629395,42.8675003051758,42.4199981689453,42.6425018310547,132742000,40.2174186706543
"2767",42.5250015258789,42.6949996948242,42.4275016784668,42.6500015258789,85992800,40.2245025634766
"2768",42.75,42.9625015258789,42.6199989318848,42.7700004577637,65920800,40.3376617431641
"2769",42.6300010681152,42.6474990844727,42.3050003051758,42.3074989318848,103999600,39.9014701843262
"2770",42.5400009155273,43.0750007629395,42.314998626709,43.064998626709,102223600,40.6158905029297
"2771",43.1324996948242,43.6375007629395,42.9900016784668,43.0574989318848,118071600,40.6088218688965
"2772",43.1349983215332,43.3675003051758,43.0200004577637,43.2574996948242,89738400,40.7974433898926
"2773",43.3600006103516,43.8424987792969,43.2625007629395,43.75,94640000,41.2619400024414
"2774",43.5875015258789,43.9025001525879,43.4824981689453,43.5875015258789,82271200,41.1086692810059
"2775",43.6375007629395,43.7649993896484,43.3525009155273,43.5825004577637,86336000,41.1039543151855
"2776",43.2900009155273,43.5750007629395,43.25,43.5724983215332,95839600,41.0945205688477
"2777",43.6474990844727,43.872501373291,43.622501373291,43.8199996948242,74670800,41.327953338623
"2778",44.0449981689453,44.3400001525879,43.9124984741211,44.2724990844727,101672400,41.7547149658203
"2779",44.4749984741211,44.8474998474121,44.0349998474121,44.0475006103516,118263600,41.5425071716309
"2780",44.0374984741211,44.8125,43.7675018310547,44.7750015258789,137547200,42.228645324707
"2781",44.8424987792969,45.0250015258789,44.5625,44.814998626709,124773600,42.2663650512695
"2782",44.6525001525879,44.8950004577637,44.3525009155273,44.6150016784668,129700400,42.0777397155762
"2783",44.3250007629395,44.4449996948242,44.1500015258789,44.25,108434400,41.7334976196289
"2784",44.3250007629395,44.8600006103516,44.2050018310547,44.2599983215332,130756400,41.7429237365723
"2785",44.3125,44.3250007629395,43.2999992370605,43.5550003051758,204420400,41.0780220031738
"2786",43.627498626709,43.7374992370605,42.6324996948242,42.7775001525879,166116000,40.3447380065918
"2787",43,43,42.5149993896484,42.877498626709,156572000,40.4390449523926
"2788",42.5400009155273,42.5400009155273,41.7675018310547,41.9900016784668,202561600,39.6020088195801
"2789",41.3824996948242,41.8424987792969,41.1749992370605,41.7425003051758,184192800,39.3685989379883
"2790",41.7174987792969,42.1100006103516,41.625,41.8574981689453,129915600,39.4770584106445
"2791",41.7924995422363,42.1549987792969,41.689998626709,41.9449996948242,188923200,39.5595817565918
"2792",41.5,41.7000007629395,40.0250015258789,40.125,346375200,37.843074798584
"2793",39.7750015258789,40.9700012207031,39,39.122501373291,290954000,36.8975982666016
"2794",38.7075004577637,40.9300003051758,38.5,40.7574996948242,272975200,38.4396095275879
"2795",40.7724990844727,40.8499984741211,39.7675018310547,39.8849983215332,206434400,37.6167297363281
"2796",40.0724983215332,40.25,38.7574996948242,38.7874984741211,217562000,36.5816497802734
"2797",39.2675018310547,39.4724998474121,37.560001373291,39.1025009155273,282690400,37.0290985107422
"2798",39.625,40.9724998474121,39.377498626709,40.6775016784668,243278000,38.5205841064453
"2799",40.4874992370605,41.1875,40.4124984741211,41.0849990844727,130196800,38.9064750671387
"2800",40.7599983215332,41.8849983215332,40.7200012207031,41.8424987792969,162579600,39.6238098144531
"2801",42.4474983215332,43.2724990844727,42.25,43.247501373291,204588800,40.9543037414551
"2802",43.0900001525879,43.7050018310547,42.9425010681152,43.1074981689453,160704400,40.8217277526855
"2803",43.0125007629395,43.564998626709,42.8549995422363,42.9625015258789,135722000,40.6844177246094
"2804",43.2075004577637,43.5299987792969,42.752498626709,42.7675018310547,149886400,40.499755859375
"2805",42.9500007629395,43.4874992370605,42.9275016784668,43.125,123967600,40.8383026123047
"2806",43.4174995422363,43.9124984741211,43.3849983215332,43.875,135249600,41.5485382080078
"2807",44.0875015258789,44.8474998474121,44.0525016784668,44.7425003051758,152648800,42.3700370788574
"2808",44.7750015258789,45.1199989318848,44.5400009155273,44.5974998474121,155712400,42.2327346801758
"2809",44.814998626709,45.1549987792969,44.5125007629395,44.5299987792969,151128400,42.1687927246094
"2810",44.6349983215332,44.9449996948242,43.1650009155273,43.75,195208000,41.4301605224609
"2811",43.2000007629395,44.0750007629395,43.1124992370605,44.0525016784668,153816000,41.7166290283203
"2812",43.8025016784668,44.435001373291,43.6300010681152,44.2050018310547,113605600,41.8610305786133
"2813",44.4775009155273,44.5625,44.0325012207031,44.1674995422363,95154000,41.8255233764648
"2814",43.7350006103516,43.9625015258789,43.5675010681152,43.7574996948242,126814000,41.4372634887695
"2815",43.8699989318848,44.2799987792969,43.7675018310547,44.2350006103516,95096400,41.8894462585449
"2816",44.4900016784668,45,44.3474998474121,44.9949989318848,128740800,42.6091384887695
"2817",45.0724983215332,45.5974998474121,45.0525016784668,45.4300003051758,128828400,43.0210838317871
"2818",45.6474990844727,45.875,44.810001373291,44.9925003051758,126774000,42.6067657470703
"2819",45.0800018310547,45.1300010681152,44.4524993896484,44.6100006103516,117473600,42.244556427002
"2820",44.625,45.060001373291,44.5175018310547,44.6624984741211,90975200,42.2942886352539
"2821",44.6624984741211,44.7799987792969,44.4049987792969,44.5050010681152,157618800,42.1451301574707
"2822",44.3300018310547,44.3675003051758,43.4150009155273,43.8250007629395,133787200,41.5011825561523
"2823",43.810001373291,44.2000007629395,43.7350006103516,43.810001373291,78597600,41.4869804382324
"2824",43.7599983215332,43.7724990844727,42.814998626709,42.8175010681152,148219600,40.5471115112305
"2825",42.5,43.1699981689453,42.1500015258789,42.2125015258789,165963200,39.9741897583008
"2826",42.0974998474121,42.4799995422363,41.2350006103516,41.2350006103516,164115200,39.0485191345215
"2827",42.0175018310547,43.2750015258789,41.6100006103516,43.1925010681152,150164800,40.9022254943848
"2828",43.4199981689453,43.7874984741211,41.7299995422363,42.0849990844727,163690400,39.8534507751465
"2829",41.8125,42.5050010681152,41.2975006103516,41.6199989318848,166674000,39.4131011962891
"2830",41.9524993896484,42.9375,41.7249984741211,41.9449996948242,153594000,39.720874786377
"2831",41.6599998474121,42.2350006103516,41.1175003051758,41.6699981689453,150347200,39.4604568481445
"2832",41.9099998474121,42.1875,41.2200012207031,42.0974998474121,121112000,39.8652877807617
"2833",41.2200012207031,43.002498626709,41.1925010681152,42.9025001525879,138422000,40.6275978088379
"2834",43.1450004577637,43.5574989318848,43.0200004577637,43.2000007629395,107732800,40.9093284606934
"2835",42.7425003051758,43.1199989318848,42.0499992370605,42.0950012207031,140021200,39.8629112243652
"2836",42.4700012207031,43.2724990844727,42.4625015258789,42.5125007629395,116070800,40.2582778930664
"2837",43.25,43.5,42.8824996948242,43.3125,113634400,41.0158576965332
"2838",43.0574989318848,43.4799995422363,42.9249992370605,43.1100006103516,89726400,40.8240966796875
"2839",43.3525009155273,43.75,43.2599983215332,43.5349998474121,91557200,41.2265625
"2840",43.6949996948242,43.9599990844727,43.4625015258789,43.6824989318848,100497200,41.3662490844727
"2841",43.7574996948242,44.0475006103516,43.7075004577637,43.9550018310547,86313600,41.6242904663086
"2842",44.122501373291,44.7350006103516,44.1025009155273,44.560001373291,106421600,42.1972045898438
"2843",44.4524993896484,44.7050018310547,44.2200012207031,44.4599990844727,83018000,42.1025123596191
"2844",43.439998626709,43.8474998474121,43.1650009155273,43.2000007629395,139235200,40.9093284606934
"2845",42.6500015258789,42.8050003051758,41.3574981689453,41.4300003051758,261964400,39.2331886291504
"2846",41.7075004577637,41.7299995422363,41.0224990844727,41.310001373291,146062000,39.1195449829102
"2847",41.4174995422363,41.5825004577637,40.3050003051758,40.7350006103516,134768000,38.5750274658203
"2848",40.6549987792969,41.3549995422363,40.6025009155273,40.9124984741211,113528400,38.7431182861328
"2849",41.0299987792969,41.4324989318848,40.8424987792969,41.0550003051758,111852000,38.8780632019043
"2850",41,41.0825004577637,40.1575012207031,40.5800018310547,142623200,38.4282569885254
"2851",40.5325012207031,41.814998626709,40.4599990844727,41.314998626709,169709600,39.1242752075195
"2852",41.6025009155273,42.2999992370605,41.3175010681152,42.2750015258789,214277600,40.0333824157715
"2853",43.8074989318848,44.4375,43.4500007629395,44.1425018310547,266157600,41.8018569946289
"2854",43.9700012207031,44.375,43.6100006103516,44.2224998474121,136272800,41.8776092529297
"2855",44.5625,46.0625,44.5424995422363,45.9575004577637,224805200,43.5206108093262
"2856",46.2949981689453,46.9174995422363,46.1875,46.2900009155273,169805600,43.8354759216309
"2857",46.247501373291,46.5550003051758,45.9174995422363,46.5125007629395,113611200,44.0461921691895
"2858",46.6375007629395,46.8499984741211,46.3050003051758,46.8400001525879,92844800,44.356315612793
"2859",46.935001373291,47.5924987792969,46.9124984741211,47.5099983215332,111957200,44.9907836914062
"2860",47.372501373291,47.5149993896484,46.8624992370605,47.1474990844727,104848800,44.8196830749512
"2861",47.252498626709,47.3824996948242,46.9650001525879,47.0374984741211,83115200,44.7150993347168
"2862",46.6949996948242,46.7675018310547,46.2750015258789,46.6100006103516,94780800,44.3087196350098
"2863",46.5175018310547,47.1150016784668,46.5,47.0449981689453,76732400,44.7222290039062
"2864",47,47.2275009155273,46.5900001525879,46.747501373291,69176000,44.4394264221191
"2865",46.7975006103516,46.9524993896484,46.5325012207031,46.5774993896484,73190800,44.2778244018555
"2866",47,47.3175010681152,46.7275009155273,46.9075012207031,73603200,44.5915260314941
"2867",47.0950012207031,47.2200012207031,46.6949996948242,46.7900009155273,60962800,44.4798316955566
"2868",46.5875015258789,47.125,46.439998626709,47.0900001525879,80233600,44.7650184631348
"2869",47.1925010681152,47.2099990844727,46.5525016784668,47.0374984741211,92936000,44.7150993347168
"2870",47.0574989318848,47.4124984741211,46.9124984741211,47.1450004577637,69844000,44.8172874450684
"2871",46.9000015258789,47.1875,46.7174987792969,46.9749984741211,90056400,44.6556854248047
"2872",46.9300003051758,47,46.6949996948242,46.875,74762000,44.5606269836426
"2873",46.8050003051758,47.0574989318848,46.5349998474121,46.7174987792969,109931200,44.4108963012695
"2874",46.997501373291,47.564998626709,46.9375,47.560001373291,93770000,45.2118072509766
"2875",47.9099998474121,48.3549995422363,47.8375015258789,47.9575004577637,105064800,45.5896797180176
"2876",48.2675018310547,48.4850006103516,48.0900001525879,48.3274993896484,86264000,45.9414176940918
"2877",48.4075012207031,48.5200004577637,47.9799995422363,48.4949989318848,83734400,46.1006393432617
"2878",48.5349998474121,48.5499992370605,48.0849990844727,48.3650016784668,85388800,45.9770660400391
"2879",47.7924995422363,48,47.4425010681152,47.9249992370605,106627200,45.5587768554688
"2880",47.8375015258789,47.9925003051758,47.5525016784668,47.8074989318848,73234000,45.4470863342285
"2881",47.8474998474121,48.1525001525879,47.7874984741211,48.0699996948242,67644400,45.6966323852539
"2882",48.1049995422363,48.2200012207031,47.6100006103516,47.6749992370605,86553600,45.3211288452148
"2883",47.8875007629395,47.8925018310547,47.5550003051758,47.7000007629395,86440400,45.344898223877
"2884",47.5074996948242,47.5400009155273,47.064998626709,47.2099990844727,246876800,44.8790817260742
"2885",46.9700012207031,47.3050003051758,46.7999992370605,47.185001373291,73939600,44.855339050293
"2886",46.2849998474121,46.5825004577637,45.8624992370605,46.4225006103516,134314000,44.1304779052734
"2887",46.5875015258789,46.7999992370605,46.4324989318848,46.625,82514800,44.3229713439941
"2888",46.8125,47.0875015258789,46.2350006103516,46.3650016784668,102847600,44.0758171081543
"2889",46.5299987792969,46.5374984741211,46.1749992370605,46.2299995422363,108801600,43.9474754333496
"2890",45.8499984741211,46.2299995422363,45.1824989318848,45.5424995422363,126652400,43.2939186096191
"2891",45.747501373291,46.6324996948242,45.6349983215332,46.1074981689453,98276800,43.8310127258301
"2892",46.3074989318848,46.8199996948242,46.0074996948242,46.0400009155273,101141200,43.7668571472168
"2893",46.0250015258789,46.5525016784668,45.9500007629395,46.375,69460800,44.0853080749512
"2894",46.5724983215332,46.7975006103516,45.7275009155273,46.2775001525879,90950800,43.992618560791
"2895",45.9550018310547,46.8250007629395,45.8549995422363,46.7949981689453,70925200,44.4845809936523
"2896",46.9474983215332,46.9874992370605,45.8849983215332,45.9799995422363,55819200,43.7098083496094
"2897",46.314998626709,46.6025009155273,46.0699996948242,46.3499984741211,66416800,44.0615501403809
"2898",46.3549995422363,47.1074981689453,46.2999992370605,46.9925003051758,69940800,44.6723327636719
"2899",47.375,47.6699981689453,47.3250007629395,47.6450004577637,79026400,45.2926025390625
"2900",47.6775016784668,47.8199996948242,47.5449981689453,47.5875015258789,63756400,45.2379531860352
"2901",47.125,47.4449996948242,46.9025001525879,46.9700012207031,75326000,44.6509437561035
"2902",47.3824996948242,47.8525009155273,47.3274993896484,47.7574996948242,72164400,45.3995475769043
"2903",47.7700004577637,47.9599990844727,47.7249984741211,47.8325004577637,50055600,45.4708518981934
"2904",47.8800010681152,48.1624984741211,47.6049995422363,47.7275009155273,60172400,45.3710327148438
"2905",47.4375,47.9674987792969,47.2999992370605,47.8624992370605,62138000,45.4993629455566
"2906",47.9449996948242,47.9500007629395,47.4824981689453,47.5999984741211,65573600,45.2498359680176
"2907",47.4225006103516,48.1375007629395,47.4225006103516,47.9700012207031,81147200,45.6015701293945
"2908",47.9449996948242,48.1074981689453,47.5424995422363,47.8600006103516,82704800,45.4969902038574
"2909",47.6699981689453,47.9900016784668,47.3899993896484,47.9025001525879,63957600,45.5374069213867
"2910",48.1124992370605,48.4150009155273,48.0125007629395,48.25,74791600,45.8677368164062
"2911",48.2649993896484,48.7125015258789,48.1074981689453,48.7050018310547,66839600,46.3002738952637
"2912",48.6525001525879,48.9900016784668,48.4025001525879,48.5525016784668,76304000,46.1552963256836
"2913",48.747501373291,48.7975006103516,47.5250015258789,47.7449989318848,96096000,45.3876800537109
"2914",47.9749984741211,48.0499992370605,47.2675018310547,47.4775009155273,84118000,45.1333885192871
"2915",47.5750007629395,48.0349998474121,47.3349990844727,47.5724983215332,157492000,45.2236862182617
"2916",49.7825012207031,50.439998626709,49.3274993896484,50.375,271742800,47.8878211975098
"2917",50.1450004577637,52.0950012207031,50.0875015258789,51.8474998474121,249616000,49.2876167297363
"2918",51.7574996948242,52.185001373291,51.3699989318848,51.997501373291,133789600,49.4302139282227
"2919",52,52.3125,51.7675018310547,52.2675018310547,101701600,49.6868934631348
"2920",52.3300018310547,52.375,51.689998626709,51.7775001525879,102349600,49.2210807800293
"2921",51.5125007629395,51.9524993896484,51.1300010681152,51.8125,90102000,49.2543487548828
"2922",52.3824996948242,52.4449996948242,51.7999992370605,52.2200012207031,93970400,49.6417274475098
"2923",51.8400001525879,52.2750015258789,51.6674995422363,51.8824996948242,98444800,49.4938659667969
"2924",52.3274993896484,52.7374992370605,51.9249992370605,52.2174987792969,103563600,49.8134422302246
"2925",52.5400009155273,52.6399993896484,52.064998626709,52.4375,82992000,50.0233039855957
"2926",52.3050003051758,52.685001373291,52.0825004577637,52.560001373291,115230400,50.1401710510254
"2927",52.9375,53.4524993896484,52.8675003051758,53.3300018310547,114001600,50.8747291564941
"2928",53.3600006103516,54.4874992370605,53.2900009155273,54.3950004577637,141708000,51.8906860351562
"2929",54.5250015258789,54.7949981689453,53.7775001525879,53.8650016784668,121150800,51.3851013183594
"2930",54.2000007629395,54.2975006103516,53.5074996948242,53.7599983215332,104639200,51.2849235534668
"2931",53.5250015258789,54.0900001525879,53.4599990844727,53.7625007629395,76072400,51.2873153686523
"2932",53.6624984741211,54.2625007629395,53.6500015258789,53.872501373291,75532800,51.3922462463379
"2933",54.1500015258789,54.2249984741211,53.7775001525879,54.0400009155273,73905600,51.5520439147949
"2934",54.2874984741211,54.685001373291,54.0825004577637,54.4850006103516,82100400,51.9765472412109
"2935",54.752498626709,55.1349983215332,54.7299995422363,54.9249992370605,91107200,52.396297454834
"2936",55.0374984741211,55.872501373291,54.8525009155273,55.7449989318848,109019200,53.178539276123
"2937",55.8125,57.064998626709,55.5999984741211,56.2574996948242,195175200,53.6674461364746
"2938",56.627498626709,57.2174987792969,56.5,56.9075012207031,173360400,54.2875213623047
"2939",57.1025009155273,57.2949981689453,56.6575012207031,57.0900001525879,109560400,54.4616165161133
"2940",57.247501373291,57.4174995422363,56.2750015258789,56.7174987792969,133332000,54.1062507629395
"2941",56.5574989318848,56.8375015258789,55.3250007629395,55.7750015258789,137160000,53.2071685791016
"2942",55.4625015258789,56.3424987792969,55.1775016784668,55.3250007629395,150479200,52.7778816223145
"2943",55.2374992370605,55.4625015258789,54.1175003051758,54.5825004577637,158066000,52.0695571899414
"2944",54.502498626709,56.0750007629395,54.1399993896484,55.9625015258789,142996000,53.3860244750977
"2945",56.2350006103516,56.25,54.9599990844727,55.2675018310547,197114800,52.7230224609375
"2946",55.8800010681152,57.0875015258789,55.6425018310547,56.6025009155273,166825600,53.9965553283691
"2947",56.4375,56.7099990844727,55.6300010681152,55.9599990844727,127997200,53.3836402893066
"2948",55.5374984741211,55.7374992370605,54.3175010681152,54.4700012207031,148780400,51.9622421264648
"2949",54.4474983215332,55.4625015258789,54.2799987792969,54.560001373291,126286800,52.0480995178223
"2950",54.625,54.9049987792969,53.8250007629395,54.5924987792969,108495200,52.0791053771973
"2951",55.060001373291,55.5699996948242,54.7874984741211,55.0074996948242,106435200,52.4749946594238
"2952",55.1949996948242,55.3400001525879,54.3224983215332,54.4150009155273,384986800,51.9097747802734
"2953",54.2050018310547,55.314998626709,54.1575012207031,55.1974983215332,110773600,52.65625
"2954",54.9375,55.7050018310547,54.9249992370605,55.5475006103516,98217600,52.9901313781738
"2955",55.25,55.9375,54.939998626709,55.1049995422363,95938800,52.568000793457
"2956",55.9550018310547,56.6100006103516,55.8849983215332,56.2374992370605,120724800,53.648365020752
"2957",56.1974983215332,56.4599990844727,56.0050010681152,56.435001373291,91717600,53.8367729187012
"2958",56.9874992370605,57.3549995422363,56.5875015258789,56.814998626709,94403200,54.1992797851562
"2959",56.8125,57.5,56.6575012207031,57.3199996948242,99152800,54.681037902832
"2960",57.5125007629395,58.3675003051758,57.4449996948242,58.0175018310547,114619200,55.3464241027832
"2961",57.6949996948242,58.0875015258789,56.6824989318848,56.997501373291,128168000,54.3733825683594
"2962",56.9900016784668,57.1025009155273,55.1450004577637,56.0724983215332,134322000,53.4909629821777
"2963",55.5525016784668,56.2000007629395,55.0499992370605,55.9425010681152,118655600,53.3669586181641
"2964",55.9099998474121,56.8175010681152,55.5625,56.7174987792969,107564000,54.1062507629395
"2965",56.3650016784668,56.5875015258789,54.0125007629395,54.0900001525879,167962400,51.599739074707
"2966",53.6300010681152,54.875,53.0800018310547,53.6124992370605,212497600,51.1442184448242
"2967",55.1049995422363,55.7200012207031,54.2099990844727,55.5275001525879,161351600,52.9710578918457
"2968",55.2900009155273,55.4575004577637,54.3175010681152,54.3400001525879,123164000,51.8382301330566
"2969",54.7324981689453,55.747501373291,54.189998626709,55.5374984741211,116736000,52.9806022644043
"2970",55.5750007629395,55.6599998474121,54.8349990844727,55.2975006103516,91541600,52.7516403198242
"2971",54.4650001525879,54.935001373291,53.25,54.0050010681152,130325200,51.5186424255371
"2972",54.5149993896484,55.314998626709,54.3574981689453,54.8274993896484,132314800,52.3032760620117
"2973",54.9474983215332,55.8400001525879,54.7350006103516,55.1624984741211,115168400,52.6228561401367
"2974",53.9575004577637,55.8125,53.6749992370605,55.6824989318848,155071200,53.1189193725586
"2975",55.6500015258789,56.0574989318848,53.6349983215332,53.7724990844727,163702000,51.2968635559082
"2976",54.4275016784668,55.3450012207031,54.1875,54.9500007629395,119423200,52.4201393127441
"2977",53.9749984741211,55.0475006103516,53.1674995422363,54.0750007629395,189033600,51.5854263305664
"2978",54.7975006103516,54.9225006103516,51.5224990844727,53.060001373291,183742000,50.6171569824219
"2979",52.7874984741211,53.7949981689453,52.3175010681152,53.3250007629395,146640000,50.8699531555176
"2980",54.2200012207031,55.1124992370605,54.1549987792969,54.7150001525879,153435600,52.1959571838379
"2981",54.7625007629395,55.5900001525879,54.2024993896484,55.5550003051758,233292800,52.9972877502441
"2982",52.3875007629395,53.4124984741211,51.3574981689453,51.8699989318848,365314800,49.4819526672363
"2983",51.0750007629395,51.0974998474121,49.5424995422363,50.3974990844727,264654800,48.0772399902344
"2984",50.4799995422363,51.1800003051758,50.4225006103516,50.9425010681152,127531600,48.5971488952637
"2985",51.4925003051758,52.5149993896484,51.0325012207031,52.4874992370605,133697600,50.0710182189941
"2986",52.4949989318848,52.5299987792969,51.6875,52.122501373291,101450400,49.8963165283203
"2987",51.3875007629395,51.502498626709,50.5625,51.1175003051758,137463200,48.9342308044434
"2988",49.75,49.9625015258789,48.4474983215332,48.5424995422363,204542000,46.4692115783691
"2989",47.9075012207031,49.2949981689453,47.8624992370605,48.0574989318848,187531600,46.0049324035645
"2990",48.4749984741211,48.6199989318848,46.4824981689453,46.7000007629395,243204000,44.7054023742676
"2991",47.0974998474121,47.9925003051758,46.7249984741211,47.8525009155273,185915200,45.8086853027344
"2992",47.625,48.7425003051758,47.3650016784668,48.3824996948242,147713200,46.3160514831543
"2993",47.5,47.6749992370605,46.247501373291,46.4650001525879,167701200,44.4804382324219
"2994",44.5924987792969,45.3675003051758,43.877498626709,44.2449989318848,271300800,42.3552589416504
"2995",44.9324989318848,45.0675010681152,44.1375007629395,44.1949996948242,124496800,42.3073959350586
"2996",43.7350006103516,44.1500015258789,43.0250015258789,43.0724983215332,94496000,41.2328338623047
"2997",43.560001373291,43.7374992370605,42.564998626709,43.6549987792969,179994000,41.7904624938965
"2998",42.877498626709,43.6925010681152,42.7200012207031,43.560001373291,165549600,41.699520111084
"2999",44.1824989318848,45.3224983215332,43.7324981689453,45.2350006103516,184250000,43.3029823303223
"3000",45.6650009155273,45.7000007629395,44.4249992370605,44.8875007629395,167080000,42.9703216552734
"3001",45.0724983215332,45.0825004577637,44.2574996948242,44.6450004577637,158126000,42.7381782531738
"3002",46.1150016784668,46.2350006103516,45.3025016784668,46.2050018310547,163210000,44.2315559387207
"3003",45.2374992370605,45.5974998474121,44.0675010681152,44.1725006103516,165377200,42.2858619689941
"3004",42.939998626709,43.6949996948242,42.6049995422363,43.6800003051758,172393600,41.8143882751465
"3005",43.372501373291,43.622501373291,42.0750007629395,42.122501373291,169126400,40.3234176635742
"3006",41.25,42.5224990844727,40.8325004577637,42.4000015258789,248104000,40.5890655517578
"3007",42.9150009155273,42.9474983215332,41.75,42.1575012207031,189126800,40.3569183349609
"3008",42.5999984741211,42.9799995422363,42.2550010681152,42.2750015258789,142510800,40.469409942627
"3009",42.622501373291,43.1425018310547,42.3875007629395,42.7374992370605,127594400,40.9121513366699
"3010",42.25,42.2700004577637,41.3199996948242,41.3699989318848,162814800,39.6030616760254
"3011",41.3624992370605,42.0875015258789,40.6824989318848,40.9850006103516,177151600,39.2344932556152
"3012",41.3450012207031,41.8824996948242,41.0974998474121,41.5175018310547,135366000,39.7442474365234
"3013",41.5,41.8624992370605,39.7724990844727,40.2224998474121,196189200,38.504566192627
"3014",40.0999984741211,40.5275001525879,38.8250007629395,39.2075004577637,259092000,37.5329170227051
"3015",39.2150001525879,39.5400009155273,37.4075012207031,37.6824989318848,382978400,36.0730514526367
"3016",37.0374984741211,37.8875007629395,36.6474990844727,36.7075004577637,148676800,35.1396980285645
"3017",37.0750007629395,39.3074989318848,36.6800003051758,39.2924995422363,234330000,37.6142921447754
"3018",38.9599990844727,39.1925010681152,37.5175018310547,39.0374984741211,212468400,37.3701705932617
"3019",39.375,39.6300010681152,38.6375007629395,39.0574989318848,169165600,37.3893241882324
"3020",39.6324996948242,39.8400001525879,39.1199989318848,39.435001373291,140014000,37.7507057189941
"3021",38.7224998474121,39.7125015258789,38.5574989318848,39.4799995422363,148158800,37.7937812805176
"3022",35.9949989318848,36.4300003051758,35.5,35.5475006103516,365248800,34.0292320251465
"3023",36.1324996948242,37.1375007629395,35.9500007629395,37.064998626709,234428400,35.4819259643555
"3024",37.1749992370605,37.2075004577637,36.4749984741211,36.9824981689453,219111200,35.402946472168
"3025",37.3899993896484,37.9550018310547,37.1300010681152,37.6875,164101200,36.0778427124023
"3026",37.8224983215332,38.6324996948242,37.4075012207031,38.3274993896484,180396400,36.690502166748
"3027",38.125,38.4925003051758,37.7150001525879,38.4500007629395,143122800,36.8077697753906
"3028",38.2200012207031,38.4249992370605,37.877498626709,38.0724983215332,108092800,36.4463882446289
"3029",37.7125015258789,37.8175010681152,37.3050003051758,37.5,129756800,35.8983421325684
"3030",37.5675010681152,38.3474998474121,37.5125007629395,38.2675018310547,114843600,36.6330642700195
"3031",38.2700004577637,38.9700012207031,38.25,38.7350006103516,122278800,37.0806007385254
"3032",38.5499992370605,39.4150009155273,38.314998626709,38.9650001525879,119284800,37.3007659912109
"3033",39.375,39.4700012207031,38.9949989318848,39.2050018310547,135004000,37.5305252075195
"3034",39.1025009155273,39.1824989318848,38.1549987792969,38.3250007629395,121576000,36.6881065368652
"3035",38.5374984741211,38.7849998474121,37.9249992370605,38.4799995422363,92522400,36.8364868164062
"3036",38.5275001525879,38.6199989318848,37.935001373291,38.1749992370605,101766000,36.5445137023926
"3037",38.8699989318848,39.5325012207031,38.5800018310547,39.439998626709,134142000,37.7554779052734
"3038",38.9474983215332,39.0825004577637,38.4150009155273,39.0750007629395,104768400,37.4060745239258
"3039",39.0625,39.5325012207031,38.5275001525879,38.6699981689453,166348800,37.018367767334
"3040",40.8125,41.5374984741211,40.0574989318848,41.3125,244439200,39.5480079650879
"3041",41.5275001525879,42.25,41.1399993896484,41.6100006103516,162958400,39.8328094482422
"3042",41.7400016784668,42.2449989318848,41.4824981689453,41.6300010681152,130672400,39.8519515991211
"3043",41.8525009155273,42.9150009155273,41.8199996948242,42.8125,125982000,40.9839477539062
"3044",43.2150001525879,43.7700004577637,43.0875015258789,43.5449981689453,144406400,41.6851539611816
"3045",43.6624984741211,43.8925018310547,43.2125015258789,43.560001373291,112958400,41.699520111084
"3046",43.0999984741211,43.4850006103516,42.5849990844727,42.7350006103516,126966800,40.9097557067871
"3047",42.247501373291,42.6650009155273,42.1049995422363,42.6025009155273,95280000,40.957820892334
"3048",42.7625007629395,42.8025016784668,42.3125,42.3574981689453,83973600,40.7222862243652
"3049",42.5250015258789,42.75,42.4249992370605,42.7224998474121,89134000,41.0731925964355
"3050",42.8474998474121,43.1199989318848,42.4799995422363,42.5449981689453,89960800,40.9025382995605
"3051",42.4275016784668,42.814998626709,42.3450012207031,42.7000007629395,87342800,41.0515594482422
"3052",42.8125,42.9249992370605,42.4375,42.6049995422363,98507200,40.9602317810059
"3053",42.4275016784668,42.8600006103516,42.372501373291,42.7324981689453,75891200,41.0828132629395
"3054",42.7975006103516,43.3300018310547,42.747501373291,43.0074996948242,104457600,41.3471908569336
"3055",42.9500007629395,43.0924987792969,42.5750007629395,42.7649993896484,68998800,41.1140441894531
"3056",42.8950004577637,43.25,42.8450012207031,43.2425003051758,75652800,41.5731201171875
"3057",43.5400009155273,43.9674987792969,43.4874992370605,43.5574989318848,87493600,41.8759574890137
"3058",43.4275016784668,43.8250007629395,43.2924995422363,43.5825004577637,68280800,41.8999900817871
"3059",43.3025016784668,43.75,43.1824989318848,43.7174987792969,111341600,42.0297775268555
"3060",43.5800018310547,43.7275009155273,43.2299995422363,43.2874984741211,112861600,41.6163902282715
"3061",43.5699996948242,43.7874984741211,43.2224998474121,43.7425003051758,103544800,42.0538101196289
"3062",43.9225006103516,44.4375,43.4925003051758,43.9625015258789,109744800,42.2653198242188
"3063",43.9850006103516,44,43.6349983215332,43.8824996948242,78949600,42.1884117126465
"3064",43.6674995422363,43.872501373291,43.4850006103516,43.6300010681152,83241600,41.9456672668457
"3065",43.4674987792969,43.6100006103516,43.0050010681152,43.125,99185600,41.4601554870605
"3066",42.5800018310547,43.2675018310547,42.375,43.2275009155273,95997600,41.5587043762207
"3067",43.872501373291,44.7799987792969,43.8375015258789,44.7249984741211,128044000,42.9983863830566
"3068",45,45.6674995422363,44.8424987792969,45.2275009155273,129870400,43.4814949035645
"3069",45.5625,45.8250007629395,45.2299995422363,45.4275016784668,124130000,43.6737670898438
"3070",45.9749984741211,46.0250015258789,45.6399993896484,45.9324989318848,94318000,44.1592712402344
"3071",46.2125015258789,46.8325004577637,45.935001373291,46.5299987792969,156171600,44.733699798584
"3072",46.4500007629395,47.0974998474121,46.4474983215332,47.0050010681152,104879200,45.1903800964355
"3073",47.0875015258789,47.247501373291,46.4799995422363,46.6324996948242,126585600,44.8322410583496
"3074",46.5574989318848,47.372501373291,46.1824989318848,47.0400009155273,124140800,45.224006652832
"3075",47.5050010681152,49.0825004577637,47.4524993896484,48.7724990844727,204136800,46.8896293640137
"3076",48.8349990844727,49.4225006103516,47.6949996948242,47.7625007629395,169630800,45.918628692627
"3077",47.877498626709,47.9949989318848,46.6500015258789,47.185001373291,175381200,45.3634262084961
"3078",47.9150009155273,48.2200012207031,46.1450004577637,46.6974983215332,199202000,44.8947410583496
"3079",47.1875,47.439998626709,46.6375007629395,47.1175003051758,119393600,45.2985153198242
"3080",47.2374992370605,47.3899993896484,46.8824996948242,47.1800003051758,83121600,45.3586082458496
"3081",47.4575004577637,47.5200004577637,47.1349983215332,47.4874992370605,94256000,45.6542320251465
"3082",47.9099998474121,47.9199981689453,47.0950012207031,47.810001373291,111448000,45.9642906188965
"3083",47.7724990844727,48.6150016784668,47.7625007629395,48.5050010681152,91062800,46.632453918457
"3084",48.3125,49.125,48.2874984741211,48.8375015258789,93087200,46.9521293640137
"3085",48.6974983215332,49.0924987792969,48.2849998474121,48.9225006103516,76457200,47.0338439941406
"3086",49.1124992370605,49.2750015258789,48.9824981689453,49.25,74106400,47.3487014770508
"3087",49.1049995422363,50.0574989318848,49.0849990844727,50.0250015258789,103526800,48.0937728881836
"3088",50.0800018310547,50.7125015258789,49.8074989318848,49.875,143072800,47.9495697021484
"3089",49.6699981689453,50.185001373291,49.5449981689453,50.1549987792969,86781200,48.2187614440918
"3090",50.2125015258789,50.25,49.6100006103516,49.7374992370605,83603200,47.8173828125
"3091",49.7999992370605,50.0349998474121,49.0525016784668,49.7174987792969,111042800,47.7981491088867
"3092",49.6450004577637,49.9625015258789,49.502498626709,49.8074989318848,70146400,47.8846740722656
"3093",49.8650016784668,50.3424987792969,49.6399993896484,49.8125,102785600,47.8894844055176
"3094",49.8849983215332,50.8450012207031,49.6525001525879,50.7825012207031,115627200,48.8220367431641
"3095",50.7799987792969,51.0374984741211,50.6300010681152,50.9650001525879,96783200,48.997486114502
"3096",50.7075004577637,51.2350006103516,50.5849990844727,51.1324996948242,77758000,49.158519744873
"3097",51.1074981689453,51.9375,50.9749984741211,51.8699989318848,93292000,49.8675537109375
"3098",51.8400001525879,52.1199989318848,51.7625007629395,51.7900009155273,70162400,49.7906341552734
"3099",51.7075004577637,51.939998626709,51.2799987792969,51.3199996948242,74172800,49.3387908935547
"3100",51.2249984741211,51.25,50.5299987792969,51.0750007629395,74596400,49.1032524108887
"3101",51.0999984741211,51.4925003051758,50.9650001525879,51.1525001525879,88818800,49.1777610778809
"3102",50.7649993896484,50.8499984741211,49.7775001525879,50.1674995422363,186139600,48.2307815551758
"3103",52.4700012207031,53.8274993896484,52.3074989318848,52.6300010681152,259309200,50.5982131958008
"3104",52.4599990844727,53.1624984741211,52.0325012207031,52.2874984741211,127985200,50.2689323425293
"3105",52.7224998474121,52.9599990844727,52.5574989318848,52.9375,83569600,50.8938446044922
"3106",51.0724983215332,52.2099990844727,50.875,52.1199989318848,129772400,50.1079025268555
"3107",51.4700012207031,51.8549995422363,50.2075004577637,50.7150001525879,155054800,48.7571334838867
"3108",50.4749984741211,51.3349990844727,50.4375,50.7249984741211,105358000,48.7667541503906
"3109",50.0999984741211,50.4199981689453,49.1650009155273,50.1800003051758,139634400,48.2427978515625
"3110",49.3549995422363,49.7125015258789,48.1925010681152,49.2949981689453,164834800,47.5744667053223
"3111",46.9275016784668,47.3699989318848,45.7125015258789,46.4300003051758,229722400,44.8094749450684
"3112",46.6025009155273,47.4249992370605,46.3525009155273,47.1650009155273,146118800,45.5188102722168
"3113",46.5675010681152,47.9375,46.5050010681152,47.7299995422363,106178800,46.0640869140625
"3114",47.4775009155273,48.1175003051758,47.2099990844727,47.5200004577637,132125600,45.8614158630371
"3115",46.7324981689453,47.7249984741211,46.689998626709,47.25,131516400,45.6008415222168
"3116",45.8800010681152,46.0875015258789,45.0699996948242,45.7724990844727,154449200,44.1749114990234
"3117",46.3050003051758,47,46.1749992370605,46.6500015258789,113459200,45.0217895507812
"3118",46.1650009155273,46.4275016784668,45.6375007629395,45.6949996948242,118994400,44.1001167297363
"3119",44.9500007629395,45.1349983215332,44.4524993896484,44.9150009155273,146118800,43.3473434448242
"3120",45.0499992370605,45.5349998474121,44.6549987792969,44.7425003051758,94858800,43.1808662414551
"3121",44.7299995422363,45.1474990844727,44.4775009155273,44.5574989318848,111792800,43.0023193359375
"3122",44.1049995422363,44.8375015258789,44,44.3450012207031,113924800,42.797233581543
"3123",44.4874992370605,44.8074989318848,44.1674995422363,44.5750007629395,84873600,43.0192108154297
"3124",44.0574989318848,44.497501373291,43.747501373291,43.7675018310547,108174400,42.2398986816406
"3125",43.9000015258789,44.4799995422363,42.5675010681152,43.3250007629395,161584400,41.8128356933594
"3126",43.8600006103516,44.9575004577637,43.6300010681152,44.9099998474121,123872000,43.3425102233887
"3127",46.0699996948242,46.247501373291,45.2849998474121,45.6349983215332,119093600,44.0422058105469
"3128",45.7700004577637,46.3675003051758,45.5374984741211,46.3050003051758,90105200,44.6888236999512
"3129",46.627498626709,47.9799995422363,46.4425010681152,47.5374984741211,122737600,45.8783149719238
"3130",47.9524993896484,48.8424987792969,47.9049987792969,48.1450004577637,104883600,46.464599609375
"3131",48.7150001525879,49,48.4000015258789,48.7024993896484,107731600,47.0026321411133
"3132",48.4874992370605,48.9925003051758,48.3474998474121,48.5475006103516,73012800,46.8530578613281
"3133",48.6749992370605,49.1974983215332,48.4000015258789,48.5374984741211,86698400,46.8434028625488
"3134",47.8875007629395,48.3974990844727,47.5750007629395,48.185001373291,75046000,46.5032119750977
"3135",48.2249984741211,48.7400016784668,48.0424995422363,48.4724998474121,58676400,46.7806777954102
"3136",49.0125007629395,50.0724983215332,48.8025016784668,49.6124992370605,106204000,47.8808784484863
"3137",49.9199981689453,49.9700012207031,49.3274993896484,49.4674987792969,84496800,47.7409362792969
"3138",50.0924987792969,50.1525001525879,49.5074996948242,49.8650016784668,86056000,48.1245727539062
"3139",49.7000007629395,50.2125015258789,49.5374984741211,49.6949996948242,191202400,47.9605026245117
"3140",49.6349983215332,50.0400009155273,49.5424995422363,49.6450004577637,72881600,47.9122543334961
"3141",49.6074981689453,49.814998626709,48.8224983215332,48.8925018310547,84281200,47.1860122680664
"3142",49.4425010681152,50.247501373291,49.3375015258789,49.9500007629395,104270000,48.2066116333008
"3143",50.0724983215332,50.3925018310547,49.8925018310547,49.935001373291,83598800,48.1921310424805
"3144",49.6699981689453,49.875,49.2625007629395,49.4799995422363,124442400,47.7530174255371
"3145",50.7924995422363,51.122501373291,50.1624984741211,50.3875007629395,109012000,48.628833770752
"3146",50.3525009155273,50.7825012207031,50.3400001525879,50.6824989318848,67740800,48.9135284423828
"3147",50.8199996948242,51.1100006103516,50.6725006103516,51.1025009155273,45448000,49.3188858032227
"3148",50.8375015258789,51.2700004577637,50.7249984741211,51.0574989318848,69062000,49.2754364013672
"3149",50.2024993896484,50.3499984741211,49.6025009155273,50.0050010681152,101354400,48.2596893310547
"3150",49.7999992370605,50.377498626709,49.7024993896484,50.310001373291,82312000,48.5540390014648
"3151",50.4625015258789,50.9324989318848,50.3899993896484,50.8074989318848,71588400,49.0341758728027
"3152",50.8274993896484,51.0974998474121,50.4275016784668,50.4375,80767200,48.6770896911621
"3153",50.6124992370605,51,50.5499992370605,50.8250007629395,70380800,49.0510635375977
"3154",51.0224990844727,51.4674987792969,51,51.3025016784668,67789600,49.5119018554688
"3155",51.1474990844727,51.5275001525879,50.875,51.125,67467200,49.3405952453613
"3156",51.0125007629395,51.2724990844727,50.8175010681152,50.8375015258789,56430000,49.0631332397461
"3157",51,51.4700012207031,50.9249992370605,51.4150009155273,74162400,49.6204681396484
"3158",51.4474983215332,51.625,50.5900001525879,50.6474990844727,83717200,48.8797607421875
"3159",50.9124984741211,51.8074989318848,50.9025001525879,51.8050003051758,89111600,49.9968605041504
"3160",52.1150016784668,52.2275009155273,51.8224983215332,52.2099990844727,73420800,50.3877258300781
"3161",51.9174995422363,52.2874984741211,51.7924995422363,52.1674995422363,59966400,50.3466987609863
"3162",52.2224998474121,52.310001373291,51.6824989318848,51.7550010681152,55638400,49.9486083984375
"3163",51.8699989318848,52.4324989318848,51.7849998474121,51.935001373291,70475600,50.122314453125
"3164",52.1150016784668,52.6599998474121,52.1100006103516,52.4199981689453,86693600,50.5903854370117
"3165",52.189998626709,52.5400009155273,51.8274993896484,52.1949996948242,135742800,50.3732452392578
"3166",54.1049995422363,55.3424987792969,52.8250007629395,53.2599983215332,277125600,51.4010734558105
"3167",53.4749984741211,54.5074996948242,51.685001373291,52.1074981689453,216071600,50.2888031005859
"3168",51.3824996948242,51.6074981689453,50.4075012207031,51.0050010681152,163448400,49.2247848510742
"3169",49.497501373291,49.6624984741211,48.1450004577637,48.3349990844727,209572000,46.6479797363281
"3170",49.0774993896484,49.5175018310547,48.5099983215332,49.25,143299200,47.5310287475586
"3171",48.8525009155273,49.8899993896484,48.4550018310547,49.7599983215332,133457600,48.0232391357422
"3172",50.0499992370605,50.8824996948242,49.8474998474121,50.8574981689453,108038000,49.0824279785156
"3173",50.3250007629395,50.689998626709,49.8224983215332,50.247501373291,98478800,48.6779708862305
"3174",49.9049987792969,50.5125007629395,49.7874984741211,50.1199989318848,89927600,48.5544509887695
"3175",50.2550010681152,53.0349998474121,50.1199989318848,52.2425003051758,188874000,50.6106567382812
"3176",50.7900009155273,51.6100006103516,50.6474990844727,50.6875,146189600,49.1042289733887
"3177",50.8650016784668,51.2849998474121,49.9174995422363,50.435001373291,108909600,48.8596115112305
"3178",51.0699996948242,51.7900009155273,50.9599990844727,51.625,110481600,50.0124435424805
"3179",52.6549987792969,53.1824989318848,52.5074996948242,52.5875015258789,97654400,50.9448852539062
"3180",52.7200012207031,53.3375015258789,52.5800018310547,52.5900001525879,107537200,50.9472999572754
"3181",53.247501373291,53.4124984741211,52.9000015258789,53.1599998474121,86141600,51.4994964599609
"3182",53.2975006103516,53.6100006103516,52.6875,53.1150016784668,89014800,51.4559020996094
"3183",52.3574981689453,53.0125007629395,50.25,50.6599998474121,187272000,49.077579498291
"3184",51.4650001525879,51.7975006103516,51.2649993896484,51.622501373291,104174400,50.0100212097168
"3185",51.9650001525879,52.1375007629395,50.8824996948242,51.0400009155273,103493200,49.4457130432129
"3186",51.0250015258789,51.4300003051758,50.8300018310547,51.3824996948242,63755200,49.777515411377
"3187",52.125,52.3300018310547,51.6650009155273,52.252498626709,83962000,50.6203460693359
"3188",52.5400009155273,52.6124992370605,51.7999992370605,52.185001373291,84573600,50.5549468994141
"3189",51.6074981689453,51.7449989318848,51.0550003051758,51.4249992370605,80092000,49.8186950683594
"3190",52.0974998474121,52.3699989318848,51.8300018310547,52.2975006103516,76752400,50.6639404296875
"3191",53,53.4925003051758,52.877498626709,53.3199996948242,95654800,51.6544990539551
"3192",53.5125007629395,53.6049995422363,53.127498626709,53.314998626709,77449200,51.6496543884277
"3193",53.7099990844727,54.1100006103516,52.7675018310547,53.5424995422363,109237600,51.8700485229492
"3194",53.4650001525879,54.1949996948242,52.9275016784668,54.1749992370605,127111600,52.4827919006348
"3195",54.5175018310547,55.9275016784668,54.4324989318848,55.8974990844727,177158400,54.1514892578125
"3196",56.2000007629395,56.6049995422363,55.7150001525879,55.7724990844727,128906800,54.0303916931152
"3197",55,55.1974983215332,54.2550010681152,54.6875,159053200,52.9792823791504
"3198",54.4324989318848,55.0325012207031,54.3899993896484,54.9749984741211,84632400,53.2578048706055
"3199",54.9900016784668,55.2050018310547,54.7799987792969,55.1749992370605,73274800,53.4515495300293
"3200",55.2649993896484,55.7125015258789,54.8600006103516,55.6925010681152,101360000,53.9528846740723
"3201",55.502498626709,55.939998626709,55.0924987792969,55.2400016784668,88242400,53.5145149230957
"3202",55.3450012207031,55.6399993896484,54.3675003051758,54.4324989318848,221652400,52.732250213623
"3203",54.7374992370605,54.9599990844727,54.4124984741211,54.6800003051758,76662000,52.9720268249512
"3204",55.2574996948242,55.622501373291,54.2975006103516,54.4199981689453,124763200,52.720142364502
"3205",54.6375007629395,55.375,54.2849998474121,55.2574996948242,87613600,53.5314712524414
"3206",55,55.2350006103516,54.7075004577637,54.9724998474121,75334000,53.2553863525391
"3207",55.1349983215332,55.2400016784668,54.3199996948242,54.7050018310547,101408000,52.9962463378906
"3208",55.2249984741211,56.1450004577637,55.1974983215332,55.9925003051758,103909600,54.2435188293457
"3209",56.2675018310547,57.0550003051758,56.0499992370605,56.1474990844727,139223200,54.3936767578125
"3210",55.7649993896484,55.8950004577637,54.4824981689453,54.7400016784668,138449200,53.0301475524902
"3211",54.6074981689453,55.2400016784668,53.7825012207031,55.2050018310547,114426000,53.4806213378906
"3212",56.4099998474121,56.872501373291,55.9724998474121,56.752498626709,138478800,54.9797821044922
"3213",56.5675010681152,57.4824981689453,56.4599990844727,56.7649993896484,122306000,54.9918899536133
"3214",56.4550018310547,57.0149993896484,56.0825004577637,56.0999984741211,111820000,54.3476524353027
"3215",56.7574996948242,56.9474983215332,56.4099998474121,56.7574996948242,74770400,54.9846305847168
"3216",56.9824981689453,57.6100006103516,56.8250007629395,57.5224990844727,113013600,55.7257308959961
"3217",58.2374992370605,59.4099998474121,58.0774993896484,59.0525016784668,166795600,57.207950592041
"3218",58.7249984741211,59.5325012207031,58.6674995422363,58.9674987792969,96427600,57.125602722168
"3219",59.0974998474121,59.4124984741211,58.7200012207031,58.8300018310547,87360000,56.9923896789551
"3220",58.3424987792969,58.810001373291,58.2999992370605,58.5924987792969,73903200,56.7623062133789
"3221",58.7724990844727,59.0374984741211,58.3800010681152,58.8199996948242,67585200,56.9827041625977
"3222",58.6474990844727,59.3950004577637,58.5724983215332,59.1025009155273,97433600,57.2563705444336
"3223",59.3800010681152,60.247501373291,59.3300018310547,60.127498626709,87247200,58.2493591308594
"3224",60.2900009155273,60.5499992370605,59.9049987792969,59.9900016784668,82293600,58.116153717041
"3225",60.5250015258789,60.810001373291,60.3050003051758,60.7949981689453,75828800,58.8960037231445
"3226",61.127498626709,61.2000007629395,60.4524993896484,60.8950004577637,69275200,58.9928855895996
"3227",60.7900009155273,61.6824989318848,60.7200012207031,61.6450004577637,73477200,59.7194633483887
"3228",61.8549995422363,62.3125,61.6800003051758,62.2625007629395,96572800,60.3176727294922
"3229",62.2425003051758,62.4375,60.6425018310547,60.8224983215332,142839600,58.9226493835449
"3230",61.189998626709,61.3250007629395,60.3025016784668,60.814998626709,124522000,58.9153861999512
"3231",61.810001373291,62.2924995422363,59.314998626709,62.189998626709,139162000,60.2474327087402
"3232",62.3849983215332,63.9824981689453,62.2900009155273,63.9550018310547,151125200,61.9573059082031
"3233",64.3324966430664,64.4625015258789,63.8450012207031,64.375,103272000,62.364185333252
"3234",64.2624969482422,64.5475006103516,64.0800018310547,64.2825012207031,79897600,62.2745895385742
"3235",64.192497253418,64.3724975585938,63.8424987792969,64.3099975585938,75864400,62.3012161254883
"3236",64.6849975585938,65.0875015258789,64.5274963378906,64.8574981689453,94940400,63.0202445983887
"3237",64.6725006103516,65.1100006103516,64.2125015258789,65.0350036621094,69986400,63.1927299499512
"3238",64.5749969482422,65.6175003051758,64.5699996948242,65.5500030517578,81821200,63.6931381225586
"3239",65.3874969482422,65.6975021362305,65.2300033569336,65.4899978637695,87388800,63.6348266601562
"3240",65.2825012207031,66.1949996948242,65.2675018310547,66.1175003051758,102734400,64.2445678710938
"3241",65.9375,66.2200012207031,65.5250015258789,65.6600036621094,89182800,63.8000335693359
"3242",65.9199981689453,66.4449996948242,65.7525024414062,66.4400024414062,100206400,64.5579299926758
"3243",66.4499969482422,66.8574981689453,66.057502746582,66.7750015258789,86703200,64.8834228515625
"3244",66.9749984741211,67,66.3475036621094,66.5725021362305,76167200,64.6866760253906
"3245",66.3850021362305,66.5199966430664,65.0999984741211,65.7975006103516,106234400,63.9336242675781
"3246",65.9225006103516,66.0025024414062,65.2949981689453,65.5025024414062,121395200,63.6469879150391
"3247",65.6474990844727,65.7949981689453,65.2099990844727,65.4449996948242,65325200,63.5911178588867
"3248",65.6774978637695,66.6100006103516,65.629997253418,66.5924987792969,84020400,64.7060928344727
"3249",66.7350006103516,66.7900009155273,65.625,66.0725021362305,105207600,64.2008285522461
"3250",66.3949966430664,66.995002746582,66.3274993896484,66.9599990844727,65235600,65.0631866455078
"3251",66.6500015258789,67,66.4749984741211,66.8125,46617600,64.9198684692383
"3252",66.817497253418,67.0625,65.8625030517578,66.0400009155273,94487200,64.1692504882812
"3253",64.5774993896484,64.8824996948242,64.0725021362305,64.8625030517578,114430400,63.0251159667969
"3254",65.2675018310547,65.8274993896484,65.1699981689453,65.4349975585938,67181600,63.5813980102539
"3255",65.9475021362305,66.4725036621094,65.682502746582,66.3949966430664,74424400,64.5142059326172
"3256",66.870002746582,67.75,66.8249969482422,67.6774978637695,106075600,65.760368347168
"3257",67.5,67.6999969482422,66.2275009155273,66.7300033569336,128042400,64.8397216796875
"3258",67.1500015258789,67.5175018310547,66.4649963378906,67.120002746582,90420400,65.2186431884766
"3259",67.2024993896484,67.7750015258789,67.125,67.692497253418,78756800,65.7749481201172
"3260",66.9449996948242,68.1399993896484,66.8300018310547,67.8649978637695,137310400,65.9425277709961
"3261",67.8649978637695,68.8249969482422,67.7324981689453,68.7874984741211,133587600,66.8389282226562
"3262",69.25,70.1975021362305,69.245002746582,69.9649963378906,128186000,67.9830856323242
"3263",69.8925018310547,70.442497253418,69.6999969482422,70.1025009155273,114158400,68.1166763305664
"3264",69.9499969482422,70.4749984741211,69.7799987792969,69.9349975585938,116028400,67.9539108276367
"3265",69.875,70.2949981689453,69.7375030517578,70.004997253418,98369200,68.0219192504883
"3266",70.557502746582,70.6624984741211,69.6399993896484,69.8600006103516,275978000,67.8810272216797
"3267",70.1324996948242,71.0625,70.0924987792969,71,98572000,68.9887390136719
"3268",71.1725006103516,71.2225036621094,70.7300033569336,71.067497253418,48478800,69.0543365478516
"3269",71.2050018310547,72.495002746582,71.1750030517578,72.4775009155273,93121200,70.4243927001953
"3270",72.7799987792969,73.4925003051758,72.0299987792969,72.4499969482422,146266000,70.3976745605469
"3271",72.3649978637695,73.1725006103516,71.3050003051758,72.879997253418,144114400,70.8155059814453
"3272",72.4824981689453,73.4199981689453,72.379997253418,73.4124984741211,100805600,71.3329010009766
"3273",74.0599975585938,75.1500015258789,73.7975006103516,75.0875015258789,135480400,72.9604415893555
"3274",74.2874984741211,75.1449966430664,74.125,74.3574981689453,146322800,72.2511444091797
"3275",73.4475021362305,74.9899978637695,73.1875,74.9499969482422,118387200,72.8268508911133
"3276",74.9599990844727,75.2249984741211,74.370002746582,74.5975036621094,108872000,72.4843215942383
"3277",74.2900009155273,76.1100006103516,74.2900009155273,75.7975006103516,132079200,73.6503448486328
"3278",76.8099975585938,77.6074981689453,76.5500030517578,77.4075012207031,170108400,75.214729309082
"3279",77.6500015258789,78.1675033569336,77.0625,77.5824966430664,140644800,75.3847885131836
"3280",77.9100036621094,79.2675018310547,77.7874984741211,79.2399978637695,121532000,76.9953155517578
"3281",79.1750030517578,79.3925018310547,78.0425033569336,78.1699981689453,161954400,75.9556427001953
"3282",77.9625015258789,78.875,77.3874969482422,77.8349990844727,121923600,75.6301345825195
"3283",78.3974990844727,78.9250030517578,78.0224990844727,78.8099975585938,108829200,76.577507019043
"3284",79.067497253418,79.6849975585938,78.75,79.682502746582,137816400,77.42529296875
"3285",79.2975006103516,79.754997253418,79,79.1425018310547,110843200,76.9006042480469
"3286",79.6449966430664,79.9974975585938,79.3274993896484,79.4250030517578,101832400,77.1750869750977
"3287",79.4800033569336,79.8899993896484,78.9124984741211,79.807502746582,104472000,77.546760559082
"3288",80.0625,80.8324966430664,79.379997253418,79.5774993896484,146537600,77.3232955932617
"3289",77.5149993896484,77.942497253418,76.2200012207031,77.2375030517578,161940000,75.0495758056641
"3290",78.1500015258789,79.5999984741211,78.0475006103516,79.4225006103516,162234000,77.1726608276367
"3291",81.1125030517578,81.9625015258789,80.3450012207031,81.0849990844727,216229200,78.7880706787109
"3292",80.1350021362305,81.0224990844727,79.6875,80.9674987792969,126743200,78.6738891601562
"3293",80.2324981689453,80.6699981689453,77.0725021362305,77.3775024414062,199588400,75.1856002807617
"3294",76.0749969482422,78.3724975585938,75.5550003051758,77.1650009155273,173788400,74.9791259765625
"3295",78.8274993896484,79.9100036621094,78.4075012207031,79.7125015258789,136616400,77.4544448852539
"3296",80.879997253418,81.1900024414062,79.7375030517578,80.3625030517578,118826800,78.0860366821289
"3297",80.6425018310547,81.3050003051758,80.0650024414062,81.3024978637695,105425600,78.9994277954102
"3298",80.5924987792969,80.8499984741211,79.5,80.0074996948242,117684000,77.9255828857422
"3299",78.5449981689453,80.3874969482422,78.4625015258789,80.3874969482422,109348800,78.2957077026367
"3300",80.9000015258789,80.9749984741211,79.6774978637695,79.9024963378906,94323200,77.8233337402344
"3301",80.3675003051758,81.8050003051758,80.3675003051758,81.8000030517578,113730400,79.6714553833008
"3302",81.0475006103516,81.5550003051758,80.8375015258789,81.2174987792969,94747600,79.104118347168
"3303",81.1849975585938,81.495002746582,80.7125015258789,81.2375030517578,80113600,79.1235809326172
"3304",78.8399963378906,79.9375,78.6524963378906,79.75,152531200,77.6747894287109
"3305",80,81.1425018310547,80,80.9049987792969,93984000,78.7997360229492
"3306",80.6575012207031,81.1624984741211,79.5524978637695,80.0749969482422,100566000,77.991340637207
"3307",79.6549987792969,80.1125030517578,77.625,78.2624969482422,129554000,76.2259979248047
"3308",74.3150024414062,76.0449981689453,72.307502746582,74.5449981689453,222195200,72.6052398681641
"3309",75.2375030517578,75.6324996948242,71.5325012207031,72.0199966430664,230673600,70.1459503173828
"3310",71.6324996948242,74.4700012207031,71.625,73.1624984741211,198054800,71.2587127685547
"3311",70.2750015258789,71.5,68.2399978637695,68.379997253418,320605600,66.6006546020508
"3312",64.3150024414062,69.6025009155273,64.0924987792969,68.3399963378906,426510000,66.5616912841797
"3313",70.5699996948242,75.3600006103516,69.4300003051758,74.7024993896484,341397200,72.7586441040039
"3314",75.9175033569336,76,71.4499969482422,72.3300018310547,319475600,70.447868347168
"3315",74.1100006103516,75.8499984741211,73.2825012207031,75.6849975585938,219178400,73.715576171875
"3316",73.879997253418,74.8874969482422,72.8525009155273,73.2300033569336,187572800,71.3244552612305
"3317",70.5,72.7050018310547,70.307502746582,72.2574996948242,226176800,70.3772583007812
"3318",65.9375,69.5224990844727,65.75,66.5425033569336,286744800,64.8109817504883
"3319",69.2850036621094,71.6100006103516,67.3424987792969,71.3349990844727,285290000,69.4787750244141
"3320",69.3475036621094,70.3050003051758,67.9649963378906,68.8574981689453,255598800,67.0657272338867
"3321",63.9850006103516,67.5,62,62.0574989318848,418474000,60.442684173584
"3322",66.2225036621094,69.9800033569336,63.2374992370605,69.4925003051758,370732000,67.6842193603516
"3323",60.4874992370605,64.7699966430664,60,60.5525016784668,322423600,58.9768371582031
"3324",61.877498626709,64.4024963378906,59.5999984741211,63.2150001525879,324056000,61.5700607299805
"3325",59.9425010681152,62.5,59.2799987792969,61.6674995422363,300233600,60.0628204345703
"3326",61.8474998474121,63.2099990844727,60.6525001525879,61.1949996948242,271857200,59.6026153564453
"3327",61.7949981689453,62.9575004577637,57,57.310001373291,401693200,55.8187065124512
"3328",57.0200004577637,57.125,53.1525001525879,56.0924987792969,336752800,54.6328926086426
"3329",59.0900001525879,61.9225006103516,58.5750007629395,61.7200012207031,287531200,60.1139640808105
"3330",62.6875,64.5625,61.0750007629395,61.3800010681152,303602000,59.7828102111816
"3331",61.6300010681152,64.6699981689453,61.5900001525879,64.6100006103516,252087200,62.9287605285645
"3332",63.1875,63.9674987792969,61.7625007629395,61.935001373291,204216800,60.3233642578125
"3333",62.685001373291,63.8800010681152,62.3499984741211,63.7024993896484,167976400,62.0448684692383
"3334",63.9000015258789,65.6224975585938,63,63.5724983215332,197002000,61.9182586669922
"3335",61.625,62.1800003051758,59.7825012207031,60.2275009155273,176218400,58.6603050231934
"3336",60.0849990844727,61.2874984741211,59.2249984741211,61.2324981689453,165934000,59.6391563415527
"3337",60.7000007629395,61.4249992370605,59.7425003051758,60.3525009155273,129880000,58.782039642334
"3338",62.7249984741211,65.7774963378906,62.3450012207031,65.6175003051758,201820400,63.9100341796875
"3339",67.6999969482422,67.9250030517578,64.75,64.8574981689453,202887200,63.169807434082
"3340",65.6849975585938,66.8424987792969,65.307502746582,66.5175018310547,168895200,64.7866287231445
"3341",67.1750030517578,67.5175018310547,66.1750030517578,66.9974975585938,161834800,65.2541198730469
"3342",67.0774993896484,68.4250030517578,66.4574966430664,68.3125,131022800,66.5349044799805
"3343",70,72.0625,69.5124969482422,71.7624969482422,194994800,69.8951416015625
"3344",70.5999984741211,71.5824966430664,70.1575012207031,71.1074981689453,131154400,69.2571640014648
"3345",71.8450012207031,72.0500030517578,70.5875015258789,71.6725006103516,157125200,69.8074798583984
"3346",71.1725006103516,71.7375030517578,69.2149963378906,70.6999969482422,215250000,68.8602905273438
"3347",69.4875030517578,70.4199981689453,69.2125015258789,69.2324981689453,130015200,67.4309768676758
"3348",69.0699996948242,69.3125,66.3574981689453,67.0924987792969,180991600,65.3466873168945
"3349",68.4024963378906,69.4749984741211,68.0500030517578,69.0250015258789,116862400,67.228874206543
"3350",68.9674987792969,70.4375,68.7174987792969,68.7574996948242,124814400,66.9683380126953
"3351",69.3000030517578,70.7525024414062,69.25,70.7425003051758,126161200,68.9016876220703
"3352",70.4499969482422,71.1350021362305,69.9875030517578,70.7925033569336,117087600,68.9503784179688
"3353",71.2699966430664,71.4574966430664,69.5500030517578,69.6449966430664,112004800,67.8327407836914
"3354",71.182502746582,72.4175033569336,70.9725036621094,71.932502746582,137280800,70.0607070922852
"3355",72.4899978637695,73.6324996948242,72.0875015258789,73.4499969482422,183064000,71.5387268066406
"3356",71.5625,74.75,71.4625015258789,72.2675018310547,240616800,70.3870010375977
"3357",72.2925033569336,73.4225006103516,71.5800018310547,73.2900009155273,133568000,71.3828735351562
"3358",73.7649993896484,75.25,73.6149978637695,74.3899993896484,147751200,72.4542541503906
"3359",75.1149978637695,75.8099975585938,74.7174987792969,75.1575012207031,142333600,73.2017974853516
"3360",75.8050003051758,76.2925033569336,75.4925003051758,75.9349975585938,115215200,73.9590682983398
"3361",76.4100036621094,77.5875015258789,76.0725021362305,77.5325012207031,133838400,75.7194137573242
"3362",77.0250015258789,79.2624969482422,76.8099975585938,78.7525024414062,145946400,76.9108810424805
"3363",79.4574966430664,79.9225006103516,77.7275009155273,77.8525009155273,162301200,76.0319137573242
"3364",78.0374984741211,78.9875030517578,75.8024978637695,76.9124984741211,200622400,75.113899230957
"3365",76.1275024414062,77.4475021362305,75.3824996948242,77.3850021362305,158929200,75.5753555297852
"3366",75.0875015258789,76.9749984741211,75.0524978637695,76.9274978637695,166348400,75.1285858154297
"3367",78.2925033569336,79.125,77.5800018310547,78.7399978637695,135178400,76.8986663818359
"3368",78.7574996948242,79.629997253418,78.2525024414062,78.2850036621094,101729600,76.4543151855469
"3369",79.1699981689453,79.879997253418,79.129997253418,79.807502746582,111504800,77.9412078857422
"3370",79.6650009155273,80.2225036621094,78.9674987792969,79.2125015258789,102688800,77.3601303100586
"3371",78.942497253418,79.807502746582,78.8375015258789,79.7225036621094,81803200,77.8582000732422
"3372",80.875,81.0599975585938,79.125,79.182502746582,125522000,77.3308258056641
"3373",79.0350036621094,79.6774978637695,78.2724990844727,79.5274963378906,112945200,77.6677627563477
"3374",79.192497253418,80.8600006103516,78.9075012207031,79.5625,133560800,77.7019348144531
"3375",79.8125,80.2874984741211,79.1175003051758,79.4850006103516,153532400,77.6262664794922
"3376",79.4375,80.5875015258789,79.3024978637695,80.4625015258789,80791200,78.5809097290039
"3377",80.1875,80.8600006103516,79.7324981689453,80.8349990844727,87642800,78.944694519043
"3378",81.1650009155273,81.5500030517578,80.5749969482422,81.2799987792969,104491200,79.3792877197266
"3379",81.0975036621094,81.4049987792969,80.1949996948242,80.5800018310547,87560400,78.6956634521484
"3380",80.8375015258789,82.9375,80.807502746582,82.875,137250400,80.9369888305664
"3381",82.5625,83.4000015258789,81.8300018310547,83.3649978637695,95654400,81.41552734375
"3382",83.0350036621094,86.4024963378906,83.0025024414062,85.9974975585938,147712400,83.9864349365234
"3383",86.9749984741211,88.692497253418,86.5224990844727,88.2099990844727,166651600,86.1472244262695
"3384",87.3274993896484,87.7649993896484,83.870002746582,83.9749984741211,201662400,82.0112533569336
"3385",86.1800003051758,86.9499969482422,83.5550003051758,84.6999969482422,200146000,82.7192993164062
"3386",83.3125,86.4199981689453,83.1449966430664,85.7474975585938,138808800,83.7423095703125
"3387",87.8649978637695,88.3000030517578,86.1800003051758,88.0199966430664,165428800,85.9616775512695
"3388",88.7874984741211,88.8499984741211,87.7724990844727,87.8974990844727,114406400,85.8420257568359
"3389",87.8525009155273,88.3625030517578,87.3050003051758,87.932502746582,96820400,85.8762130737305
"3390",88.6600036621094,89.1399993896484,86.2874984741211,87.4300003051758,264476000,85.3854598999023
"3391",87.8349990844727,89.8649978637695,87.7874984741211,89.7174987792969,135445200,87.6194686889648
"3392",91,93.0950012207031,90.567497253418,91.6324996948242,212155600,89.4896926879883
"3393",91.25,92.1975021362305,89.629997253418,90.0149993896484,192623200,87.9100189208984
"3394",90.1750030517578,91.25,89.3925018310547,91.2099990844727,137522400,89.0770797729492
"3395",91.1025009155273,91.3300018310547,88.254997253418,88.4075012207031,205256800,86.3401031494141
"3396",88.3125,90.5425033569336,87.8199996948242,90.4449996948242,130646000,88.3299560546875
"3397",90.0199966430664,91.495002746582,90,91.1999969482422,140223200,89.0673065185547
"3398",91.2799987792969,91.8399963378906,90.9775009155273,91.0274963378906,110737200,88.8988265991211
"3399",91.9625015258789,92.6175003051758,90.9100036621094,91.0274963378906,114041600,88.8988265991211
"3400",92.5,93.9449996948242,92.4674987792969,93.4625015258789,118655600,91.2768936157227
"3401",93.8525009155273,94.6549987792969,93.057502746582,93.1725006103516,112424400,90.9936676025391
"3402",94.1800003051758,95.375,94.0899963378906,95.3424987792969,117092000,93.1129302978516
"3403",96.2624969482422,96.317497253418,94.6725006103516,95.7525024414062,125642800,93.5133514404297
"3404",95.3349990844727,95.9800033569336,94.7050018310547,95.9199981689453,90257200,93.6769180297852
"3405",97.2649993896484,99.9550018310547,95.2574996948242,95.4775009155273,191649200,93.2447814941406
"3406",94.8399963378906,97.254997253418,93.8775024414062,97.057502746582,170989200,94.7878265380859
"3407",98.9899978637695,99.2474975585938,96.4899978637695,97.7249984741211,153198000,95.4397125244141
"3408",96.5625,97.4049987792969,95.9049987792969,96.5224990844727,110577600,94.2653274536133
"3409",96.9875030517578,97.1474990844727,95.8399963378906,96.3274993896484,92186800,94.0748901367188
"3410",96.4175033569336,98.5,96.0625,98.3574981689453,90318000,96.0574111938477
"3411",99.1725006103516,99.25,96.7425003051758,97,103433200,94.7316589355469
"3412",96.692497253418,97.9749984741211,96.6025009155273,97.2724990844727,89001600,94.997802734375
"3413",96.9974975585938,97.0774993896484,92.0100021362305,92.8450012207031,197004400,90.6738433837891
"3414",90.9875030517578,92.9700012207031,89.1449966430664,92.6149978637695,185438800,90.4492034912109
"3415",93.7099990844727,94.9049987792969,93.4800033569336,94.8099975585938,121214000,92.592887878418
"3416",94.3675003051758,94.5500030517578,93.2474975585938,93.2525024414062,103625600,91.0718078613281
"3417",93.75,95.2300033569336,93.7125015258789,95.0400009155273,90329200,92.817497253418
"3418",94.1875,96.2975006103516,93.7675018310547,96.1900024414062,158130000,93.9406204223633
"3419",102.88500213623,106.415000915527,100.824996948242,106.26000213623,374336800,103.775123596191
"3420",108.199996948242,111.637496948242,107.892501831055,108.9375,308151200,106.390007019043
"3421",109.132499694824,110.790000915527,108.387496948242,109.665000915527,173071600,107.100486755371
"3422",109.377502441406,110.392501831055,108.897499084473,110.0625,121776800,107.488700866699
"3423",110.404998779297,114.412498474121,109.797500610352,113.902496337891,202428800,111.238906860352
"3424",113.205001831055,113.675003051758,110.292503356934,111.112503051758,198045600,108.709808349609
"3425",112.599998474121,113.775001525879,110,112.727500915527,212403600,110.289878845215
"3426",111.970001220703,112.482498168945,109.107498168945,109.375,187902400,107.009872436523
"3427",110.497497558594,113.275001525879,110.297500610352,113.01000213623,165598000,110.566284179688
"3428",114.430000305176,116.042503356934,113.92749786377,115.01000213623,210082000,112.52303314209
"3429",114.830001831055,115,113.044998168945,114.907501220703,165565200,112.422744750977
"3430",116.0625,116.087501525879,113.962501525879,114.607498168945,119561600,112.12922668457
"3431",114.352500915527,116,114.007499694824,115.5625,105633600,113.063583374023
"3432",115.982498168945,117.162498474121,115.610000610352,115.707496643066,145538000,113.205436706543
"3433",115.75,118.392501831055,115.732498168945,118.275001525879,126907200,115.717430114746
"3434",119.262496948242,124.867500305176,119.25,124.370002746582,338054800,121.680625915527
"3435",128.697494506836,128.785003662109,123.9375,125.857498168945,345937600,123.135940551758
"3436",124.69750213623,125.180000305176,123.05249786377,124.824996948242,211495600,122.125778198242
"3437",126.180000305176,126.992500305176,125.082496643066,126.522499084473,163022400,123.786575317383
"3438",127.142501831055,127.485000610352,123.832496643066,125.01000213623,155552400,122.306777954102
"3439",126.012496948242,126.442497253418,124.577499389648,124.807502746582,187630000,122.108657836914
"3440",127.580001831055,131,126,129.039993286133,225702700,126.249626159668
"3441",132.759994506836,134.800003051758,130.529998779297,134.179992675781,151948100,131.27848815918
"3442",137.589996337891,137.979995727539,127,131.399993896484,200119000,128.55859375
"3443",126.910003662109,128.839996337891,120.5,120.879997253418,257599600,118.266090393066
"3444",120.069999694824,123.699996948242,110.889999389648,120.959999084473,332607200,118.344360351562
"3445",113.949996948242,118.98999786377,112.680000305176,112.819999694824,231366600,110.380386352539
"3446",117.26000213623,119.139999389648,115.26000213623,117.319999694824,176940500,114.783081054688
"3447",120.360000610352,120.5,112.5,113.48999786377,182274400,111.035873413086
"3448",114.569999694824,115.230003356934,110,112,180860300,109.578109741211
"3449",114.720001220703,115.930000305176,112.800003051758,115.360000610352,140150100,112.865463256836
"3450",118.330001831055,118.830001831055,113.610000610352,115.540000915527,184642000,113.04158782959
"3451",115.230003356934,116,112.040000915527,112.129997253418,154679000,109.705299377441
"3452",109.720001220703,112.199996948242,108.709999084473,110.339996337891,178011000,107.954002380371
"3453",110.400001525879,110.879997253418,106.089996337891,106.839996337891,287104900,104.529693603516
"3454",104.540000915527,110.190002441406,103.099998474121,110.080001831055,195713800,107.69962310791
"3455",112.680000305176,112.860000610352,109.160003662109,111.809997558594,183055400,109.392204284668
"3456",111.620002746582,112.110000610352,106.769996643066,107.120002746582,150718700,104.803649902344
"3457",105.169998168945,110.25,105,108.220001220703,167743300,105.879844665527
"3458",108.430000305176,112.440002441406,107.669998168945,112.279998779297,149981400,109.85205078125
"3459",115.01000213623,115.319999694824,112.779998779297,114.959999084473,137672400,112.474113464355
"3460",114.550003051758,115.309997558594,113.569999694824,114.089996337891,99382200,111.622901916504
"3461",113.790000915527,117.26000213623,113.620002746582,115.809997558594,142675200,113.305725097656
"3462",117.639999389648,117.720001220703,115.830001831055,116.790000915527,116120400,114.264526367188
"3463",112.889999389648,115.370002746582,112.220001220703,113.019996643066,144712000,110.576049804688
"3464",113.910003662109,116.650001525879,113.550003051758,116.5,106243800,113.980804443359
"3465",115.699996948242,116.120002746582,112.25,113.160003662109,161498200,110.713027954102
"3466",114.620002746582,115.550003051758,114.129997253418,115.080001831055,96849000,112.591506958008
"3467",116.25,116.400001525879,114.589996337891,114.970001220703,83477200,112.483894348145
"3468",115.279998779297,117,114.919998168945,116.970001220703,100506900,114.440635681152
"3469",120.059997558594,125.180000305176,119.279998779297,124.400001525879,240226800,121.709976196289
"3470",125.269996643066,125.389999389648,119.650001525879,121.099998474121,262330500,118.481338500977
"3471",121,123.029998779297,119.620002746582,121.190002441406,150712000,118.569396972656
"3472",118.720001220703,121.199996948242,118.150001525879,120.709999084473,112559200,118.099761962891
"3473",121.279998779297,121.550003051758,118.809997558594,119.019996643066,115393800,116.446304321289
"3474",119.959999084473,120.419998168945,115.660003662109,115.980003356934,120639300,113.472053527832
"3475",116.199996948242,118.980003356934,115.629997253418,117.51000213623,124423700,114.968971252441
"3476",116.669998168945,118.709999084473,116.449996948242,116.870002746582,89946000,114.342803955078
"3477",117.449996948242,118.040000915527,114.589996337891,115.75,101988000,113.247032165527
"3478",116.389999389648,116.550003051758,114.279998779297,115.040000915527,82572600,112.552368164062
"3479",114.01000213623,116.550003051758,112.879997253418,115.050003051758,111850700,112.562149047852
"3480",115.48999786377,117.279998779297,114.540000915527,116.599998474121,92276800,114.078643798828
"3481",115.050003051758,115.430000305176,111.099998474121,111.199996948242,143937800,108.795402526855
"3482",112.370002746582,116.930000305176,112.199996948242,115.319999694824,146129200,112.826324462891
"3483",111.059997558594,111.98999786377,107.720001220703,108.860000610352,190272600,106.506004333496
"3484",109.110000610352,110.680000305176,107.319999694824,108.769996643066,122866900,106.417945861816
"3485",109.660003662109,111.48999786377,108.730003356934,110.440002441406,107624400,108.051849365234
"3486",114.139999389648,115.589996337891,112.349998474121,114.949996948242,138235500,112.464324951172
"3487",117.949996948242,119.620002746582,116.870002746582,119.029998779297,126387100,116.456062316895
"3488",118.319999694824,119.199996948242,116.129997253418,118.690002441406,114457900,116.323822021484
"3489",120.5,121.98999786377,116.050003051758,116.319999694824,154515300,114.001029968262
"3490",115.550003051758,117.589996337891,114.129997253418,115.970001220703,138023400,113.658020019531
"3491",117.190002441406,119.629997253418,116.440002441406,119.48999786377,112295000,117.107833862305
"3492",119.620002746582,120.529998779297,118.569999694824,119.209999084473,103162300,116.83341217041
"3493",119.440002441406,119.669998168945,117.870002746582,119.26000213623,81581900,116.882423400879
"3494",118.919998168945,120.98999786377,118.150001525879,120.300003051758,91183000,117.901695251465
"3495",119.550003051758,120.669998168945,118.959999084473,119.389999389648,74271000,117.009826660156
"3496",118.610000610352,119.819999694824,118,118.029998779297,76322100,115.676933288574
"3497",117.589996337891,119.059997558594,116.809997558594,118.639999389648,74113000,116.274780273438
"3498",118.639999389648,118.769996643066,117.290000915527,117.339996337891,73604300,115.000709533691
"3499",117.180000305176,117.620002746582,113.75,113.849998474121,127959300,111.580268859863
"3500",113.910003662109,115.849998474121,112.589996337891,115.169998168945,113874200,112.873954772949
"3501",115.550003051758,116.75,115.169998168945,116.029998779297,76499200,113.716804504395
"3502",116.569999694824,117.48999786377,116.220001220703,116.589996337891,46691300,114.265647888184
"3503",116.970001220703,120.970001220703,116.809997558594,119.050003051758,169410200,116.676620483398
"3504",121.01000213623,123.470001220703,120.01000213623,122.720001220703,127728200,120.273452758789
"3505",122.019996643066,123.370002746582,120.889999389648,123.080001831055,89004200,120.626281738281
"3506",123.519996643066,123.779998779297,122.209999084473,122.940002441406,78967600,120.489059448242
"3507",122.599998474121,122.860000610352,121.519996643066,122.25,78260400,119.812828063965
"3508",122.309997558594,124.569999694824,122.25,123.75,86712000,121.282913208008
"3509",124.370002746582,124.980003356934,123.089996337891,124.379997253418,82225500,121.900344848633
"3510",124.529998779297,125.949996948242,121,121.779998779297,115089200,119.352188110352
"3511",120.5,123.870002746582,120.150001525879,123.23999786377,81312200,120.783073425293
"3512",122.430000305176,122.76000213623,120.550003051758,122.410003662109,86939800,119.969619750977
"3513",122.599998474121,123.349998474121,121.540000915527,121.779998779297,79184500,119.352188110352
"3514",124.339996337891,127.900001525879,124.129997253418,127.879997253418,157243700,125.33056640625
"3515",127.410003662109,128.369995117188,126.559997558594,127.809997558594,98208600,125.261978149414
"3516",128.899993896484,129.580001831055,128.039993286133,128.699996948242,94359800,126.134246826172
"3517",128.960006713867,129.100006103516,126.120002746582,126.660003662109,192541500,124.134902954102
"3518",125.019996643066,128.309997558594,123.449996948242,128.229995727539,121251600,125.673599243164
"3519",131.610000610352,134.410003662109,129.649993896484,131.880004882812,168904800,129.250839233398
"3520",132.160003662109,132.429992675781,130.779998779297,130.960006713867,88223700,128.349166870117
"3521",131.320007324219,133.460006713867,131.100006103516,131.970001220703,54930100,129.339050292969
"3522",133.990005493164,137.339996337891,133.509994506836,136.690002441406,124486200,133.964935302734
"3523",138.050003051758,138.789993286133,134.339996337891,134.869995117188,121047300,132.181228637695
"3524",135.580001831055,135.990005493164,133.399993896484,133.720001220703,96452100,131.054138183594
"3525",134.080001831055,134.740005493164,131.720001220703,132.690002441406,99116600,130.044708251953
"3526",133.520004272461,133.610000610352,126.76000213623,129.410003662109,143301900,126.830070495605
"3527",128.889999389648,131.740005493164,128.429992675781,131.009994506836,97664900,128.398178100586
"3528",127.720001220703,131.050003051758,126.379997253418,126.599998474121,155088000,124.076080322266
"3529",128.360000610352,131.630004882812,127.860000610352,130.919998168945,109578200,128.309982299805
"3530",132.429992675781,132.630004882812,130.229995727539,132.050003051758,105158200,129.417465209961
"3531",129.190002441406,130.169998168945,128.5,128.979995727539,100384500,126.408630371094
"3532",128.5,129.690002441406,126.860000610352,128.800003051758,91951100,126.232246398926
"3533",128.759994506836,131.449996948242,128.490005493164,130.889999389648,88636800,128.280548095703
"3534",130.800003051758,131,128.759994506836,128.910003662109,90221800,126.340026855469
"3535",128.779998779297,130.220001220703,127,127.139999389648,111598500,124.605323791504
"3536",127.779998779297,128.710006713867,126.940002441406,127.830001831055,90757300,125.28157043457
"3537",128.660003662109,132.490005493164,128.550003051758,132.029998779297,104319500,129.397842407227
"3538",133.800003051758,139.669998168945,133.589996337891,136.869995117188,120150900,134.141326904297
"3539",136.279998779297,139.850006103516,135.020004272461,139.070007324219,114459400,136.297515869141
"3540",143.070007324219,145.089996337891,136.539993286133,142.919998168945,157611700,140.070709228516
"3541",143.600006103516,144.300003051758,141.369995117188,143.160003662109,98390600,140.305969238281
"3542",143.429992675781,144.300003051758,140.410003662109,142.059997558594,140843800,139.227874755859
"3543",139.520004272461,141.990005493164,136.699996948242,137.089996337891,142621100,134.356964111328
"3544",135.830001831055,136.740005493164,130.210006713867,131.960006713867,177523800,129.329254150391
"3545",133.75,135.380004882812,130.929992675781,134.139999389648,106239800,131.465805053711
"3546",135.729995727539,136.309997558594,134.610000610352,134.990005493164,83305400,132.298828125
"3547",135.759994506836,135.770004272461,133.610000610352,133.940002441406,89880900,131.269744873047
"3548",136.300003051758,137.399993896484,134.589996337891,137.389999389648,84183100,134.651000976562
"3549",137.350006103516,137.419998168945,135.860000610352,136.759994506836,75693800,134.233840942383
"3550",136.029998779297,136.960006713867,134.919998168945,136.910003662109,71297200,134.38102722168
"3551",136.619995117188,137.880004882812,135.850006103516,136.009994506836,76774200,133.497650146484
"3552",136.479995727539,136.990005493164,134.399993896484,135.389999389648,73046600,132.889144897461
"3553",135.899993896484,136.389999389648,133.770004272461,135.130004882812,64280000,132.633926391602
"3554",134.350006103516,135.529998779297,133.690002441406,135.369995117188,60145100,132.869491577148
"3555",135.490005493164,136.009994506836,132.789993286133,133.190002441406,80576300,130.729797363281
"3556",131.25,132.220001220703,129.470001220703,130.839996337891,97918500,128.42317199707
"3557",129.199996948242,130,127.410003662109,129.710006713867,96856700,127.314056396484
"3558",130.240005493164,130.710006713867,128.800003051758,129.869995117188,87668800,127.471115112305
"3559",128.009994506836,129.720001220703,125.599998474121,126,103916400,123.672584533691
"3560",123.76000213623,126.709999084473,118.389999389648,125.860000610352,158273000,123.53515625
"3561",124.940002441406,125.559997558594,122.230003356934,125.349998474121,111039900,123.034591674805
"3562",124.680000305176,126.459999084473,120.540000915527,120.98999786377,148199500,118.755126953125
"3563",122.589996337891,124.849998474121,121.199996948242,121.26000213623,164560400,119.020141601562
"3564",123.75,127.930000305176,122.790000915527,127.790000915527,116307900,125.42951965332
"3565",128.410003662109,128.720001220703,125.01000213623,125.120002746582,102260900,122.808853149414
"3566",124.809997558594,125.709999084473,121.839996337891,122.059997558594,112966300,119.805358886719
"3567",121.75,123.599998474121,118.620002746582,120.129997253418,178155000,117.911010742188
"3568",120.980003356934,121.940002441406,117.569999694824,121.419998168945,153766600,119.177177429199
"3569",120.930000305176,121,116.209999084473,116.360000610352,154376600,114.210647583008
"3570",119.029998779297,122.059997558594,118.790000915527,121.089996337891,129525800,118.853294372559
"3571",121.690002441406,122.169998168945,119.449996948242,119.980003356934,111943300,117.763793945312
"3572",122.540000915527,123.209999084473,121.26000213623,121.959999084473,103026500,119.707221984863
"3573",120.400001525879,121.169998168945,119.160003662109,121.029998779297,88105100,118.794372558594
"3574",121.410003662109,124,120.419998168945,123.98999786377,92403800,121.69970703125
"3575",125.699996948242,127.220001220703,124.720001220703,125.569999694824,115227900,123.250526428223
"3576",124.050003051758,125.860000610352,122.339996337891,124.76000213623,111932600,122.455490112305
"3577",122.879997253418,123.180000305176,120.319999694824,120.529998779297,121229700,118.303611755371
"3578",119.900001525879,121.430000305176,119.680000305176,119.98999786377,185549500,117.773590087891
"3579",120.330001831055,123.870002746582,120.26000213623,123.389999389648,111912300,121.110794067383
"3580",123.330001831055,124.23999786377,122.139999389648,122.540000915527,95467100,120.276489257812
"3581",122.819999694824,122.900001525879,120.069999694824,120.089996337891,88530500,117.87174987793
"3582",119.540000915527,121.660003662109,119,120.589996337891,98844700,118.362503051758
"3583",120.349998474121,121.480003356934,118.919998168945,121.209999084473,94071200,118.971069335938
"3584",121.650001525879,122.580001831055,120.730003356934,121.389999389648,80819200,119.147743225098
"3585",120.110000610352,120.400001525879,118.860000610352,119.900001525879,85671900,117.685264587402
"3586",121.650001525879,123.519996643066,121.150001525879,122.150001525879,118323800,119.893714904785
"3587",123.660003662109,124.180000305176,122.48999786377,123,75089100,120.727996826172
"3588",123.870002746582,126.160003662109,123.069999694824,125.900001525879,88651200,123.574432373047
"3589",126.5,127.129997253418,125.650001525879,126.209999084473,80171300,123.878700256348
"3590",125.830001831055,127.919998168945,125.139999389648,127.900001525879,83466700,125.537490844727
"3591",128.949996948242,130.389999389648,128.520004272461,130.360000610352,88844600,127.952072143555
"3592",129.800003051758,133.039993286133,129.470001220703,133,106686700,130.54328918457
"3593",132.520004272461,132.850006103516,130.630004882812,131.240005493164,91420000,128.815811157227
"3594",132.440002441406,134.660003662109,131.929992675781,134.429992675781,91266500,131.946899414062
"3595",134.940002441406,135,131.660003662109,132.029998779297,87222800,129.591217041016
"3596",133.820007324219,135,133.639999389648,134.5,89347100,132.015579223633
"3597",134.300003051758,134.669998168945,133.279998779297,134.160003662109,84922400,131.681869506836
"3598",133.509994506836,135.470001220703,133.339996337891,134.839996337891,94264200,132.349273681641
"3599",135.020004272461,135.529998779297,131.809997558594,133.110000610352,94812300,130.651245117188
"3600",132.360000610352,133.75,131.300003051758,133.5,68847100,131.034057617188
"3601",133.039993286133,134.149993896484,131.410003662109,131.940002441406,84566500,129.502883911133
"3602",132.160003662109,135.119995117188,132.160003662109,134.320007324219,78657500,131.838928222656
"3603",134.830001831055,135.059997558594,133.559997558594,134.720001220703,66905100,132.231491088867
"3604",135.009994506836,135.410003662109,134.110000610352,134.389999389648,66015800,131.907592773438
"3605",134.309997558594,135.020004272461,133.080001831055,133.580001831055,107760100,131.112564086914
"3606",136.470001220703,137.070007324219,132.449996948242,133.479995727539,151101000,131.014434814453
"3607",131.779998779297,133.559997558594,131.070007324219,131.460006713867,109839500,129.031723022461
"3608",132.039993286133,134.070007324219,131.830001831055,132.539993286133,75135100,130.091781616211
"3609",131.190002441406,131.490005493164,126.699996948242,127.849998474121,137564700,125.488418579102
"3610",129.199996948242,130.449996948242,127.970001220703,128.100006103516,84000900,125.733810424805
"3611",127.889999389648,129.75,127.129997253418,129.740005493164,78128300,127.343521118164
"3612",130.850006103516,131.259994506836,129.479995727539,130.210006713867,78973300,128.021881103516
"3613",129.410003662109,129.539993286133,126.809997558594,126.849998474121,88071200,124.718376159668
"3614",123.5,126.269996643066,122.769996643066,125.910003662109,126142800,123.794166564941
"3615",123.400001525879,124.639999389648,122.25,122.769996643066,112172300,120.706916809082
"3616",124.580001831055,126.150001525879,124.26000213623,124.970001220703,105861300,122.869972229004
"3617",126.25,127.889999389648,125.849998474121,127.449996948242,81918000,125.308288574219
"3618",126.819999694824,126.930000305176,125.169998168945,126.269996643066,74244600,124.148101806641
"3619",126.559997558594,126.98999786377,124.779998779297,124.849998474121,63342900,122.751976013184
"3620",123.160003662109,124.919998168945,122.860000610352,124.690002441406,92612000,122.594665527344
"3621",125.230003356934,127.720001220703,125.099998474121,127.309997558594,76857100,125.170631408691
"3622",127.819999694824,128,125.209999084473,125.430000305176,79295400,123.322235107422
"3623",126.01000213623,127.940002441406,125.940002441406,127.099998474121,63092900,124.964164733887
"3624",127.819999694824,128.320007324219,126.319999694824,126.900001525879,72009500,124.767532348633
"3625",126.959999084473,127.389999389648,126.419998168945,126.849998474121,56575900,124.718376159668
"3626",126.440002441406,127.639999389648,125.080001831055,125.279998779297,94625600,123.174743652344
"3627",125.569999694824,125.800003051758,124.550003051758,124.610000610352,71311100,122.516006469727
"3628",125.080001831055,125.349998474121,123.940002441406,124.279998779297,67637100,122.191558837891
"3629",124.279998779297,125.23999786377,124.050003051758,125.059997558594,59278900,122.958450317383
"3630",124.680000305176,124.849998474121,123.129997253418,123.540000915527,76229200,121.463996887207
"3631",124.069999694824,126.160003662109,123.849998474121,125.889999389648,75169300,123.77449798584
"3632",126.169998168945,126.319999694824,124.830001831055,125.900001525879,71057600,123.784339904785
"3633",126.599998474121,128.460006713867,126.209999084473,126.73999786377,74403800,124.610229492188
"3634",127.209999084473,127.75,126.519996643066,127.129997253418,56877900,124.99365234375
"3635",127.019996643066,128.190002441406,125.940002441406,126.110000610352,71186400,123.99080657959
"3636",126.529998779297,127.440002441406,126.099998474121,127.349998474121,53522400,125.2099609375
"3637",127.819999694824,130.539993286133,127.069999694824,130.479995727539,96906500,128.287368774414
"3638",129.940002441406,130.600006103516,129.389999389648,129.639999389648,62746300,127.461486816406
"3639",130.369995117188,130.889999389648,128.460006713867,130.149993896484,91815000,127.962936401367
"3640",129.800003051758,132.550003051758,129.649993896484,131.789993286133,96721700,129.575317382812
"3641",130.710006713867,131.509994506836,130.240005493164,130.460006713867,108953300,128.267684936523
"3642",130.300003051758,132.410003662109,129.210006713867,132.300003051758,79663300,130.076766967773
"3643",132.130004882812,134.080001831055,131.619995117188,133.979995727539,74783600,131.728546142578
"3644",133.770004272461,134.320007324219,133.229995727539,133.699996948242,60214200,131.453277587891
"3645",134.449996948242,134.639999389648,132.929992675781,133.410003662109,68711000,131.16813659668
"3646",133.460006713867,133.889999389648,132.809997558594,133.110000610352,70783700,130.873138427734
"3647",133.410003662109,135.25,133.350006103516,134.779998779297,62111300,132.515090942383
"3648",134.800003051758,136.490005493164,134.350006103516,136.330001831055,64556100,134.0390625
"3649",136.169998168945,137.410003662109,135.869995117188,136.960006713867,63261400,134.658477783203
"3650",136.600006103516,137.330001831055,135.759994506836,137.270004272461,52485800,134.963287353516
"3651",137.899993896484,140,137.75,139.960006713867,78852600,137.608047485352
"3652",140.070007324219,143.149993896484,140.070007324219,142.020004272461,108181800,139.633453369141
"3653",143.539993286133,144.889999389648,142.660003662109,144.570007324219,104911600,142.140594482422
"3654",141.580001831055,144.059997558594,140.669998168945,143.240005493164,105575500,140.832977294922
"3655",142.75,145.649993896484,142.649993896484,145.110000610352,99890800,142.671524047852
"3656",146.210006713867,146.320007324219,144,144.5,76299700,142.071746826172
"3657",144.029998779297,147.460006713867,143.630004882812,145.639999389648,100827100,143.192596435547
"3658",148.100006103516,149.570007324219,147.679992675781,149.149993896484,127050800,146.643630981445
"3659",149.240005493164,150,147.089996337891,148.479995727539,106820300,145.984878540039
"3660",148.460006713867,149.759994506836,145.880004882812,146.389999389648,93251400,143.930023193359
"3661",143.75,144.070007324219,141.669998168945,142.449996948242,121434600,140.056228637695
"3662",143.460006713867,147.100006103516,142.960006713867,146.149993896484,96350000,143.694030761719
"3663",145.529998779297,146.130004882812,144.630004882812,145.399993896484,74993500,142.956619262695
"3664",145.940002441406,148.199996948242,145.809997558594,146.800003051758,77338200,144.333114624023
"3665",147.550003051758,148.720001220703,146.919998168945,148.559997558594,71447400,146.063552856445
"3666",148.270004272461,149.830001831055,147.699996948242,148.990005493164,72434100,146.486312866211
"3667",149.119995117188,149.210006713867,145.550003051758,146.770004272461,104818600,144.303619384766
"3668",144.809997558594,146.970001220703,142.539993286133,144.979995727539,118931200,142.543701171875
"3669",144.690002441406,146.550003051758,144.580001831055,145.639999389648,56699500,143.192596435547
"3670",144.380004882812,146.330001831055,144.110000610352,145.860000610352,70440600,143.408920288086
"3671",146.360000610352,146.949996948242,145.25,145.520004272461,62880000,143.074615478516
"3672",145.809997558594,148.039993286133,145.179992675781,147.360000610352,64786600,144.883743286133
"3673",147.270004272461,147.789993286133,146.279998779297,146.949996948242,56368300,144.480621337891
"3674",146.979995727539,147.839996337891,146.169998168945,147.059997558594,46397700,144.588775634766
"3675",146.350006103516,147.110000610352,145.630004882812,146.139999389648,54126800,143.899490356445
"3676",146.199996948242,146.699996948242,145.520004272461,146.089996337891,48908700,143.850219726562
"3677",146.440002441406,147.710006713867,145.300003051758,145.600006103516,69023100,143.367782592773
"3678",146.050003051758,146.720001220703,145.529998779297,145.860000610352,48493500,143.623779296875
"3679",146.190002441406,149.050003051758,145.839996337891,148.889999389648,72282600,146.607330322266
"3680",148.970001220703,149.440002441406,148.270004272461,149.100006103516,59375000,146.814147949219
"3681",148.539993286133,151.190002441406,146.470001220703,151.119995117188,103296000,148.803131103516
"3682",150.229995727539,151.679992675781,149.089996337891,150.190002441406,92229700,147.887420654297
"3683",149.800003051758,150.720001220703,146.149993896484,146.360000610352,86326000,144.116119384766
"3684",145.029998779297,148,144.5,146.699996948242,86960300,144.450881958008
"3685",147.440002441406,148.5,146.779998779297,148.190002441406,60549600,145.918075561523
"3686",148.309997558594,150.190002441406,147.889999389648,149.710006713867,60131800,147.414749145508
"3687",149.449996948242,150.860000610352,149.149993896484,149.619995117188,48606400,147.326141357422
"3688",149.809997558594,150.320007324219,147.800003051758,148.360000610352,58991300,146.08544921875
"3689",148.350006103516,149.119995117188,147.509994506836,147.539993286133,48597200,145.278030395508
"3690",147.479995727539,148.75,146.830001831055,148.600006103516,55802400,146.321792602539
"3691",149,153.490005493164,148.610000610352,153.119995117188,90956700,150.772476196289
"3692",152.660003662109,152.800003051758,151.289993286133,151.830001831055,86453100,149.502243041992
"3693",152.830001831055,154.979995727539,152.339996337891,152.509994506836,80313700,150.171813964844
"3694",153.869995117188,154.720001220703,152.399993896484,153.649993896484,71115500,151.294357299805
"3695",153.759994506836,154.630004882812,153.089996337891,154.300003051758,57808700,151.934356689453
"3696",154.970001220703,157.259994506836,154.389999389648,156.690002441406,82278300,154.287750244141
"3697",156.979995727539,157.039993286133,153.979995727539,155.110000610352,74420200,152.731964111328
"3698",155.490005493164,156.110000610352,153.949996948242,154.070007324219,57305700,151.707916259766
"3699",155,155.479995727539,148.699996948242,148.970001220703,140893200,146.686096191406
"3700",150.630004882812,151.419998168945,148.75,149.550003051758,102404300,147.257202148438
"3701",150.350006103516,151.070007324219,146.910003662109,148.119995117188,109296300,145.849105834961
"3702",148.559997558594,149.440002441406,146.369995117188,149.029998779297,83281300,146.745193481445
"3703",148.440002441406,148.970001220703,147.220001220703,148.789993286133,68034100,146.508850097656
"3704",148.820007324219,148.820007324219,145.759994506836,146.059997558594,129868800,143.820693969727
"3705",143.800003051758,144.839996337891,141.270004272461,142.940002441406,123478900,140.748550415039
"3706",143.929992675781,144.600006103516,142.779998779297,143.429992675781,75834000,141.231018066406
"3707",144.449996948242,146.429992675781,143.699996948242,145.850006103516,76404300,143.61393737793
"3708",146.649993896484,147.080001831055,145.639999389648,146.830001831055,64838200,144.578918457031
"3709",145.660003662109,147.470001220703,145.559997558594,146.919998168945,53477900,144.667526245117
"3710",145.470001220703,145.960006713867,143.820007324219,145.369995117188,74150700,143.14128112793
"3711",143.25,144.75,141.690002441406,141.910003662109,108972300,139.734359741211
"3712",142.470001220703,144.449996948242,142.029998779297,142.830001831055,74602000,140.640228271484
"3713",143.660003662109,144.380004882812,141.279998779297,141.5,89056700,139.330612182617
"3714",141.899993896484,142.919998168945,139.110000610352,142.649993896484,94639600,140.463012695312
"3715",141.759994506836,142.210006713867,138.270004272461,139.139999389648,98322000,137.006805419922
"3716",139.490005493164,142.240005493164,139.360000610352,141.110000610352,80861100,138.94660949707
"3717",139.470001220703,142.149993896484,138.369995117188,142,83221100,139.822952270508
"3718",143.059997558594,144.220001220703,142.720001220703,143.289993286133,61732700,141.093185424805
"3719",144.029998779297,144.179992675781,142.559997558594,142.899993896484,58773200,140.709136962891
"3720",142.270004272461,144.809997558594,141.809997558594,142.809997558594,64452200,140.620544433594
"3721",143.229995727539,143.25,141.039993286133,141.509994506836,73035900,139.340469360352
"3722",141.240005493164,141.399993896484,139.199996948242,140.910003662109,78762700,138.74967956543
"3723",142.110000610352,143.880004882812,141.509994506836,143.759994506836,69907100,141.55598449707
"3724",143.770004272461,144.899993896484,143.509994506836,144.839996337891,67940300,142.619384765625
"3725",143.449996948242,146.839996337891,143.160003662109,146.550003051758,85589200,144.303176879883
"3726",147.009994506836,149.169998168945,146.550003051758,148.759994506836,76378900,146.479309082031
"3727",148.699996948242,149.75,148.119995117188,149.259994506836,58418800,146.971649169922
"3728",148.809997558594,149.639999389648,147.869995117188,149.479995727539,61421000,147.188262939453
"3729",149.690002441406,150.179992675781,148.639999389648,148.690002441406,58883400,146.410400390625
"3730",148.679992675781,149.369995117188,147.619995117188,148.639999389648,50720600,146.36116027832
"3731",149.330001831055,150.839996337891,149.009994506836,149.320007324219,60893400,147.030715942383
"3732",149.360000610352,149.729995727539,148.490005493164,148.850006103516,56094900,146.567962646484
"3733",149.820007324219,153.169998168945,149.720001220703,152.570007324219,100077900,150.230911254883
"3734",147.220001220703,149.940002441406,146.410003662109,149.800003051758,124953200,147.503372192383
"3735",148.990005493164,149.699996948242,147.800003051758,148.960006713867,74588300,146.676254272461
"3736",148.660003662109,151.570007324219,148.649993896484,150.020004272461,69122000,147.720016479492
"3737",150.389999389648,151.970001220703,149.820007324219,151.490005493164,54511500,149.167495727539
"3738",151.580001831055,152.429992675781,150.639999389648,150.960006713867,60394600,148.645568847656
"3739",151.889999389648,152.199996948242,150.059997558594,151.279998779297,65463900,149.178085327148
"3740",151.410003662109,151.570007324219,150.160003662109,150.440002441406,55020900,148.349746704102
"3741",150.199996948242,151.429992675781,150.059997558594,150.809997558594,56787900,148.714614868164
"3742",150.020004272461,150.130004882812,147.850006103516,147.919998168945,65187100,145.864761352539
"3743",148.960006713867,149.429992675781,147.679992675781,147.869995117188,4.1e+07,145.815460205078
"3744",148.429992675781,150.399993896484,147.479995727539,149.990005493164,63804000,147.906036376953
"3745",150.369995117188,151.880004882812,149.429992675781,150,59222800,147.915878295898
"3746",149.940002441406,151.490005493164,149.339996337891,151,59256200,148.901992797852
"3747",151,155,150.990005493164,153.490005493164,88807000,151.357376098633
"3748",153.710006713867,158.669998168945,153.050003051758,157.869995117188,137827700,155.676513671875
"3749",157.649993896484,161.020004272461,156.529998779297,160.550003051758,117305600,158.319274902344
"3750",161.679992675781,165.699996948242,161,161.020004272461,117467900,158.782775878906
"3751",161.119995117188,161.800003051758,159.059997558594,161.410003662109,96041900,159.167343139648
"3752",160.75,162.139999389648,159.639999389648,161.940002441406,69463600,159.68994140625
"3753",159.570007324219,160.449996948242,156.360000610352,156.809997558594,76959800,154.631271362305
"3754",159.369995117188,161.190002441406,158.789993286133,160.240005493164,88748200,158.013580322266
"3755",159.990005493164,165.520004272461,159.919998168945,165.300003051758,174048100,163.003326416016
"3756",167.479995727539,170.300003051758,164.529998779297,164.770004272461,152052500,162.480651855469
"3757",158.740005493164,164.199996948242,157.800003051758,163.759994506836,136739200,161.48469543457
"3758",164.020004272461,164.960006713867,159.720001220703,161.839996337891,118023100,159.591354370117
"3759",164.289993286133,167.880004882812,164.279998779297,165.320007324219,107497000,163.023025512695
"3760",169.080001831055,171.580001831055,168.339996337891,171.179992675781,120405400,168.80158996582
"3761",172.130004882812,175.960006713867,170.699996948242,175.080001831055,116998900,172.647384643555
"3762",174.910003662109,176.75,173.919998168945,174.559997558594,108923700,172.134628295898
"3763",175.210006713867,179.630004882812,174.690002441406,179.449996948242,115402700,176.956680297852
"3764",181.119995117188,182.130004882812,175.529998779297,175.740005493164,153237000,173.298248291016
"3765",175.25,177.740005493164,172.210006713867,174.330001831055,139380400,171.907836914062
"3766",175.110000610352,179.5,172.309997558594,179.300003051758,131063300,176.808792114258
"3767",179.279998779297,181.139999389648,170.75,172.259994506836,150185800,169.866592407227
"3768",169.929992675781,173.470001220703,169.690002441406,171.139999389648,195432700,168.762145996094
"3769",168.279998779297,170.580001831055,167.460006713867,169.75,107499100,167.391464233398
"3770",171.559997558594,173.199996948242,169.119995117188,172.990005493164,91185900,170.586456298828
"3771",173.039993286133,175.860000610352,172.149993896484,175.639999389648,92135300,173.199630737305
"3772",175.850006103516,176.850006103516,175.270004272461,176.279998779297,68356600,173.83073425293
"3773",177.089996337891,180.419998168945,177.070007324219,180.330001831055,74919600,177.824462890625
"3774",180.160003662109,181.330001831055,178.529998779297,179.289993286133,79144300,176.798919677734
"3775",179.330001831055,180.630004882812,178.139999389648,179.380004882812,62348900,176.887680053711
"3776",179.470001220703,180.570007324219,178.089996337891,178.199996948242,59773000,175.724029541016
"3777",178.089996337891,179.229995727539,177.259994506836,177.570007324219,64062300,175.102828979492
"3778",177.830001831055,182.880004882812,177.710006713867,182.009994506836,104487900,179.481140136719
"3779",182.630004882812,182.940002441406,179.119995117188,179.699996948242,99310400,177.203216552734
"3780",179.610000610352,180.169998168945,174.639999389648,174.919998168945,94537600,172.489639282227
"3781",172.699996948242,175.300003051758,171.639999389648,172,96904000,169.610198974609
"3782",172.889999389648,174.139999389648,171.029998779297,172.169998168945,86709100,169.777847290039
"3783",169.080001831055,172.5,168.169998168945,172.190002441406,106765600,169.797576904297
"3784",172.320007324219,175.179992675781,170.820007324219,175.080001831055,76138300,172.647384643555
"3785",176.119995117188,177.179992675781,174.820007324219,175.529998779297,74805200,173.091156005859
"3786",175.779998779297,176.619995117188,171.789993286133,172.190002441406,84505800,169.797576904297
"3787",171.339996337891,173.779998779297,171.089996337891,173.070007324219,80440800,170.66535949707
"3788",171.509994506836,172.539993286133,169.410003662109,169.800003051758,90956700,167.440765380859
"3789",170,171.080001831055,165.940002441406,166.229995727539,94815000,163.920379638672
"3790",166.979995727539,169.679992675781,164.179992675781,164.509994506836,91420500,162.224243164062
"3791",164.419998168945,166.330001831055,162.300003051758,162.410003662109,122848900,160.153442382812
"3792",160.020004272461,162.300003051758,154.699996948242,161.619995117188,162294600,159.374420166016
"3793",158.979995727539,162.759994506836,157.020004272461,159.779998779297,115798400,157.559982299805
"3794",163.5,164.389999389648,157.820007324219,159.690002441406,108275300,157.471237182617
"3795",162.449996948242,163.839996337891,158.279998779297,159.220001220703,121954600,157.007781982422
"3796",165.710006713867,170.350006103516,162.800003051758,170.330001831055,179935700,167.963409423828
"3797",170.160003662109,175,169.509994506836,174.779998779297,115541600,172.351547241211
"3798",174.009994506836,174.839996337891,172.309997558594,174.610000610352,86213900,172.183944702148
"3799",174.75,175.880004882812,173.330001831055,175.839996337891,84914300,173.396835327148
"3800",174.479995727539,176.240005493164,172.119995117188,172.899993896484,89418100,170.497695922852
"3801",171.679992675781,174.100006103516,170.679992675781,172.389999389648,82465400,170.211349487305
"3802",172.860000610352,173.949996948242,170.949996948242,171.660003662109,77251200,169.490585327148
"3803",171.729995727539,175.350006103516,171.429992675781,174.830001831055,74829200,172.620529174805
"3804",176.050003051758,176.649993896484,174.899993896484,176.279998779297,71285000,174.052200317383
"3805",174.139999389648,175.479995727539,171.550003051758,172.119995117188,90865900,169.944763183594
"3806",172.330001831055,173.080001831055,168.039993286133,168.639999389648,98670700,166.508758544922
"3807",167.369995117188,169.580001831055,166.559997558594,168.880004882812,86185500,166.745742797852
"3808",170.970001220703,172.949996948242,170.25,172.789993286133,62527400,170.606323242188
"3809",171.850006103516,173.339996337891,170.050003051758,172.550003051758,61177400,170.369354248047
"3810",171.029998779297,171.910003662109,168.470001220703,168.880004882812,69589300,166.745742797852
"3811",169.820007324219,170.539993286133,166.190002441406,167.300003051758,82772700,165.185699462891
"3812",164.979995727539,166.690002441406,162.149993896484,164.320007324219,91162800,162.243347167969
"3813",165.539993286133,166.149993896484,159.75,160.070007324219,90009200,158.047073364258
"3814",152.580001831055,162.850006103516,152,162.740005493164,141147500,160.683334350586
"3815",163.839996337891,165.119995117188,160.869995117188,164.850006103516,91974200,162.766662597656
"3816",163.059997558594,165.419998168945,162.429992675781,165.119995117188,95056600,163.033233642578
"3817",164.699996948242,166.600006103516,161.970001220703,163.199996948242,83474400,161.137512207031
"3818",164.389999389648,167.360000610352,162.949996948242,166.559997558594,79724800,164.455017089844
"3819",168.470001220703,168.910003662109,165.550003051758,166.229995727539,76678400,164.12922668457
"3820",164.490005493164,165.550003051758,162.100006103516,163.169998168945,83737200,161.107894897461
"3821",163.360000610352,165.020004272461,159.039993286133,159.300003051758,96418800,157.286804199219
"3822",158.820007324219,162.880004882812,155.800003051758,157.440002441406,131148300,155.450302124023
"3823",161.479995727539,163.410003662109,159.410003662109,162.949996948242,91454900,160.890640258789
"3824",160.199996948242,160.389999389648,155.979995727539,158.520004272461,105342000,156.516662597656
"3825",158.929992675781,159.279998779297,154.5,154.729995727539,96970100,152.774536132812
"3826",151.449996948242,154.119995117188,150.100006103516,150.619995117188,108732100,148.716491699219
"3827",150.899993896484,155.570007324219,150.380004882812,155.089996337891,92964300,153.129974365234
"3828",157.050003051758,160,154.460006713867,159.589996337891,102300200,157.573120117188
"3829",158.610000610352,161,157.630004882812,160.619995117188,75615400,158.590118408203
"3830",160.509994506836,164.479995727539,159.759994506836,163.979995727539,123511700,161.907638549805
"3831",163.509994506836,166.350006103516,163.009994506836,165.380004882812,95811400,163.289978027344
"3832",165.509994506836,169.419998168945,164.910003662109,168.820007324219,81532000,166.686477661133
"3833",167.990005493164,172.639999389648,167.649993896484,170.210006713867,98062700,168.058929443359
"3834",171.059997558594,174.139999389648,170.210006713867,174.070007324219,90131400,171.870132446289
"3835",173.880004882812,175.279998779297,172.75,174.720001220703,80546200,172.511932373047
"3836",172.169998168945,175.729995727539,172,175.600006103516,90371900,173.380813598633
"3837",176.690002441406,179.009994506836,176.339996337891,178.960006713867,100589400,176.698318481445
"3838",178.550003051758,179.610000610352,176.699996948242,177.770004272461,92633200,175.523376464844
"3839",177.839996337891,178.029998779297,174.399993896484,174.610000610352,103049300,172.403350830078
"3840",174.029998779297,174.880004882812,171.940002441406,174.309997558594,78751300,172.10710144043
"3841",174.570007324219,178.490005493164,174.440002441406,178.440002441406,76468400,176.184906005859
"3842",177.5,178.300003051758,174.419998168945,175.059997558594,73401800,172.847610473633
"3843",172.360000610352,173.630004882812,170.130004882812,171.830001831055,89058800,169.658462524414
"3844",171.160003662109,173.360000610352,169.850006103516,172.139999389648,77594700,169.964538574219
"3845",171.779998779297,171.779998779297,169.199996948242,170.089996337891,76575500,167.940444946289
"3846",168.710006713867,169.029998779297,165.5,165.75,72246700,163.6552734375
"3847",168.020004272461,169.869995117188,166.639999389648,167.660003662109,79265200,165.541137695312
"3848",167.389999389648,171.039993286133,166.770004272461,170.399993896484,70618900,168.246520996094
"3849",170.619995117188,171.270004272461,165.039993286133,165.289993286133,75329400,163.201110839844
"3850",163.919998168945,166.600006103516,163.570007324219,165.070007324219,69023900,162.98388671875
"3851",165.020004272461,167.820007324219,163.910003662109,167.399993896484,67723800,165.284423828125
"3852",168.759994506836,168.880004882812,166.100006103516,167.229995727539,67929800,165.116592407227
"3853",168.910003662109,171.529998779297,165.910003662109,166.419998168945,87227800,164.316802978516
"3854",166.460006713867,167.869995117188,161.5,161.789993286133,84882400,159.745300292969
"3855",161.119995117188,163.169998168945,158.460006713867,162.880004882812,96046400,160.821517944336
"3856",162.25,162.339996337891,156.720001220703,156.800003051758,95623200,154.818389892578
"3857",155.910003662109,159.789993286133,155.380004882812,156.570007324219,88063200,154.59130859375
"3858",159.25,164.520004272461,158.929992675781,163.639999389648,130216800,161.57194519043
"3859",161.839996337891,166.199996948242,157.25,157.649993896484,131747600,155.657638549805
"3860",156.710006713867,158.229995727539,153.270004272461,157.960006713867,123055300,155.963729858398
"3861",158.149993896484,160.710006713867,156.320007324219,159.479995727539,88966500,157.46452331543
"3862",159.669998168945,166.479995727539,159.259994506836,166.020004272461,108256500,163.921890258789
"3863",163.850006103516,164.080001831055,154.949996948242,156.770004272461,130525300,154.788772583008
"3864",156.009994506836,159.440002441406,154.179992675781,157.279998779297,116124600,155.520477294922
"3865",154.929992675781,155.830001831055,151.490005493164,152.059997558594,131577900,150.35888671875
"3866",155.520004272461,156.740005493164,152.929992675781,154.509994506836,115366700,152.781463623047
"3867",153.5,155.449996948242,145.809997558594,146.5,142689800,144.861099243164
"3868",142.770004272461,146.199996948242,138.800003051758,142.559997558594,182602000,140.965179443359
"3869",144.589996337891,148.100006103516,143.110000610352,147.110000610352,113990900,145.464248657227
"3870",145.550003051758,147.520004272461,144.179992675781,145.539993286133,86643800,143.911834716797
"3871",148.860000610352,149.770004272461,146.679992675781,149.240005493164,78336300,147.570434570312
"3872",146.850006103516,147.360000610352,139.899993896484,140.820007324219,109742900,139.244644165039
"3873",139.880004882812,141.660003662109,136.600006103516,137.350006103516,136095600,135.813446044922
"3874",139.089996337891,140.699996948242,132.610000610352,137.589996337891,137426100,136.050750732422
"3875",137.789993286133,143.259994506836,137.649993896484,143.110000610352,117726300,141.509017944336
"3876",140.809997558594,141.970001220703,137.330001831055,140.360000610352,104132700,138.789779663086
"3877",138.429992675781,141.789993286133,138.339996337891,140.520004272461,92482700,138.947982788086
"3878",137.389999389648,144.339996337891,137.139999389648,143.779998779297,90601500,142.171493530273
"3879",145.389999389648,149.679992675781,145.259994506836,149.639999389648,90978500,147.965942382812
"3880",149.070007324219,150.660003662109,146.839996337891,148.839996337891,103718400,147.174911499023
"3881",149.899993896484,151.740005493164,147.679992675781,148.710006713867,74286600,147.046356201172
"3882",147.830001831055,151.270004272461,146.860000610352,151.210006713867,72348100,149.518417358398
"3883",146.899993896484,147.970001220703,144.460006713867,145.380004882812,88570300,143.753616333008
"3884",147.029998779297,148.570007324219,144.899993896484,146.139999389648,71598400,144.505142211914
"3885",144.350006103516,149,144.100006103516,148.710006713867,67808200,147.046356201172
"3886",148.580001831055,149.869995117188,147.460006713867,147.960006713867,53950200,146.304763793945
"3887",147.080001831055,147.949996948242,142.529998779297,142.639999389648,69473000,141.044281005859
"3888",140.279998779297,140.759994506836,137.059997558594,137.130004882812,91437900,135.595932006836
"3889",132.869995117188,135.199996948242,131.440002441406,131.880004882812,122207100,130.404632568359
"3890",133.130004882812,133.889999389648,131.479995727539,132.759994506836,84784300,131.274810791016
"3891",134.289993286133,137.339996337891,132.160003662109,135.429992675781,91533000,133.914916992188
"3892",132.080001831055,132.389999389648,129.039993286133,130.059997558594,108123900,128.60498046875
"3893",130.070007324219,133.080001831055,129.809997558594,131.559997558594,134520300,130.088226318359
"3894",133.419998168945,137.059997558594,133.320007324219,135.869995117188,81000500,134.349990844727
"3895",134.789993286133,137.759994506836,133.910003662109,135.350006103516,73409200,133.835830688477
"3896",136.820007324219,138.589996337891,135.630004882812,138.270004272461,72433800,136.72314453125
"3897",139.899993896484,141.910003662109,139.770004272461,141.660003662109,89116800,140.075241088867
"3898",142.699996948242,143.490005493164,140.970001220703,141.660003662109,70207900,140.075241088867
"3899",142.130004882812,143.419998168945,137.320007324219,137.440002441406,67083400,135.902435302734
"3900",137.460006713867,140.669998168945,136.669998168945,139.229995727539,66242400,137.672424316406
"3901",137.25,138.369995117188,133.770004272461,136.720001220703,98964500,135.190521240234
"3902",136.039993286133,139.039993286133,135.660003662109,138.929992675781,71051600,137.375778198242
"3903",137.770004272461,141.610000610352,136.929992675781,141.559997558594,73353800,139.976333618164
"3904",141.350006103516,144.119995117188,141.080001831055,142.919998168945,74064300,141.321136474609
"3905",143.289993286133,146.550003051758,143.279998779297,146.350006103516,66253700,144.712783813477
"3906",145.259994506836,147.550003051758,145,147.039993286133,64547800,145.39501953125
"3907",145.669998168945,146.639999389648,143.779998779297,144.869995117188,63141600,143.249328613281
"3908",145.759994506836,148.449996948242,145.050003051758,145.860000610352,77588800,144.228240966797
"3909",142.990005493164,146.449996948242,142.119995117188,145.490005493164,71185600,143.862380981445
"3910",144.080001831055,148.949996948242,143.25,148.470001220703,78140700,146.809051513672
"3911",149.779998779297,150.860000610352,148.199996948242,150.169998168945,76259900,148.490020751953
"3912",150.740005493164,151.570007324219,146.699996948242,147.070007324219,81420900,145.424728393555
"3913",147.919998168945,151.229995727539,146.910003662109,151,82982400,149.310760498047
"3914",151.119995117188,153.720001220703,150.369995117188,153.039993286133,64823400,151.327926635742
"3915",154.5,155.570007324219,151.940002441406,155.350006103516,65086600,153.612075805664
"3916",155.389999389648,156.279998779297,153.410003662109,154.089996337891,66675400,152.366180419922
"3917",154.009994506836,155.039993286133,152.279998779297,152.949996948242,53623900,151.23893737793
"3918",152.259994506836,153.089996337891,150.800003051758,151.600006103516,55138700,149.904022216797
"3919",152.580001831055,157.330001831055,152.160003662109,156.789993286133,78620700,155.03596496582
"3920",156.979995727539,157.639999389648,154.410003662109,157.350006103516,81378700,155.589691162109
"3921",161.240005493164,163.630004882812,159.5,162.509994506836,101786900,160.691970825195
"3922",161.009994506836,163.589996337891,160.889999389648,161.509994506836,67829400,159.703186035156
"3923",160.100006103516,162.410003662109,159.630004882812,160.009994506836,59907000,158.219924926758
"3924",160.839996337891,166.589996337891,160.75,166.130004882812,82507500,164.271499633789
"3925",166.009994506836,167.190002441406,164.429992675781,165.809997558594,55474100,163.955062866211
"3926",163.210006713867,165.850006103516,163,165.350006103516,56697000,163.727310180664
"3927",166.369995117188,167.809997558594,164.199996948242,164.869995117188,60276900,163.252014160156
"3928",164.020004272461,165.820007324219,163.25,164.919998168945,63135500,163.301544189453
"3929",167.679992675781,169.339996337891,166.899993896484,169.240005493164,70170500,167.579147338867
"3930",170.059997558594,170.990005493164,168.190002441406,168.490005493164,57149200,166.836502075195
"3931",169.820007324219,172.169998168945,169.399993896484,172.100006103516,68039400,170.411071777344
"3932",171.520004272461,173.389999389648,171.350006103516,173.190002441406,54091700,171.490386962891
"3933",172.779998779297,173.710006713867,171.660003662109,173.029998779297,56377100,171.331939697266
"3934",172.770004272461,176.149993896484,172.570007324219,174.550003051758,79542000,172.837020874023
"3935",173.75,174.899993896484,173.119995117188,174.149993896484,62290100,172.440933227539
"3936",173.029998779297,173.740005493164,171.309997558594,171.520004272461,70346300,169.836776733398
"3937",169.690002441406,169.860000610352,167.139999389648,167.570007324219,69026800,165.925537109375
"3938",167.080001831055,168.710006713867,166.649993896484,167.229995727539,54147100,165.5888671875
"3939",167.320007324219,168.110000610352,166.25,167.529998779297,53841500,165.885940551758
"3940",168.779998779297,170.139999389648,168.350006103516,170.029998779297,51218200,168.361389160156
"3941",170.570007324219,171.050003051758,163.559997558594,163.619995117188,78961000,162.014297485352
"3942",161.149993896484,162.899993896484,159.820007324219,161.380004882812,73314000,159.796310424805
"3943",162.130004882812,162.559997558594,157.720001220703,158.910003662109,77906200,157.350509643555
"3944",160.309997558594,160.580001831055,157.139999389648,157.220001220703,87991100,155.677093505859
"3945",156.639999389648,158.419998168945,154.669998168945,157.960006713867,74229900,156.409851074219
"3946",159.75,160.360000610352,154.970001220703,155.809997558594,76957800,154.280914306641
"3947",156.470001220703,157.089996337891,153.690002441406,154.529998779297,73714800,153.013488769531
"3948",154.820007324219,156.669998168945,153.610000610352,155.960006713867,87449600,154.429473876953
"3949",154.639999389648,156.360000610352,152.679992675781,154.460006713867,84923800,152.944183349609
"3950",155.470001220703,157.820007324219,154.75,157.369995117188,68028800,155.825622558594
"3951",159.589996337891,164.259994506836,159.300003051758,163.429992675781,104956000,161.826156616211
"3952",159.899993896484,160.539993286133,153.369995117188,153.839996337891,122656600,152.330276489258
"3953",154.789993286133,157.100006103516,153.610000610352,155.309997558594,87965400,153.785842895508
"3954",154.649993896484,155.240005493164,151.380004882812,152.369995117188,90481100,150.874710083008
"3955",151.210006713867,151.350006103516,148.369995117188,150.699996948242,162278800,149.221084594727
"3956",149.309997558594,154.559997558594,149.100006103516,154.479995727539,81474200,152.963989257812
"3957",153.399993896484,158.080001831055,153.080001831055,156.899993896484,107689800,155.360229492188
"3958",157.339996337891,158.740005493164,153.600006103516,153.720001220703,101696800,152.211456298828
"3959",152.380004882812,154.470001220703,150.910003662109,152.740005493164,86652500,151.241073608398
"3960",151.190002441406,151.470001220703,148.559997558594,150.429992675781,96029900,148.953750610352
"3961",149.660003662109,153.770004272461,149.639999389648,150.770004272461,93339400,149.290405273438
"3962",152.740005493164,154.720001220703,149.949996948242,151.759994506836,84442700,150.270660400391
"3963",147.639999389648,150.639999389648,144.839996337891,149.839996337891,146691400,148.369522094727
"3964",146.100006103516,146.720001220703,140.679992675781,142.479995727539,128138200,141.081756591797
"3965",141.279998779297,143.100006103516,138,138.199996948242,124925300,136.843734741211
"3966",138.210006713867,143.070007324219,137.690002441406,142.449996948242,114311700,141.052047729492
"3967",145.029998779297,146.220001220703,144.259994506836,146.100006103516,87830100,144.666244506836
"3968",144.070007324219,147.380004882812,143.009994506836,146.399993896484,79471000,144.963272094727
"3969",145.809997558594,147.539993286133,145.220001220703,145.429992675781,68402200,144.002792358398
"3970",142.539993286133,143.100006103516,139.449996948242,140.089996337891,85925600,138.715209960938
"3971",140.419998168945,141.889999389648,138.570007324219,140.419998168945,74899000,139.041976928711
"3972",139.899993896484,141.350006103516,138.220001220703,138.979995727539,77033700,137.616104125977
"3973",139.130004882812,140.360000610352,138.160003662109,138.339996337891,70433700,136.982376098633
"3974",134.990005493164,143.589996337891,134.369995117188,142.990005493164,113224000,141.58674621582
"3975",144.309997558594,144.520004272461,138.190002441406,138.380004882812,88598000,137.022018432617
"3976",141.070007324219,142.899993896484,140.270004272461,142.410003662109,85250900,141.012451171875
"3977",145.490005493164,146.699996948242,140.610000610352,143.75,99136600,142.339294433594
"3978",141.690002441406,144.949996948242,141.5,143.860000610352,61758300,142.448211669922
"3979",143.020004272461,145.889999389648,142.649993896484,143.389999389648,64522000,141.982833862305
"3980",142.869995117188,147.850006103516,142.649993896484,147.270004272461,86548600,145.824737548828
"3981",147.190002441406,150.229995727539,146,149.449996948242,75981900,147.983337402344
"3982",150.089996337891,152.490005493164,149.360000610352,152.339996337891,74732300,150.844985961914
"3983",150.960006713867,151.990005493164,148.039993286133,149.350006103516,88194300,147.884338378906
"3984",148.070007324219,149.050003051758,144.130004882812,144.800003051758,109180200,143.378997802734
"3985",148.199996948242,157.5,147.820007324219,155.740005493164,164762400,154.211654663086
"3986",153.160003662109,154.240005493164,151.919998168945,153.339996337891,97943200,151.835159301758
"3987",155.080001831055,155.449996948242,149.130004882812,150.649993896484,80379300,149.171569824219
"3988",148.949996948242,152.169998168945,145,145.029998779297,93604600,143.606750488281
"3989",142.059997558594,142.800003051758,138.75,138.880004882812,97918500,137.51708984375
"3990",142.089996337891,142.669998168945,134.380004882812,138.380004882812,140814800,137.249298095703
"3991",137.110000610352,139.149993896484,135.669998168945,138.919998168945,83374600,137.784881591797
"3992",140.410003662109,141.429992675781,137.490005493164,139.5,89908500,138.360122680664
"3993",138.5,138.550003051758,134.589996337891,134.869995117188,74917800,133.767974853516
"3994",141.240005493164,146.869995117188,139.5,146.869995117188,118854000,145.669921875
"3995",145.820007324219,150.009994506836,144.369995117188,149.699996948242,93979700,148.476776123047
"3996",148.970001220703,150.279998779297,147.429992675781,148.279998779297,73374100,147.068374633789
"3997",152.220001220703,153.589996337891,148.559997558594,150.039993286133,89868300,148.814025878906
"3998",149.130004882812,149.869995117188,147.289993286133,148.789993286133,64218300,147.57421875
"3999",146.429992675781,151.479995727539,146.149993896484,150.720001220703,80389400,149.488464355469
"4000",152.309997558594,152.699996948242,149.970001220703,151.289993286133,74829600,150.053817749023
"4001",150.160003662109,150.369995117188,147.720001220703,148.009994506836,58724100,146.800598144531
"4002",148.130004882812,150.419998168945,146.929992675781,150.179992675781,51804100,148.952865600586
"4003",149.449996948242,151.830001831055,149.339996337891,151.070007324219,58301400,149.83561706543
"4004",148.309997558594,148.880004882812,147.119995117188,148.110000610352,35195900,146.899765014648
"4005",145.139999389648,146.639999389648,143.380004882812,144.220001220703,69246000,143.041580200195
"4006",144.289993286133,144.809997558594,140.350006103516,141.169998168945,83763800,140.016494750977
"4007",141.399993896484,148.720001220703,140.550003051758,148.029998779297,111380900,146.820419311523
"4008",148.210006713867,149.130004882812,146.610000610352,148.309997558594,71250400,147.098159790039
"4009",145.960006713867,148,145.649993896484,147.809997558594,65447400,146.602233886719
"4010",147.770004272461,150.919998168945,145.770004272461,146.630004882812,68826400,145.431900024414
"4011",147.070007324219,147.300003051758,141.919998168945,142.910003662109,64727200,141.742263793945
"4012",142.190002441406,143.369995117188,140,140.940002441406,69721100,139.788360595703
"4013",142.360000610352,143.520004272461,141.100006103516,142.649993896484,62128300,141.484390258789
"4014",142.339996337891,145.570007324219,140.899993896484,142.160003662109,76097000,140.998413085938
"4015",142.699996948242,144.5,141.059997558594,144.490005493164,70462700,143.309371948242
"4016",149.5,149.970001220703,144.240005493164,145.470001220703,93886200,144.281356811523
"4017",145.350006103516,146.660003662109,141.160003662109,143.210006713867,82291200,142.039825439453
"4018",141.110000610352,141.800003051758,136.029998779297,136.5,98931900,135.384643554688
"4019",136.690002441406,137.649993896484,133.729995727539,134.509994506836,160156900,133.410903930664
"4020",135.110000610352,135.199996948242,131.320007324219,132.369995117188,79592600,131.28840637207
"4021",131.389999389648,133.25,129.889999389648,132.300003051758,77432800,131.218994140625
"4022",132.979995727539,136.809997558594,132.75,135.449996948242,85928000,134.343246459961
"4023",134.350006103516,134.559997558594,130.300003051758,132.229995727539,77852100,131.149520874023
"4024",130.919998168945,132.419998168945,129.639999389648,131.860000610352,63814900,130.78254699707
"4025",131.380004882812,131.410003662109,128.720001220703,130.029998779297,69007800,128.967529296875
"4026",129.669998168945,131.029998779297,125.870002746582,126.040000915527,85438400,125.010124206543
"4027",127.98999786377,130.479995727539,127.730003356934,129.610000610352,75703700,128.550964355469
"4028",128.410003662109,129.949996948242,127.430000305176,129.929992675781,77034200,128.86833190918
"4029",130.279998779297,130.899993896484,124.169998168945,125.069999694824,112117500,124.048049926758
"4030",126.889999389648,128.660003662109,125.080001831055,126.360000610352,89113600,125.327514648438
"4031",127.129997253418,127.769996643066,124.76000213623,125.019996643066,80962700,123.99845123291
"4032",126.01000213623,130.289993286133,124.889999389648,129.619995117188,87754700,128.560882568359
"4033",130.470001220703,133.410003662109,129.889999389648,130.149993896484,70790800,129.086547851562
"4034",130.259994506836,131.259994506836,128.119995117188,130.729995727539,63896200,129.661804199219
"4035",131.25,133.509994506836,130.460006713867,133.490005493164,69458900,132.399261474609
"4036",133.880004882812,134.259994506836,131.440002441406,133.410003662109,71379600,132.319915771484
"4037",132.029998779297,134.919998168945,131.660003662109,134.759994506836,57809700,133.65885925293
"4038",134.830001831055,137.289993286133,134.130004882812,135.940002441406,63646600,134.829223632812
"4039",136.820007324219,138.610000610352,135.029998779297,135.210006713867,69672800,134.105194091797
"4040",134.080001831055,136.25,133.770004272461,135.270004272461,58280400,134.164703369141
"4041",135.279998779297,138.020004272461,134.220001220703,137.869995117188,80223600,136.743469238281
"4042",138.119995117188,143.320007324219,137.899993896484,141.110000610352,81760300,139.956985473633
"4043",140.309997558594,143.160003662109,140.300003051758,142.529998779297,66435100,141.365371704102
"4044",140.889999389648,142.429992675781,138.809997558594,141.860000610352,65799300,140.70085144043
"4045",143.169998168945,144.25,141.899993896484,143.960006713867,54105100,142.783721923828
"4046",143.160003662109,147.229995727539,143.080001831055,145.929992675781,70555800,144.737579345703
"4047",144.960006713867,145.550003051758,142.850006103516,143,64015300,141.83154296875
"4048",142.699996948242,144.339996337891,142.279998779297,144.289993286133,65874500,143.11100769043
"4049",143.970001220703,146.610000610352,141.320007324219,145.429992675781,77663600,144.241668701172
"4050",148.899993896484,151.179992675781,148.169998168945,150.820007324219,118339000,149.587646484375
"4051",148.029998779297,157.380004882812,147.830001831055,154.5,154357300,153.237564086914
"4052",152.570007324219,153.100006103516,150.779998779297,151.729995727539,69858300,150.490203857422
"4053",150.639999389648,155.229995727539,150.639999389648,154.649993896484,83322600,153.386352539062
"4054",153.880004882812,154.580001831055,151.169998168945,151.919998168945,64120100,150.678649902344
"4055",153.779998779297,154.330001831055,150.419998168945,150.869995117188,56007100,149.637222290039
"4056",149.460006713867,151.339996337891,149.220001220703,151.009994506836,57450700,150.004776000977
"4057",150.949996948242,154.259994506836,150.919998168945,153.850006103516,62199000,152.825881958008
"4058",152.119995117188,153.770004272461,150.860000610352,153.199996948242,61707600,152.180191040039
"4059",153.110000610352,155.5,152.880004882812,155.330001831055,65573800,154.296005249023
"4060",153.509994506836,156.330001831055,153.350006103516,153.710006713867,68167900,152.686798095703
"4061",152.350006103516,153,150.850006103516,152.550003051758,59144100,151.534530639648
"4062",150.199996948242,151.300003051758,148.410003662109,148.479995727539,58867200,147.491622924805
"4063",148.869995117188,149.949996948242,147.160003662109,148.910003662109,51011300,147.918762207031
"4064",150.089996337891,150.339996337891,147.240005493164,149.399993896484,48394200,148.405487060547
"4065",147.110000610352,147.190002441406,145.720001220703,146.710006713867,55469600,145.733413696289
"4066",147.710006713867,149.169998168945,147.449996948242,147.919998168945,44998500,146.935317993164
"4067",147.050003051758,149.080001831055,146.830001831055,147.410003662109,50547000,146.428726196289
"4068",146.830001831055,147.229995727539,145.009994506836,145.309997558594,55479000,144.342697143555
"4069",144.380004882812,146.710006713867,143.899993896484,145.910003662109,52238100,144.938720703125
"4070",148.039993286133,151.110000610352,147.330001831055,151.029998779297,70732300,150.024627685547
"4071",153.789993286133,156.300003051758,153.460006713867,153.830001831055,87558000,152.805999755859
"4072",153.699996948242,154.029998779297,151.130004882812,151.600006103516,56182000,150.590866088867
"4073",152.809997558594,153.470001220703,151.830001831055,152.869995117188,47204800,151.852401733398
"4074",153.559997558594,154.539993286133,150.229995727539,150.589996337891,53833600,149.58757019043
"4075",150.210006713867,150.940002441406,147.610000610352,148.5,68572400,147.511474609375
"4076",147.809997558594,153.139999389648,147.699996948242,150.470001220703,84457100,149.468368530273
"4077",151.279998779297,153.399993896484,150.100006103516,152.589996337891,73695900,151.574249267578
"4078",151.190002441406,153.25,149.919998168945,152.990005493164,77167900,151.971588134766
"4079",152.160003662109,156.460006713867,151.639999389648,155.850006103516,76161100,154.812561035156
"4080",156.080001831055,156.740005493164,154.279998779297,155,98944600,153.968200683594
"4081",155.070007324219,157.820007324219,154.149993896484,157.399993896484,73641400,156.352233886719
"4082",157.320007324219,159.399993896484,156.539993286133,159.279998779297,73938300,158.2197265625
"4083",159.300003051758,162.139999389648,157.809997558594,157.830001831055,75701800,156.779373168945
"4084",158.830001831055,161.550003051758,157.679992675781,158.929992675781,67622100,157.872055053711
"4085",158.860000610352,160.339996337891,157.850006103516,160.25,59196500,159.183258056641
"4086",159.940002441406,160.770004272461,157.869995117188,158.279998779297,52390300,157.226379394531
"4087",157.970001220703,158.490005493164,155.979995727539,157.649993896484,45992200,156.600570678711
"4088",159.369995117188,161.050003051758,159.350006103516,160.770004272461,51305700,159.699813842773
"4089",161.529998779297,162.470001220703,161.270004272461,162.360000610352,49501700,161.279220581055
"4090",162.440002441406,165,161.910003662109,164.899993896484,68749800,163.802307128906
"4091",164.270004272461,166.289993286133,164.220001220703,166.169998168945,56976200,165.063873291016
"4092",166.600006103516,166.839996337891,165.110000610352,165.630004882812,46278300,164.527450561523
"4093",164.740005493164,165.050003051758,161.800003051758,163.759994506836,51511700,162.669906616211
"4094",162.429992675781,164.960006713867,162,164.660003662109,45390100,163.563919067383
"4095",161.419998168945,162.029998779297,160.080001831055,162.029998779297,47716900,160.951431274414
"4096",162.350006103516,162.360000610352,160.509994506836,160.800003051758,47644200,159.729614257812
"4097",161.220001220703,162.059997558594,159.779998779297,160.100006103516,50133100,159.034271240234
"4098",161.630004882812,165.800003051758,161.419998168945,165.559997558594,68445600,164.457916259766
"4099",164.589996337891,166.320007324219,163.820007324219,165.210006713867,49386500,164.110260009766
"4100",165.089996337891,165.389999389648,164.029998779297,165.229995727539,41516200,164.130111694336
"4101",166.100006103516,167.410003662109,165.649993896484,166.470001220703,49923000,165.361846923828
"4102",165.800003051758,168.160003662109,165.539993286133,167.630004882812,47720200,166.51416015625
"4103",166.089996337891,167.869995117188,165.559997558594,166.649993896484,52456400,165.540634155273
"4104",165.050003051758,166.449996948242,164.490005493164,165.020004272461,58337300,163.921508789062
"4105",165,165.600006103516,163.889999389648,165.330001831055,41949600,164.229446411133
"4106",165.190002441406,166.309997558594,163.729995727539,163.770004272461,48714100,162.679840087891
"4107",163.059997558594,165.279998779297,162.800003051758,163.759994506836,45498800,162.669906616211
"4108",165.190002441406,168.559997558594,165.190002441406,168.410003662109,64902300,167.288955688477
"4109",168.490005493164,169.850006103516,167.880004882812,169.679992675781,55209200,168.550476074219
"4110",169.279998779297,170.449996948242,168.639999389648,169.589996337891,52472900,168.461074829102
"4111",170.089996337891,170.350006103516,167.539993286133,168.539993286133,48425700,167.418060302734
"4112",169.5,170.919998168945,167.160003662109,167.449996948242,65136000,166.335342407227
"4113",164.889999389648,167.039993286133,164.309997558594,165.789993286133,81235400,164.686370849609
"4114",170.979995727539,174.300003051758,170.759994506836,173.570007324219,113316400,172.414627075195
"4115",172.479995727539,173.850006103516,172.110000610352,173.5,55962800,172.345077514648
"4116",173.050003051758,173.539993286133,171.600006103516,171.770004272461,45326900,170.626586914062
"4117",173.020004272461,174.029998779297,171.899993896484,173.559997558594,53724500,172.404647827148
"4118",173.850006103516,174.589996337891,172.169998168945,173.75,49514700,172.593414306641
"4119",173.619995117188,174.059997558594,171,172.570007324219,45497800,171.658386230469
"4120",173.160003662109,173.210006713867,171.470001220703,172.070007324219,37266700,171.161010742188
"4121",171.990005493164,173.139999389648,171.800003051758,172.070007324219,42110300,171.161010742188
"4122",171.710006713867,172.929992675781,170.419998168945,172.690002441406,57951600,171.777740478516
"4123",173,175.240005493164,172.580001831055,175.050003051758,65496700,174.125274658203
"4124",176.389999389648,176.389999389648,174.940002441406,175.160003662109,55772400,174.23469543457
"4125",173.979995727539,174.710006713867,173.449996948242,174.199996948242,43570900,173.279754638672
"4126",173.130004882812,173.380004882812,171.279998779297,171.559997558594,50747300,170.653701782227
"4127",171.089996337891,172.419998168945,170.520004272461,171.839996337891,45143500,170.932220458984
"4128",172.410003662109,173.899993896484,171.690002441406,172.990005493164,56058300,172.076156616211
"4129",173.320007324219,175.770004272461,173.110000610352,175.429992675781,54835000,174.50325012207
"4130",176.960006713867,178.990005493164,176.570007324219,177.300003051758,55964400,176.363372802734
"4131",177.330001831055,179.350006103516,176.759994506836,177.25,99625300,176.313629150391
"4132",177.699996948242,180.119995117188,176.929992675781,180.089996337891,68901800,179.138626098633
"4133",181.029998779297,181.779998779297,179.259994506836,180.949996948242,61945900,179.994094848633
"4134",182.630004882812,184.949996948242,178.039993286133,179.580001831055,121946500,178.631332397461
"4135",179.970001220703,180.119995117188,177.429992675781,179.210006713867,64848400,178.263290405273
"4136",178.440002441406,181.210006713867,177.320007324219,177.820007324219,61944600,176.880630493164
"4137",177.899993896484,180.839996337891,177.460006713867,180.570007324219,50214900,179.616104125977
"4138",181.5,182.229995727539,180.630004882812,180.960006713867,48870700,180.004043579102
"4139",181.270004272461,183.889999389648,180.970001220703,183.789993286133,54274900,182.819076538086
"4140",182.800003051758,184.149993896484,182.440002441406,183.309997558594,54929100,182.34162902832
"4141",183.369995117188,184.389999389648,182.020004272461,183.949996948242,57462900,182.978240966797
"4142",183.960006713867,186.520004272461,183.779998779297,186.009994506836,65433200,185.027359008789
"4143",186.729995727539,186.990005493164,184.270004272461,184.919998168945,101235600,183.943115234375
"4144",184.410003662109,186.100006103516,184.410003662109,185.009994506836,49799100,184.032638549805
"4145",184.899993896484,185.410003662109,182.589996337891,183.960006713867,49515700,182.988189697266
"4146",183.740005493164,187.050003051758,183.669998168945,187,51245300,186.012145996094
"4147",185.550003051758,187.559997558594,185.009994506836,186.679992675781,53079300,185.693817138672
"4148",186.830001831055,188.050003051758,185.229995727539,185.270004272461,48088700,184.291275024414
"4149",185.889999389648,188.389999389648,185.669998168945,188.059997558594,50730800,187.066513061523
"4150",187.929992675781,189.899993896484,187.600006103516,189.25,51216800,188.250244140625
"4151",189.080001831055,190.070007324219,188.940002441406,189.589996337891,46347300,188.588439941406
"4152",191.630004882812,194.479995727539,191.259994506836,193.970001220703,85069600,192.945327758789
"4153",193.779998779297,193.880004882812,191.759994506836,192.460006713867,31458200,191.443298339844
"4154",191.570007324219,192.979995727539,190.619995117188,191.330001831055,46920300,190.319259643555
"4155",189.839996337891,192.020004272461,189.199996948242,191.809997558594,45094300,190.79670715332
"4156",191.410003662109,192.669998168945,190.240005493164,190.679992675781,46778000,189.672668457031
"4157",189.259994506836,189.990005493164,187.039993286133,188.610000610352,59922200,187.613647460938
"4158",189.160003662109,189.300003051758,186.600006103516,188.080001831055,46638100,187.086456298828
"4159",189.679992675781,191.699996948242,188.470001220703,189.770004272461,60750200,188.767501831055
"4160",190.5,191.190002441406,189.779998779297,190.539993286133,41342300,189.533416748047
"4161",190.229995727539,191.179992675781,189.630004882812,190.690002441406,41573900,189.682647705078
"4162",191.899993896484,194.320007324219,191.809997558594,193.990005493164,50520200,192.965209960938
"4163",193.350006103516,194.330001831055,192.419998168945,193.729995727539,48353800,192.706573486328
"4164",193.100006103516,198.229995727539,192.649993896484,195.100006103516,80507300,194.069351196289
"4165",195.089996337891,196.470001220703,192.5,193.130004882812,59581200,192.109771728516
"4166",194.100006103516,194.970001220703,191.229995727539,191.940002441406,71917800,190.926055908203
"4167",193.410003662109,194.910003662109,192.25,192.75,45377800,191.731750488281
"4168",193.330001831055,194.440002441406,192.919998168945,193.619995117188,37283200,192.59716796875
"4169",193.669998168945,195.639999389648,193.320007324219,194.5,47471900,193.472518920898
"4170",196.020004272461,197.199996948242,192.550003051758,193.220001220703,47460200,192.199279785156
"4171",194.669998168945,196.630004882812,194.139999389648,195.830001831055,48291400,194.795501708984
"4172",196.059997558594,196.490005493164,195.259994506836,196.449996948242,38824100,195.412216186523
"4173",196.240005493164,196.729995727539,195.279998779297,195.610000610352,35175100,194.576644897461
"4174",195.039993286133,195.179992675781,191.850006103516,192.580001831055,50389300,191.562637329102
"4175",191.570007324219,192.369995117188,190.690002441406,191.169998168945,61235200,190.160110473633
"4176",185.520004272461,187.380004882812,181.919998168945,181.990005493164,115799700,181.028610229492
"4177",182.130004882812,183.130004882812,177.350006103516,178.850006103516,97576100,177.905181884766
"4178",179.690002441406,180.270004272461,177.580001831055,179.800003051758,67823000,178.850158691406
"4179",180.869995117188,180.929992675781,177.009994506836,178.190002441406,60378500,177.248657226562
"4180",179.479995727539,180.75,177.600006103516,177.970001220703,54686900,177.029846191406
"4181",177.320007324219,178.619995117188,176.550003051758,177.789993286133,51988100,177.089599609375
"4182",177.970001220703,179.690002441406,177.309997558594,179.460006713867,43675600,178.753036499023
"4183",178.880004882812,179.479995727539,177.050003051758,177.449996948242,43622600,176.750946044922
"4184",177.130004882812,178.539993286133,176.5,176.570007324219,46964900,175.874420166016
"4185",177.139999389648,177.509994506836,173.479995727539,174,66062900,173.314529418945
"4186",172.300003051758,175.100006103516,171.960006713867,174.490005493164,61114200,173.802612304688
"4187",175.070007324219,176.130004882812,173.740005493164,175.839996337891,46311900,175.147277832031
"4188",177.059997558594,177.679992675781,176.25,177.229995727539,42084200,176.531799316406
"4189",178.520004272461,181.550003051758,178.330001831055,181.119995117188,52722800,180.406478881836
"4190",180.669998168945,181.100006103516,176.009994506836,176.380004882812,54945800,175.685150146484
"4191",177.380004882812,179.149993896484,175.820007324219,178.610000610352,51449600,177.906372070312
"4192",180.089996337891,180.589996337891,178.550003051758,180.190002441406,43820700,179.480163574219
"4193",179.699996948242,184.899993896484,179.5,184.119995117188,53003900,183.394653320312
"4194",184.940002441406,187.850006103516,184.740005493164,187.649993896484,60813900,186.910751342773
"4195",187.839996337891,189.119995117188,187.479995727539,187.869995117188,60794500,187.129898071289
"4196",189.490005493164,189.919998168945,188.279998779297,189.460006713867,45732600,188.713653564453
"4197",188.279998779297,189.979995727539,187.610000610352,189.699996948242,45280000,188.952697753906
"4198",188.399993896484,188.850006103516,181.470001220703,182.910003662109,81755800,182.189437866211
"4199",175.179992675781,178.210006713867,173.539993286133,177.559997558594,112488800,176.86051940918
"4200",178.350006103516,180.240005493164,177.789993286133,178.179992675781,65551300,177.478057861328
"4201",180.070007324219,180.300003051758,177.339996337891,179.360000610352,58953100,178.653411865234
"4202",179.490005493164,180.130004882812,174.820007324219,176.300003051758,90370200,175.605484008789
"4203",176.509994506836,177.300003051758,173.979995727539,174.210006713867,84267900,173.523712158203
"4204",174,176.100006103516,173.580001831055,175.740005493164,60895800,175.04768371582
"4205",176.479995727539,176.5,173.820007324219,175.009994506836,109205100,174.320541381836
"4206",176.479995727539,179.380004882812,176.169998168945,177.970001220703,67257600,177.268890380859
"4207",177.520004272461,179.630004882812,177.130004882812,179.070007324219,51826900,178.364562988281
"4208",179.259994506836,179.699996948242,175.399993896484,175.490005493164,58436200,174.79866027832
"4209",174.550003051758,176.300003051758,173.860000610352,173.929992675781,63047900,173.244812011719
"4210",174.669998168945,177.080001831055,174.050003051758,174.789993286133,56725400,174.101409912109
"4211",174.199996948242,176.970001220703,174.149993896484,176.080001831055,46172700,175.386337280273
"4212",174.820007324219,175.199996948242,171.660003662109,171.960006713867,64588900,171.282562255859
"4213",172.619995117188,173.039993286133,169.050003051758,170.429992675781,66921800,169.758590698242
"4214",169.339996337891,172.029998779297,167.619995117188,170.690002441406,56294400,170.017578125
"4215",172.020004272461,173.070007324219,170.339996337891,171.210006713867,51814200,170.535537719727
"4216",171.220001220703,174.300003051758,170.929992675781,173.75,52164500,173.065521240234
"4217",172.259994506836,173.630004882812,170.820007324219,172.399993896484,49594600,171.720840454102
"4218",171.089996337891,174.210006713867,170.970001220703,173.660003662109,53020300,172.975891113281
"4219",173.789993286133,175.449996948242,172.679992675781,174.910003662109,48527900,174.220962524414
"4220",173.800003051758,177.990005493164,173.179992675781,177.490005493164,57224100,176.790802001953
"4221",176.809997558594,179.050003051758,175.800003051758,178.990005493164,42390800,178.284881591797
"4222",178.100006103516,179.720001220703,177.949996948242,178.389999389648,43698000,177.687240600586
"4223",178.199996948242,179.850006103516,177.600006103516,179.800003051758,47551100,179.091674804688
"4224",180.070007324219,182.339996337891,179.039993286133,180.710006713867,56743100,179.998107910156
"4225",181.419998168945,181.929992675781,178.139999389648,178.850006103516,51427100,178.145416259766
"4226",176.75,179.080001831055,176.509994506836,178.720001220703,52517000,178.01594543457
"4227",176.649993896484,178.419998168945,174.800003051758,177.149993896484,57549400,176.452117919922
"4228",175.580001831055,177.580001831055,175.110000610352,175.839996337891,54764400,175.147277832031
"4229",176.039993286133,177.839996337891,175.190002441406,175.460006713867,59302900,174.768798828125
"4230",175.309997558594,175.419998168945,172.639999389648,172.880004882812,64189300,172.198959350586
"4231",170.910003662109,174.009994506836,169.929992675781,173,55980100,172.318481445312
"4232",173.050003051758,173.669998168945,171.449996948242,173.440002441406,43816600,172.756744384766
"4233",171.880004882812,173.059997558594,170.649993896484,171.100006103516,57157000,170.425979614258
"4234",170.369995117188,171.380004882812,165.669998168945,166.889999389648,70625300,166.232559204102
"4235",166.910003662109,168.960006713867,166.830001831055,168.220001220703,58499100,167.557312011719
"4236",169.020004272461,171.169998168945,168.869995117188,170.289993286133,51131000,169.619125366211
"4237",169.350006103516,170.899993896484,167.899993896484,170.770004272461,44846000,170.097259521484
"4238",171,174.229995727539,170.119995117188,173.970001220703,56934900,173.284652709961
"4239",175.520004272461,177.779998779297,175.460006713867,177.570007324219,77334800,176.870483398438
"4240",174.240005493164,176.820007324219,173.350006103516,176.649993896484,79763700,175.954086303711
"4241",176.380004882812,179.429992675781,176.210006713867,179.229995727539,63841300,178.523941040039
"4242",179.179992675781,182.440002441406,178.970001220703,181.820007324219,70530000,181.103729248047
"4243",182.350006103516,183.449996948242,181.589996337891,182.889999389648,49340300,182.169509887695
"4244",182.960006713867,184.119995117188,181.809997558594,182.410003662109,53763500,181.69140625
"4245",183.970001220703,186.570007324219,183.529998779297,186.399993896484,66133400,185.910278320312
"4246",185.820007324219,186.029998779297,184.210006713867,184.800003051758,43627500,184.314483642578
"4247",187.699996948242,188.110000610352,186.300003051758,187.440002441406,60108400,186.947555541992
"4248",187.850006103516,189.5,187.779998779297,188.009994506836,53790500,187.516052246094
"4249",189.570007324219,190.960006713867,188.649993896484,189.710006713867,54412900,189.211608886719
"4250",190.25,190.380004882812,188.570007324219,189.690002441406,50922700,189.191650390625
"4251",189.889999389648,191.910003662109,189.880004882812,191.449996948242,46505100,190.947021484375
"4252",191.410003662109,191.520004272461,189.740005493164,190.639999389648,38134500,190.139144897461
"4253",191.490005493164,192.929992675781,190.830001831055,191.309997558594,39617700,190.807403564453
"4254",190.869995117188,190.899993896484,189.25,189.970001220703,24048300,189.470901489258
"4255",189.919998168945,190.669998168945,188.899993896484,189.789993286133,40552600,189.291366577148
"4256",189.779998779297,191.080001831055,189.399993896484,190.399993896484,38415400,189.899765014648
"4257",190.899993896484,192.089996337891,188.970001220703,189.369995117188,43014200,188.872482299805
"4258",189.839996337891,190.320007324219,188.190002441406,189.949996948242,48794400,189.450958251953
"4259",190.330001831055,191.559997558594,189.229995727539,191.240005493164,45679300,190.737579345703
"4260",189.979995727539,190.050003051758,187.449996948242,189.429992675781,43389500,188.932312011719
"4261",190.210006713867,194.399993896484,190.179992675781,193.419998168945,66628400,192.911849975586
"4262",194.449996948242,194.759994506836,192.110000610352,192.320007324219,41089700,191.814743041992
"4263",193.630004882812,195,193.589996337891,194.270004272461,47477700,193.759628295898
"4264",194.199996948242,195.990005493164,193.669998168945,195.710006713867,53377300,195.195846557617
"4265",193.110000610352,193.490005493164,191.419998168945,193.179992675781,60943700,192.672485351562
"4266",193.080001831055,194.720001220703,191.720001220703,194.710006713867,52696900,194.198471069336
"4267",195.089996337891,198,194.850006103516,197.960006713867,70404200,197.439926147461
"4268",198.020004272461,199.619995117188,196.160003662109,198.110000610352,66831600,197.58952331543
"4269",197.529998779297,198.399993896484,197,197.570007324219,128256700,197.05094909668
"4270",196.089996337891,196.630004882812,194.389999389648,195.889999389648,55751900,195.375366210938
"4271",196.160003662109,196.949996948242,195.889999389648,196.940002441406,40714100,196.422607421875
"4272",196.899993896484,197.679992675781,194.830001831055,194.830001831055,52242800,194.318145751953
"4273",196.100006103516,197.080001831055,193.5,194.679992675781,46482500,194.168518066406
"4274",195.179992675781,195.410003662109,192.970001220703,193.600006103516,37122800,193.091384887695
"4275",193.610000610352,193.889999389648,192.830001831055,193.050003051758,28919300,192.542816162109
"4276",192.490005493164,193.5,191.089996337891,193.149993896484,48087700,192.642547607422
"4277",194.139999389648,194.660003662109,193.169998168945,193.580001831055,34049900,193.071426391602
"4278",193.899993896484,194.399993896484,191.729995727539,192.529998779297,42628800,192.024185180664
"4279",187.149993896484,188.440002441406,183.889999389648,185.639999389648,82488700,185.152282714844
"4280",184.220001220703,185.880004882812,183.429992675781,184.25,58414500,183.765930175781
"4281",182.149993896484,183.089996337891,180.880004882812,181.910003662109,71983600,181.432098388672
"4282",181.990005493164,182.759994506836,180.169998168945,181.179992675781,62303300,180.703994750977
"4283",182.089996337891,185.600006103516,181.5,185.559997558594,59144500,185.072494506836
"4284",183.919998168945,185.149993896484,182.729995727539,185.139999389648,42841800,184.653594970703
"4285",184.350006103516,186.399993896484,183.919998168945,186.190002441406,46792900,185.70085144043
"4286",186.539993286133,187.050003051758,183.619995117188,185.589996337891,49128400,185.102416992188
"4287",186.059997558594,186.740005493164,185.190002441406,185.919998168945,40444700,185.431549072266
"4288",182.160003662109,184.259994506836,180.929992675781,183.630004882812,65603000,183.147567749023
"4289",181.270004272461,182.929992675781,180.300003051758,182.679992675781,47317400,182.200057983398
"4290",186.089996337891,189.139999389648,185.830001831055,188.630004882812,78005800,188.134429931641
"4291",189.330001831055,191.949996948242,188.820007324219,191.559997558594,68741000,191.056732177734
"4292",192.300003051758,195.330001831055,192.259994506836,193.889999389648,60133900,193.380599975586
"4293",195.020004272461,195.75,193.830001831055,195.179992675781,42355600,194.667221069336
"4294",195.419998168945,196.380004882812,194.339996337891,194.5,53631300,193.988998413086
"4295",195.220001220703,196.270004272461,193.110000610352,194.169998168945,54822100,193.659881591797
"4296",194.270004272461,194.759994506836,191.940002441406,192.419998168945,44594000,191.914474487305
"4297",192.009994506836,192.199996948242,189.580001831055,191.729995727539,47145600,191.226272583008
"4298",190.940002441406,191.800003051758,187.470001220703,188.039993286133,55859400,187.545974731445
"4299",187.039993286133,187.100006103516,184.350006103516,184.399993896484,55467800,183.915542602539
"4300",183.990005493164,186.949996948242,183.820007324219,186.860000610352,64885400,186.369094848633
"4301",179.860000610352,187.330001831055,179.25,185.850006103516,102518000,185.361740112305
"4302",188.149993896484,189.25,185.839996337891,187.679992675781,69668800,187.186920166016
"4303",186.860000610352,189.309997558594,186.770004272461,189.300003051758,43490800,188.802673339844
"4304",190.639999389648,191.050003051758,188.610000610352,189.410003662109,53439000,188.912384033203
"4305",189.389999389648,189.539993286133,187.350006103516,188.320007324219,40962000,187.825256347656
"4306",188.649993896484,189.990005493164,188,188.850006103516,45155200,188.594207763672
"4307",188.419998168945,188.669998168945,186.789993286133,187.149993896484,41781900,186.896499633789
"4308",185.770004272461,186.210006713867,183.509994506836,185.039993286133,56529500,184.789352416992
"4309",185.320007324219,185.529998779297,182.440002441406,184.149993896484,54630500,183.90055847168
"4310",183.550003051758,184.490005493164,181.350006103516,183.860000610352,65434500,183.610961914062
"4311",183.419998168945,184.850006103516,181.669998168945,182.309997558594,49701400,182.063049316406
"4312",181.789993286133,182.429992675781,180,181.559997558594,53665600,181.314071655273
"4313",181.940002441406,182.889999389648,180.660003662109,182.320007324219,41529700,182.073059082031
"4314",183.479995727539,184.960006713867,182.460006713867,184.369995117188,52292200,184.120269775391
"4315",185.009994506836,185.039993286133,182.229995727539,182.520004272461,45119700,182.27278137207
"4316",182.240005493164,182.759994506836,180.649993896484,181.160003662109,40867400,180.914627075195
"4317",181.100006103516,183.919998168945,179.559997558594,182.630004882812,54318900,182.382629394531
"4318",182.509994506836,183.119995117188,180.130004882812,181.419998168945,48953900,181.174255371094
"4319",181.270004272461,182.570007324219,179.529998779297,180.75,136682600,180.505172729492
"4320",179.550003051758,180.529998779297,177.380004882812,179.660003662109,73488000,179.416656494141
"4321",176.149993896484,176.899993896484,173.789993286133,175.100006103516,81510100,174.862823486328
"4322",170.759994506836,172.039993286133,169.619995117188,170.119995117188,95132400,169.889572143555
"4323",171.059997558594,171.240005493164,168.679992675781,169.119995117188,68587700,168.890914916992
"4324",169.149993896484,170.729995727539,168.490005493164,169,71765100,168.771087646484
"4325",169,173.699996948242,168.940002441406,170.729995727539,76114600,170.498733520508
"4326",172.940002441406,174.380004882812,172.050003051758,172.75,60139500,172.516006469727
"4327",173.149993896484,174.029998779297,171.009994506836,173.229995727539,59825400,172.995346069336
"4328",172.770004272461,173.190002441406,170.759994506836,171.130004882812,52488700,170.898208618164
"4329",172.910003662109,174.309997558594,172.050003051758,173,72913500,172.765670776367
"4330",171.169998168945,172.619995117188,170.289993286133,172.619995117188,121664700,172.386184692383
"4331",175.570007324219,177.710006713867,173.520004272461,173.720001220703,75604200,173.48469543457
"4332",174.339996337891,176.610000610352,173.029998779297,176.080001831055,55215200,175.841491699219
"4333",175.720001220703,178.669998168945,175.089996337891,178.669998168945,53423100,178.427993774414
"4334",177.050003051758,177.490005493164,170.839996337891,171.369995117188,106181300,171.137878417969
"4335",171.759994506836,173.050003051758,170.059997558594,172.279998779297,71106600,172.046646118164
"4336",170.570007324219,171.940002441406,169.449996948242,170.850006103516,54288300,170.618591308594
"4337",170,171.419998168945,169.580001831055,169.710006713867,57388400,169.480133056641
"4338",170.410003662109,173.600006103516,170.110000610352,173.309997558594,60273300,173.075241088867
"4339",171.75,172.229995727539,170.509994506836,171.479995727539,65672700,171.24772644043
"4340",171.190002441406,171.25,169.479995727539,170.029998779297,46240500,169.799697875977
"4341",169.080001831055,169.339996337891,168.229995727539,168.839996337891,49329500,168.611297607422
"4342",168.789993286133,170.679992675781,168.580001831055,169.649993896484,47691700,169.420196533203
"4343",170.289993286133,171.919998168945,168.820007324219,168.820007324219,53704400,168.591339111328
"4344",169.589996337891,170.389999389648,168.949996948242,169.580001831055,42055200,169.350296020508
"4345",169.029998779297,169.199996948242,168.240005493164,168.449996948242,37425500,168.221832275391
"4346",168.699996948242,170.080001831055,168.350006103516,169.669998168945,42451200,169.440170288086
"4347",168.800003051758,169.089996337891,167.110000610352,167.779998779297,49709300,167.552734375
"4348",168.339996337891,175.460006713867,168.160003662109,175.039993286133,91070300,174.80290222168
"4349",174.259994506836,178.360000610352,174.210006713867,176.550003051758,101593300,176.31086730957
"4350",175.360000610352,176.630004882812,172.5,172.690002441406,73531800,172.456085205078
"4351",171.75,173.759994506836,168.270004272461,169.380004882812,73711200,169.150573730469
"4352",169.610000610352,170.649993896484,168,168,50901200,167.772445678711
"4353",168.029998779297,168.639999389648,166.550003051758,167.039993286133,43122900,166.813735961914
"4354",166.210006713867,166.399993896484,164.080001831055,165,67772100,164.776504516602
"4355",165.520004272461,167.259994506836,164.770004272461,165.839996337891,48116400,165.615356445312
"4356",165.350006103516,167.050003051758,164.919998168945,166.899993896484,49537800,166.673919677734
"4357",166.539993286133,169.300003051758,166.210006713867,169.020004272461,48251800,168.791061401367
"4358",169.529998779297,170.610000610352,168.149993896484,169.889999389648,50558300,169.659881591797
"4359",169.880004882812,171.339996337891,169.179992675781,169.300003051758,44838400,169.070678710938
"4360",173.369995117188,176.029998779297,173.100006103516,173.5,68169400,173.264984130859
"4361",173.330001831055,174.990005493164,170,170.330001831055,65934800,170.09928894043
"4362",169.580001831055,172.710006713867,169.110000610352,169.300003051758,50383100,169.070678710938
"4363",172.509994506836,173.419998168945,170.889999389648,173.029998779297,94214900,172.795623779297
"4364",186.649993896484,187,182.660003662109,183.380004882812,163224100,183.131607055664
"4365",182.350006103516,184.199996948242,180.419998168945,181.710006713867,78569700,181.463882446289
"4366",183.449996948242,184.899993896484,181.320007324219,182.399993896484,77305800,182.152923583984
"4367",182.850006103516,183.070007324219,181.449996948242,182.740005493164,45057100,182.492477416992
"4368",182.559997558594,184.660003662109,182.110000610352,184.570007324219,48983000,184.320007324219
"4369",184.899993896484,185.089996337891,182.130004882812,183.050003051758,50759500,183.050003051758
"4370",185.440002441406,187.100006103516,184.619995117188,186.279998779297,72044800,186.279998779297
"4371",187.509994506836,188.300003051758,186.289993286133,187.429992675781,52393600,187.429992675781
"4372",187.910003662109,190.649993896484,187.369995117188,189.720001220703,70400000,189.720001220703
"4373",190.470001220703,191.100006103516,189.660003662109,189.839996337891,52845200,189.839996337891
"4374",189.509994506836,190.809997558594,189.179992675781,189.869995117188,41282900,189.869995117188
"4375",189.330001831055,191.919998168945,189.009994506836,191.039993286133,44361300,191.039993286133
"4376",191.089996337891,192.729995727539,190.919998168945,192.350006103516,42309400,192.350006103516
"4377",192.270004272461,192.820007324219,190.270004272461,190.899993896484,34648500,190.899993896484
"4378",190.979995727539,191,186.630004882812,186.880004882812,51005900,186.880004882812
"4379",188.820007324219,190.580001831055,188.039993286133,189.979995727539,36294600,189.979995727539
